:020000040000FA
:1030200002490401020408000101000201CA8100F2
:1030300001000200040008001001020408494300D6
:10304000EF222202016F58C22830140D30280812D6
:10305000015C0E12017390C214222202013B3B025A
:10306000018D930200B5D602017DE0020154B90240
:1030700001A6170201C20B0201C3C30201BE05ED86
:10308000D2E7CD33EC3392D524814006E4FFFEFD38
:10309000FC22FCE4CFCECDCC24E0501174FF80EDB7
:1030A000C3CC13CCCD13CDCE13CECF13CF0470F041
:1030B00030D5DE020037FFF920E73624F9500379D6
:1030C00007E4F42402FBE582158270021583DBF627
:1030D000E024FB501BE96014E4F0E58215827002E5
:1030E0001583E004F0B40A08E4F0D9EE7401F00AA4
:1030F00022C2D522ED33EC3392D5FA602AB4FF33E5
:10310000EDC2E77B8160067A317919E4227A317960
:103110002220D5047A31791D224E614E002B494E72
:1031200046002D494E4600E47A08F0A3DAFC7B0005
:10313000740722C093C083C082ECC0E0EDC0E0EE13
:10314000C0E0EFC0E0EA75F010A4CAABF075F04D36
:10315000A42BFBE435F0FCEA2410FAEB34C5FBECBD
:1031600034D9FCEDC2E7FF75F056A4F42411C5F084
:10317000F434C58FF0A42AE5F03BE43CF020E716D8
:10318000120034E5D0E0FFD0E0FED0E0FDD0E0FC5E
:10319000120034138016F404120034E5D0E0FFD09E
:1031A000E0FED0E0FDD0E0FC12003301D082D083FD
:1031B000D093E0FAEDD2E7CD33EC332482FBE4C3C5
:1031C000CF33CFCE33CECD33CD33DBF37B0775F0AA
:1031D0000A846004F0A31B0AE5F0F0A38FF0740AE0
:1031E000A4FFACF08EF0740AA42CFEACF050010CDD
:1031F0008DF0740AA42CFDE435F0F0A3DBDE740737
:103200002202003560E86480F8E933E83360110495
:1032100060EFED33EC337009E8FCE9FDEAFEEBFF0B
:10322000220460DDD3EB9FEA9EE99DE8C2E78CF0C3
:10323000C2F795F0400CE8CCF8E9CDF9EACEFAEB0C
:10324000CFFB1200352B85D0F05804700320D5B188
:10325000E80470085002B2D50200356A92D5EC0439
:1032600060F6E4CCC0E0C398F8603C941860094074
:103270000ED0E0FB02003542E4FBFAC9FC8028E8EE
:1032800030E406E4C9FBE4CAFCE830E305E4C9CA5B
:10329000CBFCE854076010F8C3E913F9EA13FAEB22
:1032A00013FBEC13FCD8F130F531C3E49CFCEF9B2D
:1032B000FFEE9AFEED99FDD0E0FBEF4E4D4C701302
:1032C00022DB0402003567EC2CFCEF33FFEE33FE0B
:1032D000ED33FDED30E7EA02003542EF2BFFEE3A29
:1032E000FEED39FDD0E0FB50140BBB0004020035AD
:1032F0006AED13FDEE13FEEF13FFEC13FC02003535
:1033000042EC4D6011E8497018ED33EC3304600D68
:10331000E4FCFFFEFD22E933E8330470F8020035D7
:10332000601200352B58046009E4CC248150072832
:10333000500B0200356A28400402003567C0E0EBFC
:103340004A7046B98007D0E0FB02003556EF4E7058
:103350001DBD8008EBFFEAFEE9FD80EAE98DF0A4DF
:10336000FEE5F0020033F0E9CDF9EAFEEBFFEF896C
:10337000F0A4FCE5F0CE89F0A42EFFE435F0CD8971
:10338000F0A42DFEE435F08067EF4E7005BD80D7C8
:1033900080C2EF8BF0A4ACF0EE8BF0A42CFCE435F3
:1033A000F0F8EF8AF0A42CE5F038FCE433CB8DF094
:1033B000A42CFCE5F03BF8EE8AF0A42CFCE5F038F8
:1033C000F8E433CF89F0A42CFCE5F038CF3400CEFC
:1033D00089F0A42FFFE5F03EFEE433C98DF0A42E62
:1033E000FEE5F039CD8AF0A42FFFE5F03EFEE43D86
:1033F000FD33D0E0FB50080BBB00100200356AEC37
:103400002CFCEF33FFEE33FEED33FD0200354202BC
:1034100000356AEC5D046005E8590470040200356B
:10342000601200352B580460F4EC4860F0EC700436
:10343000FDFEFF22C860D82481C8500AC3986002EC
:103440005007020035679850C6F582E9294B4A704B
:1034500006AB820200355675F0007C1A7880C3EF07
:103460009BEE9AED99400DC3EF9BFFEE9AFEED990E
:10347000FDE842F0DC24ACF0D0E0FFD0E0FED0E08C
:10348000FDAB8220E7101BEB60B8EC2CFCEF33FFA8
:10349000EE33FEED33FD02003542E803F830E70578
:1034A000C0F075F000EF2FFFEE33FEED33FD40B7B7
:1034B00030E7C180A93F8000004120000042C800E1
:1034C00000447A0000461C400047C3500049742461
:1034D000004B1896804CBEBC205A0E1BCA6753C2C4
:1034E0001C749DC5AEFB60065407602023231200A8
:1034F0003518EB5438600C120035031200351312E6
:10350000003301ECF8EDF9EEFAEFCB22EB120035C7
:103510001380F0543803241C900034B5FE93FC0E45
:10352000EE93FD0EEE930ECE93FF22E9D2E7C93360
:10353000E833F892D5EDD2E7CD33EC33FC5002B24C
:10354000D522EC30E7100FBF000C0EBE00080DBDF9
:1035500000040BEB6014A2D5EB13FCED92E7FD2207
:1035600074FFFCFDFEFF22E480F8A2D574FF13FC7B
:103570007D80E480EFEB7008E709F608DFFA801B36
:1035800089828A831410E70AF593E0A3F608DFFA2C
:103590008009F593E493A3F608DFF9ECFAA9F0EDBE
:1035A000FB2288F0EF60010E4E60F088F0ED60C500
:1035B0001410E7E7CB700E88828C838B93E709F0B9
:1035C000A3DFFA80D61410E72A89828A83F593EC68
:1035D000FAE0A3C8C582C8CCC583CCCBC593CBF0D9
:1035E000A3C8C582C8CCC583CCCBC593CBDFE2DEF4
:1035F000E080AA89828A83F593ECFAE493A3C8C594
:1036000082C8CCC583CCCBC593CBF0A3C8C582C838
:10361000CCC583CCCBC593CBDFE1DEDF0200359D8B
:10362000EB7002E72289828A831410E704F593E0A5
:1036300022F593E49322BB000327F722F8EB89825B
:103640008A831410E706F593E028F022F593E493BB
:103650002822BB0002F722BB8000500989828A839E
:103660008B931593F022EF8DF0A4A8F0CF8CF0A4EB
:1036700028CE8DF0A42EFE22BC000BBE0029EF8DBB
:10368000F084FFADF022E4CCF875F008EF2FFFEEE8
:1036900033FEEC33FCEE9DEC984005FCEE9DFE0FF6
:1036A000D5F0E9E4CEFD22EDF8F5F0EE008420D26D
:1036B0001CFEADF075F008EF2FFFED33FD400798CD
:1036C0005006D5F0F222C398FD0FD5F0EA22C5F0DE
:1036D000F8A3E028F0C5F0F8E582158270021583A2
:1036E000E038F022EB7007E7F5F009E7192289824C
:1036F0008A831410E708F593E0F5F0A3E022F59330
:10370000E493F5F074019322BB0006F709A7F019C2
:1037100022BB8000500D89828A838B931593F0E53C
:10372000F0A3F022EF2BFFEE3AFEED39FDEC38FC72
:103730002275F008758200EF2FFFEE33FECD33CDFA
:10374000CC33CCC58233C5829BED9AEC99E5829847
:10375000400CF582EE9BFEED9AFDEC99FC0FD5F046
:10376000D6E4CEFBE4CDFAE4CCF9A88222B800C1BD
:10377000B90059BA002DEC8BF084CFCECDFCE5F02A
:10378000CBF97818EF2FFFEE33FEED33FDEC33FC71
:10379000EB33FB10D703994004EB99FB0FD8E5E41A
:1037A000F9FA227818EF2FFFEE33FEED33FDEC33FC
:1037B000FCC933C910D7059BE99A4007EC9BFCE98B
:1037C0009AF90FD8E0E4C9FAE4CCFB2275F010EFC7
:1037D0002FFFEE33FEED33FDCC33CCC833C810D70A
:1037E000079BEC9AE899400AED9BFDEC9AFCE8995E
:1037F000F80FD5F0DAE4CDFBE4CCFAE4C8F922C343
:10380000E49FFFE49EFEE49DFDE49CFC22E8600F43
:10381000ECC313FCED13FDEE13FEEF13FFD8F12202
:10382000E8600FEFC333FFEE33FEED33FDEC33FC06
:10383000D8F122E0FCA3E0FDA3E0FEA3E0FF22E03C
:10384000F8A3E0F9A3E0FAA3E0FB22ECF0A3EDF08B
:10385000A3EEF0A3EFF022A42582F582E5F03583F4
:10386000F58322E0FBA3E0FAA3E0F922F8E0FBA352
:10387000A3E0F925F0F0E582158270021583E0FAE5
:1038800038F022EBF0A3EAF0A3E9F022EB7006E9AE
:10389000F802003AA889828A831410E706F5930299
:1038A000003863F59302003ABABB001CD093D0F005
:1038B000D0E0F8D0E0C9FBD0E0FAD0E0CBC8C0E05F
:1038C000C0F0C09302003AB1BB80005022D093D028
:1038D000F0D0E0F8D0E0C9F582D0E0CAF583D0E0BE
:1038E000CB14C8C0E0C0F0C093889302003883D0E6
:1038F00093D083D082D0E0D0E0D0E0E473D093D0F6
:1039000083D082F8E4937012740193700DA3A39393
:10391000F8740193F5828883E4737402936860EF0E
:10392000A3A3A380DF8B938A838982159353937F0C
:10393000E473EB700C87F009E608B5F019DFF68048
:103940001589828A831410E711F593E0F5F0A3E658
:1039500008B5F002DFF5020039E3F593E493F5F0E2
:10396000A3E608B5F07DDFF48079CB701388828CF4
:10397000838B9387F009E493A3B5F067DFF5806349
:103980001410E73089828A83F593ECFAE0F5F0A30E
:10399000C8C582C8CCC583CCCBC593CBE493A3C8A0
:1039A000C582C8CCC583CCCBC593CBB5F035DFDCA5
:1039B000DEDA802F89828A83F593ECFAE493F5F0BE
:1039C000A3C8C582C8CCC583CCCBC593CBE493A395
:1039D000C8C582C8CCC583CCCBC593CBB5F004DFBA
:1039E000DBDED97FFFB5F0020F2240027F01220209
:1039F0000039320200396A88F0EF60010E4E60EE45
:103A0000ED60EC1410E7ECCB701288828C83F59398
:103A100087F009E0A3B5F0CBDFF680C71410E72FDD
:103A200089828A83F593ECFAE0F5F0A3C8C582C8D1
:103A3000CCC583CCCBC593CBE0A3C8C582C8CCC5CD
:103A400083CCCBC593CBB5F09ADFDDDEDB809489E8
:103A5000828A83F593ECFAE493F5F0A3C8C582C893
:103A6000CCC583CCCBC593CBE0A3C8C582C8CCC59D
:103A700083CCCBC593CBB5F004DFDCDEDA020039B2
:103A8000E3EF4E6022EF60010EEDBB0007F709DFA8
:103A9000FCA9F022BB8000500E89828A838B93158B
:103AA00093F0A3DFFCDEFA22E6FB08E6FA08E6F96B
:103AB00022EBF608EAF608E9F622E493FB74019398
:103AC000FA740293F92241613F004161480041616B
:103AD0004300416142004161490041614700416545
:103AE0004900425210000042521900004252170091
:103AF000004152120042520E000042521500004294
:103B0000521300000143004164DF004164E00041C2
:103B100047F00060904C0F0042003E3C3A3B456845
:103B200043413F3D2B356769E2E188E0141E006A9E
:103B3000001D16041A1F006B061B070821208C6C41
:103B40002C1909171522686D11050B0A1C23696EC3
:103B500000100D1824256A6F360E0C1227260070EF
:103B600037380F33132D00718734032F2E0072392D
:103B7000E5283000310094006493928A002A8B007B
:103B800059895C5F85000062635A5D5E6029534419
:103B9000575B56556147000000004046000000009A
:103BA0000000000000000060A54B6A00000000005B
:103BB0000000000000000000000000BEE60000E47D
:103BC000B40000C4000000000000E3C3B900B70067
:103BD0000000E7C20000BC00920065C100B800B65A
:103BE0000000B0C000BFB5000000B1BD0000000083
:103BF000000000BB00540000B30000BA0000000049
:103C0000000000000058000000B2000000000000AA
:103C1000006600004D00504A000000494C51004F22
:103C200052004800004E00464B4800040102444543
:103C30003A3B3C3D3E3F40411E1F2000000000003B
:103C4000787665756677747E797A7C7D7B7F8180F6
:103C5000603F49E302810002820002830003B50055
:103C600003B60003B70003CD0003E20003E900033D
:103C7000EA00038301038A010392010394010321F3
:103C80000203230203240203250203260203270260
:103C9000032A024150AF0149520500000000000014
:103CA0001E001E44608411111111446075808080D3
:103CB0008044607B0104020844607F0004020648DF
:103CC0005E2E0010203040506070485E7680818209
:103CD0008384858687485E7E90919293949596978B
:103CE00060405E36A0A1A2A3A4A5A6A7A8A9AAABDE
:103CF000ACADAEAFB0B1B2B3B4B5B6B7B8B9BABB8C
:103D0000BCBDBEBFC0C1C2C3C4C5C6C7C8C9CACB7B
:103D1000CCCDCECFD0D1D2D3D4D5D6D7D8D9DADB6B
:103D2000DCDDDEDF4160350041604B0041604A0070
:103D30004160340044604600000000525DBA120148
:103D4000010109000008950B04681200010203013B
:103D500060405D7A2A0356006900720074007500A5
:103D600061006C0020004800550042002000560011
:103D7000650072003A0030002E0030003100000073
:103D80000000000000000000000000000000000033
:103D90000000000060205D5A0A034D0054004B00F3
:103DA00020000000000000000000000000000000F3
:103DB000000000000000000052542B12011001000E
:103DC000000008950B0668020001020301605454CC
:103DD0003D09025400030100A00109040000010391
:103DE000010100092110010001223F0007058103A4
:103DF000080001090401000103010200092110016A
:103E00000001226E00070582030700010904020079
:103E10000103010200092110010001225D000705D4
:103E20008303070001603F549505010906A10105C0
:103E30000719E029E715002501750195088102950C
:103E4000017508810195057501050819012905917C
:103E50000295017503910195067508150025680501
:103E600007190029688100C0606E54D40501090259
:103E7000A10185010901A101050919012905150003
:103E800025017501950581027503950181010501E3
:103E90000930093109381581257F75089503810698
:103EA000C0C005010980A10185020501198129838E
:103EB00015002501950375018106950175058101A0
:103EC000C0050C0901A101850319002A3C02150057
:103ED000263C02751095018100C0605D55420501C8
:103EE0000902A10185040901A1000509190129059B
:103EF0001500250175019505810275019503810164
:103F000075089501050109381581257F8106C009CD
:103F100001A1000501093015002600043500460006
:103F20000475109501810209311500260003350042
:103F3000460003751095018102C0C04454910403EA
:103F40000904602255FF2203410053004900580034
:103F5000200045006C0065006300740072006F0073
:103F60006E00690063007300604055BF2A0356006D
:103F7000690072007400750061006C002000480048
:103F80004900440020005600650072003A003000ED
:103F90002E00300031000000000000000000000092
:103FA0000000000000000000000000006020559F9D
:103FB0000A034100530049005800000000000000BF
:103FC00000000000000000000000000000000000F1
:103FD0004430F1010204085430DD14034D0069003F
:103FE000630072006F0073006F0066007400485B2E
:103FF000AB0102040810204080445AAA1A1C1E205B
:10400000445AA512141618425AE00000C117C115EF
:10401000C116415ADF00415AAE07415AA900496012
:104020009E030000000000000000415C9000602A38
:104030005C9D00810082008300B500B600B700CD12
:1040400000E200E900EA0183018A01920194022161
:1040500002230224022502260227022A495F810048
:104060000000000000640064495F6F000000000071
:10407000000200024F5FEA20FF803F0000000000C6
:104080000000000000004F5FCD20FF800000000016
:104090000000000000000000475FDC10000F200956
:1040A0000000475FE310000F200000004264490950
:1040B000DA42644B90C05A4CC2000100010001007A
:1040C0000100010001000100040020006400320032
:1040D0001900115A4CA80001000100010001000163
:1040E000000100010002001000320019000C00085D
:1040F0004D4F4C080C101820305E1A1A646464642A
:104100004D4E3F0406080C10182F1A1A646464649C
:10411000424CA50000424CE30000424CE10000414B
:104120004CA700424CA30000424CDF0000424CDD93
:104130000000605A4CE531324D000000384D00005F
:104140000000364D00000000344D00000000334DEB
:1041500000000000324D00000000314D0000000062
:104160003932314B00003131354B000039363030B7
:1041700000003139323030003338343030003537D8
:104180003630300000000000000000000000000099
:10419000C122C121445E9C03020100425E880000EE
:1041A000425E860000425ED9000060385EA0AA55DB
:1041B0000601CC330000AA550602CC330000AA55F4
:1041C000070301000000AA55050401000000AA55DC
:1041D000050501000000AA55050601000000AA55CA
:1041E000050701000000C11AC118C119415D59003D
:1041F000415CF801415D4401415D040F415D0600F1
:10420000415CF501415D3900415CED47415CCA000C
:10421000415D4B00445CEF00000000415CCB00417D
:104220005D3A00415D4C00415D0100485D290000A0
:10423000000000000000415CF400425D45020042C5
:104240005D480180425D4D0000495D18000000009E
:104250000000000000415D4700485D21039C039C75
:1042600000640064485D31029C0064029C0064416B
:104270005CFB004157BB0060C056FB00010203001D
:104280000100010101010182CAB203010201000122
:10429000000182CAB2010103010001000182CAB219
:1042A000020101010001000182CAB2010002030300
:1042B0000102010101010182CAB2010101010001F3
:1042C000000182CAB2000103010101010182CAB2E8
:1042D000020100010101010182CAB20200010303CF
:1042E0000101010201020182CAB2000103010201BF
:1042F000020182CAB2020102010001000182CAB2B7
:10430000010100010201020182CAB203000102029E
:104310000101010301030182CAB20001020103018C
:10432000030182CAB2010100010301030182CAB282
:10433000030103010001000182CAB260C0562500DA
:10434000010203030101010001000181304200016B
:104350000201010101018130420101030102010258
:10436000018130420201000103010301813042005A
:10437000010203020102010101010181305A03011E
:1043800003010001000181305A0001000103010313
:104390000181305A010101010201020181305A00FC
:1043A000020103000101010001000181305A0001F6
:1043B00001010101010181305A02010301020102E0
:1043C0000181305A020103010301030181305A00C7
:1043D000010203000100010101010181305A0301C2
:1043E00002010001000181305A01010301000100B6
:1043F0000181305A020101010001000181305A009F
:104400004862060000000000000000E50824A0F556
:1044100082E4345FF583759300E005082290005F25
:104420009D30070490005FA0E475F0011200386C25
:10443000020036202000E57F2ED2008018EF540FB6
:104440002490D43440D4FF30040BEF24BFB41A00BE
:1044500050032461FFE50960021509050CE50C70A5
:1044600002050B30071190005F9DE475F00112000A
:10447000386CEF020036520201CA887403D20780FA
:1044800003E4C207F50890005F9D12003883E4F54D
:1044900009F50BF50CE50960087F201200445580F2
:1044A000F4750AFFC201C200C202C203C205C206FD
:1044B000C2081200441DFF700E3007067F00120074
:1044C0004466AF0CAE0B22B42563C2D5C204120001
:1044D000441DFF24D0B40A00501A75F00A78093040
:1044E000D50508B6FF0106C6A426F620D50470023D
:1044F000D20380D824CFB41A00EF5004C2E5D2040E
:10450000020047A3D20180C4D20080BED20280BA8A
:10451000D2D580B8D20580B27F2012004455200247
:10452000077401B5090040F01200440BFF1200446B
:104530005502004495D208D206808F1200440BFB2E
:104540001200440BFA1200440BF94A4B700679B082
:104550007A487B8120023DE50960397E00E9C0E0B0
:104560002EF9EAC0E03400FA12003620F9D0E0FA61
:10457000D0E0C960060EEE650A70E2C2D5EBC0E07D
:10458000EAC0E0E9C0E0EE1200480BD0E0F9D0E06C
:10459000FAD0E0FB12003620FF6096EBC0E0EAC0E4
:1045A000E0E9C0E012004455D0E02401F9D0E03445
:1045B00000FAD0E0FBE50A0460DAD50AD70200452C
:1045C00031D202808F120047E760F6E50A700104DD
:1045D000120030B7A90A600EE50A600A14F50A1243
:1045E00000489AEF60F2EA30E702F404C39940040D
:1045F0000200467AEAF4250A0430E701E404F50AE9
:10460000800F120047E760B9EA050A250A12003058
:10461000B7EA90005FCCF030E701E4250A04D50A40
:1046200004200501141200480BE4C0E01200489A6F
:1046300090005FCCE0601420E70814F01200443DC5
:10464000802604F0D0E014C0E07F001200443DE575
:104650000A600812004434150A800D300504120067
:104660004434D0E002004495D0E00480BD120047FD
:10467000E76093E50A04120030B790005FCCEAF0DF
:10468000E50A20050260010424041200480B74FFAF
:1046900004C0E01200489A1200443DE50A200502D9
:1046A000600412004434D0E0B50AE57F45120044AE
:1046B0004790005FCCE07F2B30E7047F2DF404C0EF
:1046C000E012004455D0E075F00A84C0F0120044B6
:1046D0003ED0E01200443E020044957910800279F9
:1046E00008C206C2088008D2D5790A8004790AC2B5
:1046F000D5E50A047002F50AE4FAFDFEFF12004453
:104700000BFC7B082001161200440BFD7B103000CF
:104710000C1200440BFE1200440BFF7B20EC338292
:10472000D592D55013C3E43000069FFFE49EFEE40B
:104730002001039DFDE49CFCE4CBF8C201EC700C6D
:10474000CFCECDCCE824F8F870F38017C3EF33FF59
:10475000EE33FEED33FDEC33FCEB33FB994002FB13
:104760000FD8E9EB300105F8D0E0C448B201C0E051
:104770000AEC4D4E4F78207B0070C2EAB50A00402B
:10478000BCC0E01200480DD0F0D0E0200104C4C04D
:10479000E0C4B201C0F01200443ED0F0D5F0EA020D
:1047A000004495120038FD453B5346DB5845084C04
:1047B00045044246DF4F46E74446E749451E434627
:1047C000ED55460246466D4545C54748CD50450C1A
:1047D0002D45102E45372B45142345352048B92A41
:1047E00044CA480000452DE50AB4FF03750A0612C5
:1047F00000440BFC1200440BFD1200440BFE12009F
:10480000440BFF90005FC5020030F4790AA2D52066
:104810000314300509B910020404B9080104A2D533
:1048200020060250010420026D9202B509005036A4
:10483000C0E07F2030031A7F30A20272067205505A
:104840001012004866C202C206C205C2087F30804C
:1048500010300503E9C0E012004455300503D0E0F4
:10486000F9D0E0B509CA3005197F30B9100D120032
:1048700044557F583004077F788003B9080412003C
:1048800044553002067F2D020044557F202008F752
:104890007F2B2006F222920280CC7F00B4070050CA
:1048A0000E24C5F582E4345FF583759300E0FF22A2
:1048B000286E756C6C2900D2011200440B3001F790
:1048C000C201780930D50108F6020044CA1200443A
:1048D0000B7F4960087F4310E7027F5814C0E0EF68
:1048E00012004446743A12004446D0E0600DC0E025
:1048F000C41200443ED0E01200443ED203750904C5
:10490000020046DB75EBAA75EB55759D02787FE4D6
:10491000F618B830FB18E4F6D8FD900000007F00D0
:104920007E807D01E4F0A3DFFCDEFADDF8750F7E0A
:104930007510FF75814D020049640200CE32E49388
:10494000A3F85407240CC8C333C4540F4420C883AD
:104950004004F456800146F6DFE4800C01020408AE
:104960001020408090003AC6E47E019360CCA3FF03
:10497000543F30E509541FFEE493A360010ECF5469
:10498000E0B4E026E493FBA3E493FAA3E493F9A351
:10499000E493C083C08212003652D082D083A30930
:1049A000E970010ADFEADEE880BE54C025E0602B32
:1049B000408CE493A3FAE493A3F8E493A3C8C582DC
:1049C000C8CAC583CA759300F0759300A3C8C58291
:1049D000C8CAC583CADFE3DEE1808DE493A3F8E4AF
:1049E00093A34003F68001F208DFF40200496890C7
:1049F000006455120038337810EC4D4E4F70047C33
:104A0000A57DA5C3EC13FCED13FDEE13FEEF13FF24
:104A10005010EC64CCFCED644CFDEE644EFEEF6493
:104A2000CEFFD8DF900064551200384BEE547FFE65
:104A30002290006455EEF0EFA3F0A374A5F0A3F06C
:104A4000220200200082FF000000000200200082FD
:104A5000FF000000000200200082FF0000000002B2
:104A600000200082F0002000320200200082FF00BF
:104A70000000000500200082F000200064020020F9
:104A80000082FF000000000200200082F0002000F1
:104A9000640500200082FF00000000050020008265
:104AA000FF0000000005002003E8FF0000000005F3
:104AB000002000C8FF000000000200200082F0007B
:104AC0002000640200200082F00020006402002028
:104AD0000082F000200064FF0000000005000803D1
:104AE000E8F0002001F4FF000000000902190001B5
:104AF0000100E032090400000109000000070581FF
:104B0000030100FF04030904220320004D005400A8
:104B10004B00200045006C006500630074007200CB
:104B20006F006E00690063007300092907100032EE
:104B30000100FF0000000000000000000000000075
:104B40000000000000000000000000000000000065
:104B50000000000101010101010001000700080639
:104B60000414247484940818288090A0C090909015
:104B700090010204080FA0A0A0A00110044055A0BD
:104B8000A0A0A00220088090005F29EFF0A3EDF024
:104B9000A312003883C209C20AC20BC20CC20DE4C0
:104BA00090005F34F090005F36F0A3F0C21F9000D9
:104BB0005F29E0FF90005C0BF090005F2AE0FEEFC1
:104BC000120089D1EF2583F583E5822EF582E43545
:104BD0008312008675FF7E0064017004D20C806031
:104BE000EF64024E6004EF4E7056D20D90005C9957
:104BF000E0FFA3E090005F63CFF0A3EFF090005CD4
:104C00009BE0FFA3E090005F65CFF0A3EFF07E0094
:104C10007F0C7D007B017A5C799112003A819000D3
:104C20005F63E0FFA3E090005C99CFF0A3EFF0900A
:104C3000005F65E0FFA3E090005C9BCFF0A3EFF086
:104C40007E007F107D007B017A5F794112003A81FE
:104C500090005F29120085EE120086E6700A7B82C2
:104C60007AD479F20200448190005F29120085EE27
:104C70001200386380301200864812003620FF9000
:104C8000005F2AE0FE6F6028E92405120085E2E952
:104C90004A4B70030156F812008648E924081200B6
:104CA00085E21200898D90005F3B1200388380C638
:104CB00012008648E92405120085E2E94A4B700398
:104CC0000156F812008648E92405120085E290009A
:104CD0005F3812003883C8EEC87401088002C333FD
:104CE000D8FCFF90005F29E0FE900031501200894F
:104CF000D5EE120085FCE05F700790005F2FE0604A
:104D000028300C117B017A5B79B7120088A19000E2
:104D10005F347402F0300D117B017A5C790C120063
:104D200088A190005F347403F012008648E92404DF
:104D3000120085CE6041120086CA12003620FF9014
:104D4000005F3812003863120036206F6029E924B2
:104D500007120085E2EA494B70030156F890005FA4
:104D600038120088C2120085E21200898D90005F1F
:104D7000381200388380B21200862E1201B72190BB
:104D8000005F3812003863E92404120085E2120043
:104D900088A190005F38120087AF120085CE900086
:104DA0005F34F0E490005F57F090005F34E0FF90D4
:104DB000005F57E0D39F400301551B120087A312E9
:104DC0000085CBFF7E0064077002D20C300C38EFF8
:104DD00064074E600FEF640C4E6009EF64014E6093
:104DE000030154E5EF640C4E6017EF64014E60035D
:104DF000014E7D120086051200867C648045F070AD
:104E00007CC20CD20D8003300D73120087A31200F8
:104E100085CBFF6401600DEF64096008EF640C60EE
:104E2000030154E5120086051200867CFFAEF06493
:104E3000014E6049EF64804E6043EF64024E603D76
:104E4000EF64304E6037EF64314E6031EF64384EBE
:104E5000602B120087A3120085CB640C601F120028
:104E600086051200867CFFAEF064814E600FEF6411
:104E7000824E6009EF64834E60030154E51200879F
:104E8000A312003620648060030154E5200C030166
:104E900052E012008648E92401120085E2E94A4BFB
:104EA00070357D1F7F10FE12019FED12008871EB9F
:104EB000C0E0EAC0E0E9C0E01200864812008824A1
:104EC000120038A912008648E92401120085E2E99F
:104ED0004A4B70030156F812008605240112008522
:104EE000CE6007640260030154E5D20AE490005FDB
:104EF0005FF0120086052415120085CEFF601212A5
:104F00000085D7120036E464E045F07016D20980BF
:104F10001212008605240D1200867E64E045F070B2
:104F200002D209302003015521900050A7E09000E3
:104F30005F35F0EF6046120085D7E9240212008544
:104F4000CE120086042406120085CE2FFFE433FE25
:104F50007803EFCEA2E713CE13D8F890005F561275
:104F60000085D6E92402120085CE120086042406AC
:104F7000120085CE2F90005F5BF080151200860531
:104F80002406120085CEFF90005F5612008A08EFBB
:104F9000F0120086052408120085CE64016003012A
:104FA00051F3120086052409120085CE90005F5946
:104FB00012008A08E090005F5D1200891590005F82
:104FC000591200892240030154E590005F5DE02EF4
:104FD000FF90005F55F090005F2EE0FEEFD39E4003
:104FE000030154E5120086CA90005F55E0291200C3
:104FF00085CEFC70030151EC90005F5BE02408FE5D
:1050000090005F5AF0120086052407120085CEFD3D
:10501000EED39D400AED540790005F5AF080079050
:10502000005F5A7408F090005F5CECF012008A1385
:1050300090005F5EF012008A4490005F5A12008870
:10504000E4FEC39F40030151EC74AB2E1200867046
:10505000FF90005F5CE05F70030151E51200860580
:105060002415120085CE700301511612008A131206
:105070000088E52F90005F60F0E490005F5FF01221
:105080000086052415120085CEFF90005F5FE0FECC
:10509000C39F400301513E120085D7EE120089DC08
:1050A00029120088CC120085CEFD90005F60E0C31D
:1050B0009D405990005F3E120085B6FF90005F60F2
:1050C000E0D39F5047120085D790005F5FE0FF124A
:1050D000008772FD90005F61E5F0F0A3ED1200859E
:1050E000D6EF75F004A429120086AE2402120085C2
:1050F000CEFF90005F60E0C39FFF120085D7900055
:105100005F5F12008771FDCEEDCE802C90005F5F57
:10511000E004F001507F12008605240D1200867E07
:10512000FFAEF090005F61EEF0A3EFF090005F58EB
:10513000E0FE90005F5EE02E2F90005F30F0900068
:105140005F61E07004A3E064E0702E90005F4112A4
:105150000088E4FE1200866EFDEF4D90005F41F086
:10516000900050A7E04DF074AB2E12008670FF90B7
:10517000005F35E05F7047804190005F30E01200D3
:1051800087B7F583C083C08212008663FCEE4C753E
:105190009300D082D08312008647E9240112008553
:1051A000E2120088247E00E92FF9EE120085D0FF7C
:1051B00074AB2D120086705F7004120056F99000D7
:1051C0005F5C120088E41200866EF4FEEF5E9000D1
:1051D0005F5CF07010120086CA90005F55E02912E3
:1051E0000087DA8007120089E4015039120089EC47
:1051F000014FBD120086052408120085CE640860A8
:10520000030154E5120086052406120085CE9000A5
:105210005F5512008915120086052409120085CEFB
:105220001200892340030154E5EEFFA3E02FFFE4C1
:1052300033FE90005F2EE0FDD3EF9D7480F86E98F2
:1052400040030154E590005F54E0FFA3E02FFFE42A
:1052500033FE120086CA12008732FF90005F5CF0B6
:10526000E412003652EF64017004D20B805D9000AE
:105270005F5CE0605612008605240D1200867EFFFA
:1052800090005F5CE02F90005F30F0120087B7F570
:1052900083C083C08212008663FCEE4C759300D0FD
:1052A00082D08312008647E92401120085E21200B1
:1052B00088247E00E92FF9EE120085D0FF74AB2D13
:1052C000120086705F7004120056F91200862E12CA
:1052D00001B7213020030154E5120089EC01521678
:1052E000200D030154E5E490005F36F0A3F01200B6
:1052F00086052401120085CEFF64026014EF640667
:10530000600FEF6460600AEF60076440600301545F
:10531000AC120087A3120085CB64097011D21F1252
:105320000086BA1201221A90005C910153B4D21F78
:10533000120086051200867CFFE5F0600301541818
:10534000EF24CF603514606024FA605C24B8606C90
:1053500024506003015418120086052408120085A9
:10536000CE120086B51201221A90005C93EEF0A3D3
:10537000EFF07B017A5C7993802112008605240886
:10538000120085CE120086B51201221A90005C959B
:10539000EEF0A3EFF07B017A5C799590005C91E0F0
:1053A000FD1201BC060154C9120086BA1201221A6C
:1053B00090005C97EEF0A3EFF00154C9120086CA8A
:1053C0001200879B1200570D90005F63EE8077906C
:1053D000005F63E0FCA3E0FD4C702512008605240D
:1053E0000C120085CE70030154C990005C90E0441B
:1053F0000412008A1EE490005C99F0A3F00154C9E5
:1054000090005C9912008A254404F012008605245D
:105410000C120087590154C9120086CA1200879BDA
:105420001200570D90005F65EEF0A3EFF0120087B9
:10543000A3120085CB6401701390005F65E0FFA3A9
:10544000E090005F63CFF0A3EFF0808390005F6592
:10545000E0FCA3E0FD4C702312008605240B120033
:1054600085CE602E90005C90E0440812008A1ED227
:105470001FE490005C9BF0A3F0801790005C9B12EF
:10548000008A254408F012008605240B1200875973
:10549000D21F120086052401120085CE6460702997
:1054A00090005C9BE07002A3E0601E221200860563
:1054B0002401120085CE7011120086051200867C30
:1054C000640145F0700301541890005F36E07002EB
:1054D000A3E0600301532E1200862E1201B7213083
:1054E00020030156F81200862E1201B72120202138
:1054F000120086052419120085E2EA494B60121257
:105500000086052419120085E21200898D12008898
:10551000A190005F57E004F0014DA9300B03015644
:10552000F8200A030156F812008648E92401120007
:1055300085E212003620FF90005F41E06F700301AA
:1055400055D92009030155D9EF607812008A441219
:1055500000880E506E12008648E92401120085E290
:1055600012003620FE74AB2F12008670FF5E603C86
:1055700090005F41E05F703490005F58E012008659
:105580006E12008A37900051FFE014F0900050A78F
:10559000120088E4FE1200866EF4FDEF5D9000506C
:1055A000A7F0EE24E0FD7F011201CA9612008648A2
:1055B000E92401120085E2120036206006120089FB
:1055C000E4808C90005F41E0FF12008648E92401EE
:1055D000120085E2EF1200365290005F31740F1214
:1055E00000891A90005F311200892240030156F8A9
:1055F00012008648E92401120085E212008824EE98
:105600007E0029F9EE120085D0FF70030156C89084
:10561000005F54E0120087D0120086756F7003019E
:1056200056C812008A441200880E40030156C81260
:10563000008648E92401120085E2120088249000C7
:105640005F54E0FE7C0029F9EC120085D0FD74ABBC
:105650002F12008670FF5D605274422EF582E43492
:105660005F120086755F704312008648E9240112BC
:105670000085E21200882490005F54E0FF29F9ECD5
:10568000120085D090005F581200866B12008A3796
:10569000EF33333354F82D0490005F30F0FD900069
:1056A00051FFE014F07F011201CA9612008648E90A
:1056B0002401120085E21200882412008A4B4F60F8
:1056C00007120089E401562690005F54120087CE2D
:1056D00012008675FE12008648E92401120085E258
:1056E00012008824EF7C0029F9EC3AFAEE12003619
:1056F00052120089EC0155E322900051FFE004F0C2
:1057000090005F30E0FDE4FF1201CA962290006035
:1057100052120038837B017A5F793612008A6A223E
:1057200090005FF9EFF0A3EDF0C21EE49000600579
:10573000F0A3F09000601904F09000600D12008852
:10574000B412008A5275F07890003265120085F725
:105750001200386390006007120038831200388C02
:1057600090005FFE12003883120085A7240A120001
:10577000867EFF90006001E5F0F0A3EFF012008953
:105780000312008734FF54030490005FFBF0FDC355
:1057900090006002E09D90006001E09400500301E1
:1057A0006211C21DEF54FC90005FFCF0E4FFEFC3F8
:1057B000940D748094805018EF90004B6093FE908D
:1057C000005FFCE0FDEE6D7004D21D80030F80DEF3
:1057D000201D2490005FFBE0120088ECC390006065
:1057E00002E09FFF90006001E09EFEF0A3EFF04E0C
:1057F000700301620380861200890312008734FF60
:10580000540CFECDEECDEF54F090005FFCF0900014
:105810005FFBE0FF7E00C3940274809480500AE432
:1058200090006003F0A3F08044EF64024E700A120F
:1058300000871A1200892D803490005FFBE0D3941A
:10584000027480948040261200871A1200892D90DD
:10585000005FFE1200386390006006E02402120030
:1058600087299000600375F000120036CECFEDCF8F
:10587000EF24FC7003015F2324FC70030160A1246A
:105880000860030161D190005FFCE0FF24706015A7
:1058900024F07003015E7124E07003015EAA2440CD
:1058A00060030161D1120085A7241C120085CEFE81
:1058B000120085A7241D120085CE8EF0A4FEEF6491
:1058C00080700B120085A7120089ABEE800CCFEE22
:1058D000CF120085A71200894AEF12003636120057
:1058E00085A72409120085CE54016003015E3112A0
:1058F000008A5290005FFCE0FD90006003E0FAA394
:10590000E0FB12013199EF7003015E31120085EA6C
:10591000120086E670307D20FE120062411200887F
:1059200071120085EA120088D49000326C12008552
:10593000F7120086E670097B827AD479FF015AEE6D
:10594000120085EA80401200881C12003620FF9069
:10595000005FFAE06F60447D217E00120062411218
:105960000086D270030161D112008849EBC0E0EAE1
:10597000C0E0E9C0E01200881CE91200894A120068
:1059800038A9900060161200386390006010120071
:10599000388390005FFAE0120036521200881CE94A
:1059A0002405120085E2E94A4B6003015A2E7D224C
:1059B000FE1200624812008871EBC0E0EAC0E0E924
:1059C000C0E01200881CE92405F9E43AFA12003814
:1059D000A91200881CE92405120085E2E94A4B70EF
:1059E000030161D11200881CE92405120085E290B0
:1059F00000600D12003883120085A7241312008561
:105A0000CE12008951EF12003652120085A7240EE3
:105A10001200867EFF12008686120085A7241012CF
:105A200000867EFF1200878012008A59806A120069
:105A300085A72413120085CE12008951120036204A
:105A40006F605A7D237E0012006248120086D27079
:105A5000097B827AD57910015AEE1200881CE9245C
:105A6000041200875912008849EBC0E0EAC0E0E95F
:105A7000C0E012008780120089B2120038A912001B
:105A800088499000600D12003883120085A7241306
:105A9000120085CE12008951EF1200365212008991
:105AA000F4900060077006120089C9800412008813
:105AB0007E120085CEFF9000600AE4F0A3EFF012A2
:105AC0000085A7241D120085CE9000600CF0900088
:105AD0006019E07003015B627D247F1C7E0012016F
:105AE0009FED120086D2700D7B827AD5792112004B
:105AF00044810161D1120087802404120085E2E90B
:105B00004A4B702D120088499000601312003883B0
:105B10009000601312003863EBC0E0EAC0E0E9C017
:105B2000E0120087802404F9E43AFA120038A980D0
:105B3000311200878024011200875912008849EB36
:105B4000C0E0EAC0E0E9C0E01200882C2419F9E4C2
:105B50003AFA120038A91200884990006013120026
:105B60003883120085A724AE120085CEFFD3120021
:105B700088AD5003015DD8120085A7241412008659
:105B80007E640C45F06010120085A7240E1200867A
:105B90007E640C45F07064EF12006212EBC0E0EA24
:105BA000C0E0E9C0E01200882C2416F9E43AFA12A9
:105BB0000038A990006013120085DBEA494B603B76
:105BC000120085A724AE120085CE120089DC1200D7
:105BD00085A712008851EBC0E0EAC0E0E9C0E09080
:105BE000006013120085DB12008940D0E0F9D0E09C
:105BF000FAD0E0FB120035A2015C90120085A724C8
:105C0000B0120085CE90005FFDF0120085A7241C25
:105C1000120085CE6401600E120085A7241D1200BB
:105C200085CE6401707B120085A724AE120085CE5C
:105C300012006212EBC0E0EAC0E0E9C0E0120088A6
:105C40002C2416F9E43AFA120038A99000601312D5
:105C50000085DBEA494B6038120085A724AE1200AC
:105C600085CE120089DC120085A712008851EBC096
:105C7000E0EAC0E0E9C0E090006013120085DB12AA
:105C8000008940D0E0F9D0E0FAD0E0FB120035A264
:105C9000120086EE120085A724AE120085CE015EAA
:105CA0002D120085A724AE120085CEFF90005FFD67
:105CB000E0C39F4003015E31120085A7241C12003F
:105CC00085CEFF7E00120085A7241D120085CE9090
:105CD00000601AF0740112003652120085A724AE3B
:105CE000120085CEC39401FD90005FFDE06D604120
:105CF000120089F4701A120085A72405120085CEBF
:105D0000CCEFCC2CFD120085A7120089ABED801DD5
:105D100090005FFCE064907018120085A7240712C1
:105D20000085CE2F120085A61200894AEF12003698
:105D300052120086EEE41200622890005FFCE0FF41
:105D40007E0064807027120085A72406120085CE8D
:105D5000FD120085A72405120087E59000600AA3C4
:105D6000E0FD120085A7120089ABED8029EF649059
:105D70004E7027120085A72408120085CE120085D8
:105D8000A62407120086919000600AA3E012008505
:105D9000A61200894AEF120036529000601AE012F3
:105DA0000085A6241D12008691120085A724B0123A
:105DB000008759120085A724AE120085CE120085F7
:105DC000A624B0120085CEC39F5003015ACE120004
:105DD00085A7120087D88059120085A7241E1200BB
:105DE000867EFF1200882C12008763120085A7248C
:105DF0001C120085CE6401602F120085A7241D129D
:105E00000085CEFFD3120088AD401D120085A72467
:105E10000E1200867E640C45F0700D120085A724DA
:105E2000AE12008691015BFB120086EEE412006266
:105E300028120089F4900060077010120089C912BE
:105E40000085CE120085A62405800E1200887E12E1
:105E50000085CE120085A62407120086917E007F61
:105E6000937D00120085A71200885112003A8180AC
:105E700022120085A72409120085CE4404120036A0
:105E800052120085A7241212008759120085A7120A
:105E90000087D8120085A724101200867E12008584
:105EA000A612008851E5F0016157120085A724125F
:105EB000F9E43AFA12008A1F12003620705E1200CE
:105EC00085A72409120085CE54FA120036527E00AE
:105ED0007F0B7D00120085A72413F9E43AFA120023
:105EE0003A817E007F937D00120085A712008851C1
:105EF00012003A81120085A72405120087DA1200E9
:105F000085A72406120087DA120085A7240712004D
:105F100087DA120085A72408120087DA900060193A
:105F200001605A120085A72409120085CE54016031
:105F3000030161D190005FFCE0440424FC70030184
:105F40005FD924F0700301607D24F0700301608F3D
:105F500024B0700301606C24E070030160602410C1
:105F600060030161D1900060197401F012008A523F
:105F700075F07890003268120085F71200386312CD
:105F800000362012008938FDCEEDCE541F4F12008E
:105F9000365212008939120085A624131200869108
:105FA000120085A72405F9E43AFA7408120036367F
:105FB000120085A7120089AB740812003636120051
:105FC00085A7120089B2740812003652120085A704
:105FD0001200894A74080161CD120085A7240912B4
:105FE0000085CE30E215120088FA120085A624142E
:105FF000F9E43AFAEE1200876B8021120088FA1257
:106000000085A6240EF9E43AFAEE1200876B9000A0
:10601000600D120086E66004120086869000600320
:10602000E07004A3E0640C60030161D190005FFAAA
:10603000E0FF90005FF9E090003164120088581290
:106040000089951200867560030161D1EE12008906
:10605000D112008995F5837593007401F00161D127
:1060600012008939120085A6241D800A1200893980
:10607000120085A6241C120086910161D1120088AD
:10608000FA120085A62418F9E43AFAEE01615712D3
:106090000088FA120085A6241AF9E43AFAEE0161A2
:1060A00057120085A72409120085CEFF5401600312
:1060B0000161D190005FFCE0440824E870030161B5
:1060C0005B24F07003016178242060030161D1EF4B
:1060D0009000600330E263E0FCA3E01200858E12C2
:1060E0000086AD12008851EC8DF012003708900048
:1060F0006003E0FCA3E01200858E120086AD120062
:106100008851EC8DF0120037081200857B12008652
:10611000AD120087E31200857B120086AD242112A8
:106120000087E5120085A712008757120085A72473
:10613000AEF9E43AFA74010161CDE0FEA3E0FFCDCF
:10614000EFCD120087802403120087E5120085A797
:106150002410F9E43AFAEE8FF0801790006003E023
:10616000FCA3E01200858E120086AD12008851EC6F
:106170008DF01200370880591200857B120086AD21
:10618000120087E31200858F120086AD241E1200D4
:10619000867E12008938FDCEEDCEC39F120085A603
:1061A00024AFF9E43AFAEF120036361200858A126B
:1061B0000086AD2421120087E5120085A712008712
:1061C00057120085A724AEF9E43AFA74011200369A
:1061D0003690005FFBE0F9120088EC90006001E06F
:1061E000FCA3E0FDC39FEC9E4011E9FFED9FFFEC97
:1061F0009E90006001F0A3EFF08008E49000600141
:10620000F0A3F090006001E07002A3E0600301578A
:106210007D2275F004A4FFAEF07D2512019FEDCA2A
:10622000EECAC9EFC97B0122900060E4F0900060E3
:1062300003E0FAA3E0FB1200EC8B90006019EFF092
:10624000227F0B12019FED227F0A12019FED22E4B3
:1062500090006268F0C237900047F0E070041201CD
:10626000C991900042EAE090006262F0E0FD900087
:10627000321F12009D17ED12009C0CE0900062632B
:10628000F0C39412A3F0ED12009C9CED12009C0C44
:10629000E020E703016ABF12009BFAE07003016A85
:1062A000BF12009BFAE0120038FD62CF0162FE02CD
:1062B00063C903642D0466960566F90667C507671A
:1062C000E40868BC0968D40A695F0B000069EC1235
:1062D000009BFA7402F075F078EF900032541200CF
:1062E0009C077401F012009EAB1201B20E12009CCA
:1062F000659000310E12009C07E4F00169EC120079
:106300009C3612009E57600301638990006262E030
:10631000FD9000322C12009D53ED12009C0CE054B5
:106320008090006265F09000323212009D16ED12EE
:10633000009C0CE0FEA3E04E603A90006265E0B481
:10634000800812009BFA7403803012009BFA7405D7
:1063500012009DC312009C07E0640D60030162A15E
:10636000D23712009C659000323C12009C077402E8
:10637000F00169EC12009BFA740712009EF3120000
:106380009C07E4F0A3F00162A112009E1F64037059
:1063900003016611EFB4070301661190006268E023
:1063A000640B60030169EC12009BFA740C12009DEF
:1063B000C312009C07E0640D60030169EC12009CAD
:1063C0006512009D9CEF01664B90006263E0FF1236
:1063D000009C7DE0FCA3E0FD90002DBB12009CD949
:1063E00012009FB0FFEE9CFE90006266F0A3EFF0FB
:1063F00090006263E090002DB512009CDAE0FCA3EF
:10640000E0FDC39FEC9E500990006266ECF0A3EDA6
:10641000F012009DD812009F30E4900061A6F012A7
:106420000138E212009BFA7404F00169EC12009C3E
:1064300036E090006268F090006268E064026003F9
:106440000165D090006263E0FEC39412A3F0EE12E7
:10645000009C7D12009EA675F01112009D68E0FA66
:10646000A3E0C39FFFEA9E90006266F0A3EFF07581
:10647000F011ED12009D01E0FEA312009DA89E40C8
:1064800005EEF0A3EFF012009C659000310E1200B3
:106490009C0712009DC212009C07E0640D706C9076
:1064A000006266E0FEA3E0FF90006262E0FD900003
:1064B000324412009F45ED12009C0CEEF0A3EFF069
:1064C000E490006265F012009DA49400402A12003E
:1064D0009FB712009D7A12009C27FE90006263E035
:1064E00075F01112009EC412003863E92FF9E43AE6
:1064F000FAEE12009F4C80CE12009C659000323C58
:1065000012009C077403F0D237804FE4900062655C
:10651000F012009DA49400404112009FB712009E0B
:106520002712009C27FC12009EAB12009C7DE0FA13
:10653000A3E0FBEFF582758300EB2582FFE5833A4C
:10654000FE75F011ED12009EC412003863E92FF9B8
:10655000EA3EFAEC12009F4C80B79000626612008F
:106560009EA612009C7DEE8FF0120036CE75F011C3
:10657000ED12009D68E0FEA3E0FF75F011ED120042
:106580009C80E0FCA3E0C39FEC9E502C12009C6515
:106590009000310F12009C07E0FD12009CF9E0FA18
:1065A000A3E0C39DEA9400500675F078EF800D12C9
:1065B000009BFA7403F0800F12009C659000322B50
:1065C00012009C077409F03037030169EC0162A1E5
:1065D00012009E1F6403703590006262E0900031EB
:1065E0000E12009D09EE12009C0CE004F0D39403FF
:1065F000400C75F078EE12009C5DEE0169421200CD
:106600009C54EE12009C0C7403F00162A1EFB407DD
:106610000C12009DD812009C5AEF01694212009E94
:106620001F640B702F12009C54EE12009C0C740C13
:10663000F012009CE1EE12009C0CE0640D6003017E
:1066400069EC12009FC112009D9CEE12009C0C741C
:106650000C01677DEF6404702B12009CF9E0FEA32F
:10666000E04E600690006268802612009BFA740378
:1066700012009EF312009C0712009EB250030162AA
:10668000A101687890006268E0640C60030169EC25
:106690007402F001643712009C65900032341200DD
:1066A0009C07E0B40D1775F078EF900032441200AB
:1066B0009C07E0FFA3E090006266CF80229000621A
:1066C00063E0FF12009C7DE0FCA3E0FD75F011EF9C
:1066D00012009D6812009FB0FFEE9C90006266F071
:1066E000A3EFF012009DD812009F301201106C121F
:1066F000009BFA7406F00169EC12009C3612009EB1
:1067000057600301679590006263E090002DBD1211
:10671000009C6FEC8DF0120036CE90006263E0902A
:10672000002DBB12009C6F12009FB0EE9C12009CCB
:10673000659000322B500912009C077405F0800709
:1067400012009C077407F012009C6590003234120E
:10675000009C07E0640D60030162A175F078EF9082
:1067600000322B12009C07E0B4051890006262E032
:1067700075F0789000323C12009C077407F0D23715
:106780000169EC12009C659000323C12009C077479
:1067900008F00162A112009E1FB40B0301684DEFC7
:1067A000B4040A12009BFA7405F00162A190006221
:1067B00068E0640760030169EC12009DD812009C38
:1067C0005AEF01694212009DD8A3E0FD900061A636
:1067D0007401F0E4FBFA120138E212009BFA74082B
:1067E000F00169EC12009C3612009E57701E1200D8
:1067F0009C659000323412009C07E0B40D0B12002F
:106800009F1512009C077408F00168B212009E1FC9
:1068100064076004EFB4030C12009DD812009C5A68
:10682000EF01694212009E1F640B703012009FC17D
:1068300012009CE5EE12009C0CE0B40D10900032AA
:106840003C12009CCDEE12009C0C740CF012009CCB
:1068500054EE12009C0C740CF00169ECEF640470AF
:106860002A12009BFA740712009EF312009C071272
:10687000009EB250030162A112009C659000322973
:1068800012009C07E4F0A3F001662590006268E026
:10689000640C60030169EC12009C659000323412B4
:1068A000009C07E0B40D0B12009F1512009C0774AA
:1068B00008F012009BFA740DF00169EC12009DD8EB
:1068C000A3E0FDE4FBFA1201106C12009BFA740ABB
:1068D000F00169EC12009C3612009E5770281200DD
:1068E0009BFA740D12009DC312009C07E0640D60BA
:1068F000030169EC12009C659000323C12009C0779
:106900007414F00169EC12009E1FB4040712009C7D
:1069100054EE8041EF6407600C90006268E064030D
:1069200060030169EC12009C659000310E12009C1E
:1069300007E004F0D39403401375F078EF12009C45
:106940005DEF12009C0C740BF00162A112009DD847
:1069500012009C5AEF12009C0C7409F00162A11203
:10696000009C659000310712009C07E020E71F9013
:10697000006262E09000322812009E4FEE12009CEE
:106980000CE4F075F078EE12009C5DEE805775F027
:1069900078EF9000322812009C07E004F0D39402B4
:1069A000502E12009BFA7401F090005BB3E0FD9052
:1069B000006263E0FB90006162EFF0A37401F0A35A
:1069C00074F4F0A37401F0A374F4F0E4FF016ABB63
:1069D00012009C659000322812009C0712009EFD58
:1069E00012009C5DEF12009C0C740EF012009BFADA
:1069F000E0FF640D600DEF640E6008EF640C60034F
:106A0000016AB112009C659000322812009C0712A6
:106A1000009EFD9000325412009C0712009DC2128D
:106A2000009C07E024F7601814603424FE604114D1
:106A3000604F24FE606824077077900030DC80345B
:106A400012009C659000321E12009C07E0FB900033
:106A50005953E0FD90006162EF12009CC2801A124F
:106A6000009C659000323812009C07E06043803D36
:106A700090002F7212009CB7FB7F0412012DD98069
:106A80003012009BFAE0640D600B12009F1512009B
:106A90009C07740CF012009CB3FB7F04801D120055
:106AA0009C659000323812009C07E060041201C916
:106AB0003730370B12009CB3FB7F0412012DD92213
:106AC000D22BE490006127F01200C1CC24AEF582F5
:106AD000E434121200BFC478371200C1CB24AFF5E2
:106AE00082E434121200BFC478341200C1CB24B047
:106AF000F582E434121200BFC478351200C1CB24F1
:106B0000B1F582E434121200BFC47836F618E6FFFD
:106B10005470FEC4540F7838F6EF540708F67844E2
:106B200006E6C394404002E4F67837E6FFC39404D7
:106B3000400301726A7834E620E703017046783832
:106B4000E6900008591200C0A9E020E70301704652
:106B50001200C0B11200BFC430E20718E6FF1201F4
:106B6000C3E37835E654076003016C3608E620E09D
:106B700003016C1608E6FF08E6FE75F0EA900008CF
:106B8000FC1200BFB860589000322B1200C21012E5
:106B900000C04DFD64096015ED640A60109000327C
:106BA0003C1200C2101200C04D641470321200C1B9
:106BB000D81200BFB8C394A050161200C1D412005E
:106BC000BFB804F07844E67003763F22784416227A
:106BD0001200C1D41200C0602F1200C0BBE4F0123A
:106BE00000C14C1200C035E6FD08E690006137F0A8
:106BF00008E6A3F0A37401F01201797D1200C14CE4
:106C00001200C03512018B9D7838E6FF18E6FD12A0
:106C100000A3E10170547835E6783730E30CE6FFE5
:106C200008E6FD12017178017054E6FF08E6FD12D6
:106C3000017B620170547835E620E303016F18127E
:106C400000C03DB4091118E6FBFDE4900062C7F0F6
:106C50001201603C0170547838E664016003016DF4
:106C60005608E6640170637837E6FA1200C0E51250
:106C700000C04FFE90004B5BE0FD5E6003016D2B9A
:106C8000E6FC2452F582E4344B1200C04FFB7457EB
:106C90002CF582E4344B1200C04F6B6023ED4E9014
:106CA000004B5BF090004A221200C296EAF0E4A387
:106CB000F0A3F0A3F0A3F0FB7F0312012DD9806BAA
:106CC0007837E6FF1201BD7D80617839E6FF640206
:106CD0006008EF640360030170547837E6FF120028
:106CE000C0E51200C04FFE90004B69E0FD5E703BB6
:106CF00074602FF582E4344B1200C04FFF90004BBC
:106D000068E06F6026E6FCED4E90004B69F0900065
:106D10004B561200C296ECF0A3E4F0A304F0A3E4F7
:106D2000F0A304F0E4FBFF12012DD97839E6242307
:106D3000F582E4345FF583C083C082759300E0FF81
:106D40007837E69000302393FEEF4E759300D082A3
:106D5000D083F00170547839E6FF18E6FE1200C1C6
:106D6000F41200BFB85460646060030170541200F4
:106D7000C1F31200BFB8540F783AF6E6FF90002F27
:106D80007C1200C222E090006127F090005200E0E7
:106D9000FE7837666003016E6575F016EF1200C16C
:106DA00012C083C082E0FD74AF2EF582E4345B1222
:106DB00000C04FF4FEED5E759300D082D083F0905A
:106DC000002F811200C221E0FF783AE6FE75F0162E
:106DD00090002F8212003857E06F60109000520030
:106DE000E078381200C200EE1200726B7837E6FFCE
:106DF00008E675F0EA9000089E1200BFB8FD7C001E
:106E000008E6FB74017E00C8EBC8088005C333CEDA
:106E100033CED8F9FFEE5CFEEF5D4E600301705497
:106E20007837E6FF08E6FD75F0EA9000089E12004C
:106E3000BFB8FE7401C8EBC8088002C333D8FC4E4B
:106E4000F012016C767838E6FF18E6FD783912000A
:106E5000C0E41200C04FFB900063507401F01201B7
:106E60009BC101705490006127E0FF7838E6FE90E6
:106E70000031641200C0DC1200C17D1200C04F64FA
:106E8000017003016F0A900051E3E020E6030170F6
:106E900054783AE6FF1200C10FC083C082E0FE784A
:106EA00037E624AFF582E4345B1200C04FF4FDEE08
:106EB0005D759300D082D083F09000612FE0FE904A
:106EC000002F871200C221E5822EF582E43583125D
:106ED00000C04FFF783AE6FC75F01690002F831241
:106EE000003857E5822EF582E435831200C04F6FDB
:106EF00070030170549000612FE0FF7838E6FD08C0
:106F0000E6FBEC1200726B017054900051E3E0203C
:106F1000E503017054016E911200C03D64097003D5
:106F200001705408E6FEEF1200C1F41200C0602E9A
:106F30001200BFBF54606460600301703290005261
:106F400000E0FF7837E6FD6F600301703275F0C036
:106F5000ED1200C17508E6FF75930075F018120078
:106F6000C18B9000612812003883120036209000F7
:106F7000612EF090006129E475F002120036CE75A2
:106F8000F0EAEF900008B71200C0602E1200BFBFF9
:106F9000540F783AF6E675F048A4249CF9740190F1
:106FA00000612B1200C29DE49000612FF0900061FF
:106FB0002EE0FFA3E0FEC39F502D90006128120039
:106FC0003863E92EF9E41200C0FDFF9000612B1236
:106FD000003863E92EF9E43AFAEF120036529000D5
:106FE000612FE004F080C6783AE675F048A4249456
:106FF000F97401900061301200C29D9000612EE092
:10700000FF1200C13BEF1200C2292405F9E412006F
:10701000C0FD54FC1200C2292401F9E41200C0FD95
:10702000440812003652E6FDE4FB7F01120197A0EE
:10703000D22B302B1F1200C1FC900063F07420F0A3
:1070400012018E8B800E7834E630E7081200C1FC06
:107050001201C08B7834E620E303017177C2E9782E
:1070600037E6FF14601314601914601F24037022A4
:1070700075A6987835A6A7801975AE987835A6AF0D
:10708000801075B6987835A6B7800775BE987835A4
:10709000A6BFD2E97835E630E4030171401200C0A2
:1070A000B11200BFC420E0030171407837E612003E
:1070B000C1061200BFC454EE1200C0B01200BFC41B
:1070C0004402F0E6FF08E675F0EA900008BF1200FF
:1070D000BFB85401F07D011201C0DD7837E6FF1220
:1070E0000178D97837E6FF7B08E4FD120103827846
:1070F00037E6FF7B01E4FD1200306F7837E6FF7D55
:10710000011201ABA4900050BCE020E66AE49000BC
:10711000612FF09000612FE0FFC39404501412001F
:10712000C0B11200BFC420E0099000612FE004F05C
:1071300080E19000612FE0C39404403BC21380378C
:107140007835E630E4317837E61200C1061200BF28
:10715000C420E0231200C0B11200BFC44401F0E417
:10716000FD1201C0DD7837E6FDE4FF120145077826
:1071700037E6FF1201C8357834E630E21A7837E690
:10718000FFE4FD120176E67837E6FF1201C71878B2
:1071900037E6FF1201763E7834E630E4087837E6C9
:1071A000FF1201BBA47834E620E50301726A783748
:1071B000E6FF701275A699783BA6A7E64420F6F57F
:1071C000A775A699803EEFB4011275AE99783BA6DB
:1071D000AFE64420F6F5AF75AE9980287837E6B46F
:1071E000021275B699783BA6B7E64420F6F5B77556
:1071F000B699801075BE99783BA6BFE64420F6F597
:10720000BF75BE997837E6FF1200C1A81200C04FC3
:10721000702790004F591200C296EFF01200C2631F
:107220001200C263E4FBFF12012DD9EF04FF12002C
:10723000C1A51200C19EF080291200C1A51200C094
:107240004FC39401FFE49400FE900042F575F009ED
:10725000EF12003857EE75F009A41200C09D12001D
:10726000C2647837E6FF1201C15222900063CCF06D
:1072700012014609229000601BEFF0A3ECF0A3ED91
:1072800012007F8CE490006021F0A374FFF0E49082
:10729000006024F0A3F012007CA8FF90006031127F
:1072A000007DCEE9240112007A7024FC7003017382
:1072B000B614700301757524E47003017535241F3D
:1072C00060030179489000601E12003863E92FF9CD
:1072D000EA3EFA9000602812003883E92404120084
:1072E0007A70FEC3940640097406120036527F007D
:1072F000229000601B12007F051200798BE04E7512
:107300009300F012007EC61200798BE0701D12000F
:107310007E95240512007A7012007E9F9000314DF8
:1073200012007A9AEE12007990EFF012007E952406
:107330000512007A7012007E9F9000314F12007A81
:10734000DAEE12007990E0FDEFD39D400F9000310E
:107350004F12007AC1EE12007990EFF012007E9584
:10736000240812007A70D394324006743212003628
:10737000527E007F04EEC0E0EFC0E0900060281273
:10738000007A694480FD9000601BE075F0EAA42457
:10739000CCF9740835F0FA7B01D0E0FFD0E0FE12A2
:1073A000003A819000602812007A6912007CB9903E
:1073B00000317001752712007CA89000602B12002C
:1073C0007DCEE9240212007A70C3940640037F0048
:1073D0002212007CF8240312007A70700B90006077
:1073E00021F0A3E004F0800A90006022E0B4FF02E4
:1073F000E4F012007CF8240512007A70FF7021126C
:10740000007C021200798BE0FE90006022E0FD1209
:10741000007AA212007D192D120079A9EEF0802ABF
:1074200012007D21900031521200799AEFF0ED1296
:10743000007A5AED12007990E0700F75F078ED1235
:10744000007A5DED12007990EFF012007CF82403D1
:1074500012007A70FF12007D2175F0789000317172
:107460001200799DE0FCEFD39C400E75F078ED9012
:107470000031711200799DEFF012007CF8240612A1
:10748000007A70FF90006022E0FE75F078ED9000C9
:1074900031581200799DEFF09000602B12007A694C
:1074A0009000316412007998EFF012007CF8240407
:1074B00012007A709000317712007998E0FEEFD3D5
:1074C0009E401112007D2175F078900031771200F6
:1074D000799DEFF09000602B12007A6964016003DF
:1074E0000179489000601B12007E561200798BE0F3
:1074F000440112007FBB5430601590005D3A1200C9
:107500007FC2900032591200798BEEF001794890D9
:10751000005200E0245AF582E4344F12007C2D1210
:10752000007CB99000325912003857EE1200799061
:10753000EFF001794812007CA829F9EA3EFAE92423
:107540000712007C531201CA5E12007D27900032A0
:107550000F12007AE3ED2583F583C083C082120009
:107560007CD2D082D08375F00212003857EEF0A39F
:10757000EFF001794890006021E0D39406400301C8
:10758000793E12007CA829F9EA3EFA9000602E129A
:10759000003883C233E490006023F090006021E063
:1075A000FF90006023E0FEC39F505E12007C7A24AF
:1075B0000212007A70547FFF12007D2712007A01B8
:1075C000ED2583F583C083C08212007EA6D082D0D1
:1075D0008312007C93759300120079A6E0547F6FAC
:1075E000701E9000601BE0FF9000317112007AEF76
:1075F00012007D192D120079A9E0600DD2338009A7
:1076000090006023E004F0809212007C7A2404123F
:10761000007C531201CA5E90006026EEF0A3EFF0EA
:1076200090006022E012007CB912007AA6EE1200EF
:107630007D1A2F120079A9E06401704712007A596F
:10764000EE12007990E06401600C12007A59EE129B
:107650000079907401F0D390006027E094C090000E
:107660006026E09400401CE4F0A374C0F0FF7E00AC
:107670001201CA5E12007C7A12007DEAEE8FF012CF
:10768000003708203303017808120079E7EE2583DC
:10769000F583C083C08212007EA6D082D083120000
:1076A0007C93C083C08212007E27D082D083258243
:1076B000120079A9E06F700301779012007A59EEF9
:1076C00012007990E06403700301790212007C7A61
:1076D000240212007A7012007E9F12007A01EE12CC
:1076E00000799012007F0FC083C08212007E27D0E5
:1076F00082D0832582120079A912007A0CEE120042
:10770000799012007F0FC083C08290006023E0FE5A
:10771000759300D082D0832582120079A912007C53
:10772000001200798BE0B4092012007C34C083C0C1
:107730008212007CD2D082D08312007C9375930099
:10774000120079A674F0F0802D120079C2EE258324
:10775000F583C083C08212007CD2D082D083120015
:107760007C93C083C08212007E27D082D083258282
:10777000120079A9EFF012007C7A240312007A70CB
:107780005403C43354E012007CB9900031C58054D6
:107790009000601BE0900031A112007B10EF258368
:1077A000F583C083C08212007CD2D082D0831200C5
:1077B0007C93C083C08212007E27D082D083258232
:1077C000120079A9E0FF90006026E0FCA3E0FDD361
:1077D0009FEC94005003017902CFEDCF12007CBAE8
:1077E000900031A112003857EE2583F583C083C085
:1077F0008212007CD2D082D08312007C93C083C0DE
:1078000082900060230178F2120079E7EE2583F57B
:1078100083C083C08212007EA6D082D08312007CF7
:1078200093C083C08290006021E0759300D082D025
:10783000832582120079A912007A0CEE1200799049
:1078400012007F0FC083C08290006021E0FE75931C
:1078500000D082D0832582120079A912007C001208
:1078600000798BE0B4092012007C34C083C08212FE
:10787000007CD2D082D08312007C937593001200DA
:1078800079A674FFF08031120079C2EE2583F5836A
:10789000C083C08212007CD2D082D08312007C933D
:1078A000C083C08290006021E0759300D082D083B5
:1078B0002582120079A9EFF012007C7A24031200CD
:1078C0007A705403C43354E012007E9FFE9000315E
:1078D000C512007B27EE2583F583C083C08212008A
:1078E0007CD2D082D08312007C93C083C08290006F
:1078F0006021E0759300D082D0832582120079A99F
:10790000EFF012007CF8240512007A70B4092F12EF
:10791000007C7A2406F9E43AFA74FA12003652121C
:10792000007C7A240212007A70547F12007E9F90AD
:1079300000327812007B3FEE12007990EFF0203396
:107940000790006021E004F090006031120038637D
:1079500012003620FF90006024E48FF0120036CE33
:107960009000601CE0FEA3E0FFC390006025E09F54
:1079700090006024E09E50030172967F01229000E7
:107980006361E0FF75F0789000322B12003857EFFA
:107990002583F58375930022FFED75F0781200388A
:1079A00057ED2583F583E5822EF582E43583F58353
:1079B00075930022EFF09000322BEE75F078020004
:1079C00038579000602E12003863E92406F9E43A33
:1079D000FA12003620FF9000601BE0900031E9FEB3
:1079E00075F078020038579000602E12003863E975
:1079F0002402F9E43AFA12003620FF9000601BE0FE
:107A0000FE9000317D75F07802003857EFF090005D
:107A10006026A3E0FF900031A1EE75F078020038F7
:107A200057EE75F07802003857900062D07B007AEC
:107A3000007900E0FF75F0789000322122FFE0909D
:107A40000008FCFE75F0EA12003857E5822FF58237
:107A5000E43583F58375930022EE75F0789000315C
:107A600010020038579000640A12003863E92407B6
:107A7000F9E43AFA02003620F090002F71E0FD9010
:107A8000006162EFF0CFEECFA3E4F0EFA3F0E4A348
:107A9000F0A3F022FFE090003236FE75F07802008D
:107AA000385775F078EF9000315202003857EFF0F8
:107AB000E0FF75F01690002F8102003857900031DA
:107AC00011EE75F0780200385790003109ED75F02D
:107AD0007802003857E09000322BFE75F0780200F3
:107AE0003857EE75F0780200385790003272EE7514
:107AF000F07802003857900062CAE0FF75F07822F3
:107B000090006089E075F01690002F8B02003857C6
:107B1000FF75F078020038579000655EE0FF75F061
:107B20007822ED9000322175F078020038579000ED
:107B30006089E0FF75F01690002F8202003857FE32
:107B400075F07802003857A3E0900062D9F09000F9
:107B500062CBE0FD900062DA229000310CED75F00E
:107B6000780200385790006089E075F048A4249CA2
:107B7000F9740135F0FA7B012212003863CEEACEA7
:107B8000CFE9CF22E090003109FD75F0780200388E
:107B90005775F0EA900008D4020038579000641539
:107BA000E0FFA3E0FDA3E0FB22900062DAE0FE75B7
:107BB000F078EF9000323622900062CAE0FFA3E036
:107BC000FDE4900062D9F0A3229000316A75F0784C
:107BD00002003857E0FD75F01190002DB212003808
:107BE00057020038839000640DE0FF75F078900034
:107BF0003236221200388375F078EF90003221225D
:107C0000EFF09000601BE0FF75F0789000311022DB
:107C10009000649FE090000904FF75F0EA020038CC
:107C2000579000608CE024ABF582E4345BF58375FB
:107C30009300E022900031E9EF75F0781200385798
:107C4000EF2583F58322F0EF75F07890003107225D
:107C5000E92402F9E43AFA120036E4FFAEF0229089
:107C6000006089E0FF90002F7C75F0160200385705
:107C7000F075F078EF9000323B229000602E1200F9
:107C80003863E92275F01690002F8D1200385702E4
:107C900000386375F0060200385790006419E0FF61
:107CA00075F0789000323C229000601E120038631C
:107CB00090006024E0FEA3E022FF9000601BE0FE45
:107CC00075F0782275F01190002DB512003857E448
:107CD000F02290006022E075930022FDEF75F0EA3B
:107CE00002003857FE75F07802003857F090002FE8
:107CF00071E0FD90006162229000602B12003863F9
:107D0000E92290006421E0FF7C017D780200366664
:107D10001200388375F078EF22EF2583F583E58232
:107D20002290006022E0FE9000601BE0FD229000A7
:107D30006254E0FF90006256E022E075F016A42441
:107D400087F9742F35F0FA7B0122EF75F0EA020013
:107D50003857ED75F078020038577B017A60798FDB
:107D600090006201120038839000608BE090006206
:107D700004F0A322F075F078EF900031102290000B
:107D8000649FE0FF75F07890003234229000641B0D
:107D9000E0FF9000641922120038837B007A00799A
:107DA0000022740FF075F078EF9000323A229000C4
:107DB00062CAE0FFA3E0FD2290006256E0FF227558
:107DC000F0EA90000926120038577593002229F92D
:107DD000EA3EFA0200388390002F9002003857756F
:107DE000F005A429F9EA35F0FAE92404F9E43AFAAD
:107DF00022E0FF75F0789000321F2212003863E90C
:107E00004A4B22EB54F0FFC4540FFEEB540FFCCB53
:107E1000EECB9000628122900042EAE0FF22CAEE9F
:107E2000CAC9EFC97B012290006023E0759300224C
:107E300075F00812003857E0FEA3E0FF90006521BE
:107E4000E0FD2290006375E0FF22E09000655EFD9A
:107E5000E09000616222E0FF75F078900031092225
:107E6000EE75F07802003857A3F09000640A020023
:107E7000386390006253E075F0C090000FAA0200D2
:107E80003857E4F075F078EF9000321F22A3F0A38A
:107E9000F0FB7F04229000602812003863E922FF83
:107EA0009000601BE02290006022E0FD75930022AC
:107EB000900062D0E0FF75F078229000608BE0FFC8
:107EC0007E00EE22E0FD75F078EF9000314D22CE7D
:107ED000EDCEEFC39402227E017D0002003A817B49
:107EE000017A6079999000616C0200388375F01610
:107EF000A42483F9742F35F0FA7B012275F078EF12
:107F00009000323422E0FF75F078900031512275F4
:107F1000F006ED0200385790002DAF02003857EF01
:107F2000F0A3EDF0A3EBF02290003105E075930093
:107F300022E0FF75F0789000323B22E0FF75F07888
:107F40009000321B221200365275F078EF9000310B
:107F50001D22FE12003857E5822F22F0900042EBDE
:107F6000E02290006419E0FF9000641BE0FD22E035
:107F7000FF90006089E022120036529000608EE08F
:107F800004F02274072FF974313E22EFF0A30200AF
:107F90003883744B2FF974323EFA7B0122E0FF9054
:107FA00000608AE0229000608EE029F9E43AFA222B
:107FB000759300E0FE90006374E022F0900051E3BE
:107FC000E022E0FE75F078EF22900062D2E0FEA39E
:107FD000E0FF2290006412E0FF2275F016EF12001D
:107FE0003857E0229000608AE0FF229000649FE012
:107FF000FF2290006526E0FF2290005AD9E075F03C
:1080000003A424E4F582E4345AF583759300E090E8
:10801000006301F0A37408F0E490006300F09000A6
:108020006302E0FF90006301E05F700301852B12A3
:108030000150B1248BF582E4345F12015073FE903D
:10804000006303F0747A2FF582E4345F12015073F9
:10805000FF90006304F07B827ACA79B390006300DA
:10806000E0FD90005FA0E4F0A3EDF0EEFDA3E4F0EE
:10807000A3EDF0A3E4F0A3EFF012008571B4601556
:10808000A3E070117B827ACA79D7120044819000F4
:1080900063047403F090006304E0FF7003018494B0
:1080A00020E30301815D90006303E020E30301818D
:1080B000447B827ACA79DD90006300120151151267
:1080C0000044817B817A4A79DC1201C19D12015002
:1080D000B11201B6E7EF603FC2E890005AD3E090DA
:1080E000005F7EF0D2E87B827ACA79FF1200448179
:1080F00090005F79E0FD90006300E090006162F025
:10810000A37403F0A374E8F0A37403F0A374E8F07D
:10811000E4FBFF12012DD9120150B11201506C4441
:1081200008F074942FF582E4345F12015073FFC39A
:10813000940240291201C9277B827ACB7918120058
:10814000448180197B827ACB79271201512F12004A
:10815000855A1201506C54F7F01201B580900063FB
:1081600004E020E00301821C90006303E030E0069D
:10817000120150F38004120150FA120150E07B8288
:108180007ACB79480184DC120150675401FF9000DA
:108190006303E0FE54016F6079EE30E02E90005AE8
:1081A000DFE0C3940850147B827ACB796612008595
:1081B000667D1E7C001201A16080617B827ACB7992
:1081C0007490005ADF12015115804D120150B11206
:1081D00001506C54FEF074992F120150B8120150E6
:1081E000B11201511C120150BD30390A90005F9349
:1081F000E06F7002C2391201508B12015073FFC33D
:10820000940240181201C9271201508B120150BD6F
:10821000800A7B827ACB79911200448190006304BA
:10822000E020E1030182EA90006303E030E10612FE
:108230000150F38004120150FA120150E07B827A5F
:10824000CB7998120085661201506CFE5402FD90A5
:10825000006303E0FC54026D601CEC30E111748F8C
:108260002FF582E4345F120151394402F080071285
:1082700001506754FDF090006303E0FF20E16B5470
:1082800021642170651201508B12015073FFC39459
:1082900002405790003107120150C512015073304F
:1082A000E70D1201508B12015073FF1201C9271202
:1082B00001508B120150BD7B827ACB79B5120044FC
:1082C00081120150B12499F582E4345F1201507398
:1082D000C39405501590005F80E0700E7D1EFC1267
:1082E00001A16090005F807401F090006304E030B1
:1082F000E26690006303E030E206120150F380046E
:10830000120150FA120150E07B827ACB79CE120032
:108310004481120150675404FF90006303E0FE544F
:10832000046F602AEE30E2137B827ACB79EC120084
:108330004481120150674404F0801D7B827ACC791D
:1083400001120044811201506754FBF0800A7B82C5
:108350007ACB79911200448190006304E020E40319
:1083600001850E90006303E05403640360030184FD
:108370008690005F80E0C39402500301850E7B82EB
:108380007ACC791612008571FF30E106120150F3A4
:108390008004120150FA120150E0EF30E0061201A1
:1083A00050F38004120150FA90005FA3120038834A
:1083B0007B827ACC792B120044811201508B1201FE
:1083C0005073FF600790006305F080587B017A636B
:1083D000790590006300E0FD12015DD3EF700301A9
:1083E00084811201514090006300E0FE1201509020
:1083F000F583759300EFF0EEC454F0FE9000321C4C
:10840000120150C512015139F090006303E030E6CB
:10841000131201514090003151120150C612015007
:10842000734480F090006300E0FE0490003106F099
:108430001201514075F07890003234120150C9F5A4
:10844000837593007405F074992E120150B8900052
:108450005F80F090005F7FE0FD900061621201514B
:108460000112015103E4FBFF12012DD97B827ACC6A
:108470007942900063051201511512004481018573
:108480000EC23901850E7B827ACC795F120044815D
:10849000C239807A7B827ACC79711201512F120114
:1084A00050AA90006303120150A590006304E0FFFE
:1084B00090005FA4E4F0A3EF1200855A1201511C52
:1084C0001201507320E01C748B2FF582E4345F128C
:1084D00001507330E00D7B827ACC79951200448193
:1084E000018187120150B11201511C1201507330E9
:1084F000E41C748B2FF582E4345F1201507320E486
:108500000D7B827ACC79A71200448101836312012A
:1085100050B1248BF582E4345F12015073FE746B0A
:108520002FF582E4345F12015139F090006301E0CD
:10853000FFA3E0FEF4FDEF5D90006301F05478606E
:1085400018EE25E090006302F090006300E004F074
:10855000E0C39404500301801E22F0120044819075
:10856000006300E0FF221200448190006300E0FFFE
:10857000221200448190006303E022900060071201
:10858000003863E924AFF9E43AFA12003620FD908E
:1085900000600712003863E924AEF9E43AFA1200E9
:1085A000362075F004A4FF9000600712003863E9DC
:1085B00022FF9000605212003863E92416F9E43A71
:1085C000FA1200388CE92FF9EA3EFAE92403F9E4BB
:1085D0003AFA02003620F090005F3E12003863E95C
:1085E0002416F9E43AFA0200388C90005FF9E09022
:1085F00000326CFF75F07812003857EF2583F58351
:1086000075930022FF90005F3E12003863E92290CC
:1086100000605EE0FF9000605212003863E922754E
:10862000F004A4FF900060E512003863E922900096
:108630005F2B12003863900062881200388390002C
:108640005F2EE09000628BF090005F3B0200386389
:10865000F9E43AFA120036E4FF900060DE120038C6
:1086600063E922759300E090005F33FEE0FD24ABE8
:10867000F582E4345BF583759300E0222404F9E489
:108680003AFA020036E49000600D12003863E924E3
:1086900002F9E43AFAEF02003652900061B3E0903A
:1086A0000061AB75F004A4FF12003863E92FF9EA0A
:1086B00035F0FAE92290005C91F090005F3E1200E4
:1086C0003863900060BF1200388390005F2B020077
:1086D0003863CAEECAC9EFC97B0190006016120068
:1086E00038839000601612003863E94A4B229000EC
:1086F0005FF9E0FF90005FFCE0FD90006013120066
:108700003863900060DE120038839000600712002A
:108710003863900060E10200388390005FFE120031
:10872000386390006006E02401FF90006005E034AB
:1087300000FEE92FF9EA3EFA02003620E075F00467
:10874000A4FFAEF0900061AB02003863A3F0E4A395
:10875000F0A3F0A3F0A32224AFF9E43AFA740102E3
:108760000036362404F9E43AFAE5F08FF0020037D7
:1087700008E075F004A429F9EA35F0FA020036E4BD
:108780009000600D12003863E9229000605EE0C343
:108790009401FFE49400FE7802EF229000604F12F3
:1087A00000388390005F3E0200386390006106123B
:1087B000003863E9240122C39401FF131313541FEB
:1087C00090005F32F0EF5407A3F090005F32E0FFBB
:1087D0002442F582E4345F2224AEF9E43AFAE4025A
:1087E0000036522420F9E43AFAED020036529000A5
:1087F000604C12003863E4F5F002003708F0A3E49F
:10880000F0A37406F0E4A3F0A37408F0A322900090
:108810005F58E0FFC3940874809480229000601039
:1088200002003863E92401F9E43AFA229000601367
:1088300012003863E922FE9000605DE02EFEC374F2
:10884000089EFEC8EEC8EF082290006016020038AD
:1088500063241EF9E43AFA22FE75F07802003857D4
:1088600029F9EA3EFA120036E4FF90006055E5F07F
:1088700022CAEECAC9EFC97B01229000610612002C
:108880003863E9240822900061F6E0FF75F07890E3
:1088900000326F22F0A37481F0A3E4F0A3747FF0A0
:1088A0002290005F3E02003883FF7E00C394017473
:1088B000809480227B007A00790002003883900047
:1088C000610312003863E9240722E92FF9EA3EFA2E
:1088D000E92402221200388375F078EF22900060BC
:1088E0005EF0E022E0FF90005F58E022FF7E009003
:1088F000006005EE8FF0020036CE90006003E0FECF
:10890000A3E02290005FFE1200386390006005E053
:10891000FEA3E02922131313541FF0E490005F54C8
:10892000F022E0FF90005F54E0FEC39F22900060C1
:1089300003FFE4F0A3EFF022FF90006003A3E02226
:10894000C8E9C8CCEACCCDEBCD222408F9E43AFA48
:1089500022FF9000600D02003863FF900061FB026F
:10896000003863FF900061AFE0FEEF9E22F09000C0
:10897000604F020038639000605EE0C39401229073
:108980000064B412003863120036E4FF2290005FE6
:108990005102003883EE2583F583E5822FF582E4CA
:1089A0003583229000610C020038832406F9E43AF2
:1089B000FA222407F9E43AFA227480F0A37406F04C
:1089C000227401F0A3E4F0A32212003863E9240624
:1089D000229000316475F0780200385775F004A4D5
:1089E000FFAEF02290005F58E004F02290005F5448
:1089F000E004F02290005FFCE064802290006109B6
:108A000012003863E9241922131313541FF0900045
:108A10005F5B2290005F54E033333354F822F074EC
:108A2000FF02003636ECF0A3EDF090005C90E022FF
:108A3000FFC374089FFF22F45E02003652FFC3EDAD
:108A400094016F22E490005F58F022CEEACECFE985
:108A5000CF2290005FF9E0FF222403F9E43AFA22E2
:108A6000900061F812003863E9229000604C120017
:108A7000388390006059E4F0A304F0302004E4FE51
:108A8000FF22120086152408120085CE64016003BF
:108A9000018D1290006055F0A3F0120087EEE49073
:108AA000006060F0120086152406120085CEFF904B
:108AB000006058F0120086152409120085CE90003F
:108AC000605FF0EF54079000605DF0E49000605B41
:108AD000F090006058E0FF131313541FFE900060E5
:108AE0005CF0EF5407900060571200896DE92E1278
:108AF0000085CE9000605EF01200861524091200F9
:108B000085CEFF7E00D312008815403D9000605F47
:108B1000E0FD120088154003018B9D9000605EE02F
:108B2000FC9000605DE02DFDC374089DFDC8EDC89C
:108B3000EC088002C333D8FC120088DDFCC8EDC805
:108B4000088002C313D8FC804FC3EF9408EE648002
:108B5000948050499000605EE0FF9000605DE012FC
:108B60000088428002C313D8FC120088DDFFC8EEE3
:108B7000C8088002C333D8FC120088DDFFA3E012CE
:108B80000088368002C333D8FC120088DDFFC8EEAF
:108B9000C8088002C313D8FC9000605EF0900060AB
:108BA0005EE070139000605DE012008A309000601B
:108BB0005BE02FF0018CCF900060571200881240CC
:108BC00003018CCF74AB2F12008670FF9000605EA3
:108BD000E05F7003018CBE90006060E06003018C78
:108BE000AB041200896D9000605CE029120085CE14
:108BF000FEEF12008A37120086152415120085CE6A
:108C0000FF120088AC5003018C8CEF6401701312CA
:108C10000086151200867CFFAEF090006055EE01D4
:108C20008CA6120086152415120085CEFD12008731
:108C30008FC333CE33CED8F9120085B112008A3DEE
:108C4000900060526030120085DBEBC0E0EAC0E0CB
:108C5000E9C0E0120086152415120085CEFD9000B3
:108C6000605BE0900061AFF0D0E0F9D0E0FAD0E0D6
:108C700012008F4A8010120085DB9000605B1200AA
:108C8000877112008869F0A3EFF0807A12008615D0
:108C9000240D1200867EFF9000605BE02FFFE4351C
:108CA000F0FE90006055F0A3EFF0229000604C12AF
:108CB000003863E475F00112003708018F4090001E
:108CC000605BE004F090006057E004F0018BB79027
:108CD00000605DE0540712008A30CDEFCDCFCF9019
:108CE00000605FE0FEC39F4010CFCFEE9FF0CFCF7C
:108CF00090006058E02FF08006E49000605FF090F4
:108D000000605FE07003018F40E49000605DF0015F
:108D10008AD19000605212003863900060BF120048
:108D200038831200896E1201221A90006055EEF00D
:108D3000A3EFF090006055E0FCA3E0FDCFEDCF90F5
:108D400000605EF04C7003018F3C12008615240811
:108D5000120085CE120088144003018E7212008624
:108D6000152406120085CE5407FF9000605DF0A325
:108D7000E0FE9000605DE0FDC8EDC8EE088002C333
:108D800013D8FC120088DDFEC8EDC8088002C3338A
:108D9000D8FC120088DDFE12008615240912008519
:108DA000CE2F12008A30C8EFC8EE088002C333D835
:108DB000FC9000605EF0120086152401120085CE42
:108DC00064606003018E50120087EE1200860F244B
:108DD00009120085CE1200883D8002C313D8FC9092
:108DE00000605EF0120086152415120085CE120078
:108DF00088A95003018F2AEF6401701C9000605213
:108E0000120085DB12008976FFEE12008794C333CF
:108E1000CE33CED8F9018EB8120086152415120073
:108E200085CEFD1200878FC333CE33CED8F9120022
:108E300085B112008A3D6003018EDE9000605212FF
:108E40000085DB1200878AC333CE33CED8F9806821
:108E50001200860F2409120085CE12008836800287
:108E6000C313D8FCFF9000605EF090006055E401F1
:108E70008F36120086152401120085CE64606003CF
:108E8000018F3C120087EE12008615241512008512
:108E9000CE120088A95003018F2AEF6401701F9041
:108EA000006052120085DB12008976FFEE12008707
:108EB00094C333CE33CED8F9120088608078120084
:108EC00086152415120085CEFD1200878FC333CE80
:108ED00033CED8F9120085B112008A3D603390007C
:108EE0006052120085DBEBC0E0EAC0E0E9C0E012AE
:108EF0000086152415120085CEFD1200897690009B
:108F000061AFF0D0E0F9D0E0FAD0E012008F4A80F3
:108F10002590006052120085DB1200878AC333CE91
:108F200033CED8F912008860800C1200861512002A
:108F3000867C12008869F0A3EFF08000120087EEB3
:108F400090006055E0FEA3E0FF22FB12011689901D
:108F5000006055EE22900064F7E0A3FFE0FE75F09C
:108F6000EA900008F412003857E5822FF582E435C4
:108F700083F5837593002290006487E090003110A0
:108F8000FF75F07812003857EF2583F5837593004D
:108F90002275F00812003857E0FCA3E0FDEF9000C6
:108FA000091075F0EA0200385775F0EA90000904DC
:108FB00002003857F0EF75F0EA9000091802003807
:108FC0005775F00512003857E0FCA3E0FD9000094A
:108FD00026EF75F0EA02003857E0FE900008F0EF47
:108FE00075F0EA12003857E582229000092275F0E8
:108FF000EA12003857759300ED75F00812003857E3
:10900000E02290006487E0FFA3E0FD22E0FF9000F3
:10901000092675F0EA02003857759300EE75F002E4
:109020000200385790006484E0FF9000311175F021
:109030007812003857EF2583F5832290006247E0CD
:10904000FF90006246E0FE75F0EA900008FC227591
:109050009300EF75F003120038570200386375F083
:1090600003120038570200388390006488E0FF90B4
:10907000006487E0FD7428900063F0F0E4FB229028
:10908000003116ED75F0780200385790006247E025
:10909000FF90006246E0FD22900008A702003857CA
:1090A000E0FD90006162EEF0A3E4F0A3EFF0E4A332
:1090B000F0A3F022759300E0FF90006356E0FE7489
:1090C00001C8EEC80822759300ED75F00202003861
:1090D0005790006353E090006352FFE075F0EA9010
:1090E0000008D022E075F0EAA42420F9740935F0D4
:1090F000FA7B01A375F008E0A429F9EA35F0FA2219
:10910000900060EBE0FF900060E8E0229000624396
:1091100012003863E9229000323CEE75F0780200CC
:109120003857E5822EF582E43583F5837593002266
:109130009000092575F0EA02003857F9E43AFA027E
:10914000003620FFE0FD7410900062BBF0E4FB22CB
:109150009000647EE0FF75F0EAEE222FF582E435A0
:1091600083F583227E007A58796B7B01020035A259
:10917000E090006352FFE075F0EA900008CC229086
:10918000006488E0FF900064872224F1F582E434D3
:1091900060F58375930022E4900061D1F0A304F0A0
:1091A000E4FF22EFF0A3EDF0A3EBF022900064F9CE
:1091B000E0FFA3E02290006246E0FF22E0FE75F0AF
:1091C000EAEF2275F078EF90003113229000648569
:1091D000E075930022E075F0EA900008F422EFF0C9
:1091E000EDA3F0900057C5E022ED75F0780200384D
:1091F000577B007A007900E0FF2224E0FD7B017AB2
:109200006379517401F022EE75F0EA02003857E0FC
:10921000FB7A00CFEDCF74017E00C8EFC808229022
:10922000006247E0FF2290006247E0FD9000624646
:10923000E022759300EC75F00202003857F074AA32
:109240002FF582E43412F583759300E022E4F07583
:10925000F0EAEE229000650FE0FF2290006485E0C6
:10926000FE75930022F582E43430F583759300E0B7
:109270002275F0EAA424D8F9740835F0FA7B0122AB
:1092800075F0EAEE900008AF2274C72DF582E43441
:1092900057F5837593002290006486E07593002251
:1092A000900061D6E0FF22EF75F0EA9000092322DA
:1092B00090006480E0FE75F0EA221200388390008E
:1092C000648102003863EFF0A3EDF07E0290005756
:1092D000C2E02290006484E0FF22EE8FF01200369C
:1092E000CE75F0EAED22FFEE5AFEEF5B4E2275934B
:1092F0000075F003EF2275F0EA90000920020038B3
:109300005790006489E0640222F090005200E0FF70
:1093100022900063F07420F0E4FB22900061D7E01B
:10932000FE75930022E0FEA3E029F9EA3EFA2290BE
:109330000061D7E0900061D62290006247E0FE75A0
:109340009300229000624BE0FCA3E0FD22900062BB
:1093500047E0FC75930022F075F078EF9000321F23
:1093600022900064FDE0FF75F07822900057C1E084
:10937000FF229000655CE0FD2290006508E090000F
:109380006507229000647EE0FF22FE75F0781200EF
:109390003857EE2290006487E0FF2290006488E056
:1093A000FF22900062CC7401F0900042EAE090004D
:1093B00062CAF012007DF11200798BE0900062CB5E
:1093C00012007C461200798BE020E7030197E91236
:1093D000007AF6900032361200798BE0120038FDE8
:1093E000946802945B03947504948B0596B7069673
:1093F000C30794B00996360A96620B95AB0C968D0E
:109400000D958F0E96460F96721095BB11969C1275
:10941000941A18946819000097E975F078EF120013
:109420007987E06003019726900062CAE0FF7B0124
:109430007A6279CB120186F9900062CAE0BF010D11
:1094400012007BEA1200798B741901957A12007B65
:10945000EA1200798B741BF001972612007DAE7B17
:10946000021201949601970B12007DAE7B1212003E
:10947000F65B01970B12007DAE900062D47405F08C
:109480007B127A001200FA0A01970B12007AF6900A
:1094900000320D1200798BE0FAA3E0FB900062CB62
:1094A000E0FD900062D47409F01200FA0A01970BF3
:1094B00012007AF6900031131200798B1200386393
:1094C000900062CD12003883E9240E12007A706099
:1094D0000301957F900062CD12003863E9240F12DA
:1094E000007A70600301957F75F078EF9000311B72
:1094F0001200798BE4F0A37404F07D06FF7E001265
:10950000019FED12007E1E12007AF69000311D12AE
:1095100000798B12007D109000311D1200798B12A2
:1095200000386374041200365212007AF69000314B
:109530001D1200798B12003863E92401F9E43AFA2C
:10954000740312007F451200798B12003863E924FE
:1095500002F9E43AFA740912007F451200798B127D
:10956000003863E92403F9E43AFA7404120036522D
:1095700012007BAF1200798B740CF0E4019721127A
:10958000007BB8740EF0E4FB1200CB7901970B124C
:10959000007AF69000311B1200798B12007B477421
:1095A0000CF0E4FB1200CB7901970B12007BB8742E
:1095B00011F07B031200CB7901970B12007AF69021
:1095C00000310A1200798BE0FCA3E0645E7003ECCA
:1095D0006404900062CA7041E0FE900031201200E5
:1095E0007A05EE12007990E4F0A37414F07B017A0E
:1095F0003079DD9000312212007A19EE1200799054
:10960000120038839000312A12007A21EE1200797C
:109610009012007B47740B8013E0FF75F078900088
:10962000312A1200798B12007B47740AF07B0312F7
:1096300000CB7901970B12007BB8740FF07B0112FD
:1096400000CB7901970B12007AF6900031201200BE
:10965000798B12007B47740BF07B011200CB7901F0
:10966000970B12007BB87410F07B021200CB7901CB
:10967000970B12007AF6900031251200798B1200B8
:109680007B477406F07B021200CB79807E12007B50
:10969000B87412F07BEE1200CB79806F12007AF66C
:1096A000900031481200798B12007B477406F07BE2
:1096B000EE1200CB79805412007DAE7B0712018838
:1096C00006804812007AF6900031101200798BE083
:1096D000FF64016004EFB4081012007AF6900032C3
:1096E000361200798BE4F0803812007AF69000315F
:1096F000701200798BE030E51A900062CBE0FDE457
:1097000090006369F07B0112018B1D900062CCEF29
:10971000F0801312007AF6900032361200798BE452
:10972000F0900062CCF0900062CA12007982E0648E
:109730000E601212007BAF1200798BE06007641B91
:1097400060030197DF12007AF69000321F12007951
:109750008BE0FF1201BD2112007AF6900032361222
:1097600000798BE06025900062CAE0FE9000322B09
:1097700012007A1AEE12007990740EF090003236D0
:1097800012007A21EE12007990E4F012007D751239
:1097900000798BE024F86007146004240870279097
:1097A0000062CAE0FFE4FD12013059EF900062CA86
:1097B0006003F0801112007982740EF012007BAF0A
:1097C0001200798BE4F0900030F5E0900062CA124C
:1097D000007E4F12007A8D12007E8D02012DD990ED
:1097E0000062CCE070030193CF22900061E612008A
:1097F0009FE612009C07E0540F900061EAF0E490AD
:109800000061E7F0900061EAE0FF900061E7E0C3EB
:109810009F4003019BF9E4A3F0900061E7E0900012
:1098200061E612009C14FD900061E8E0FCC39D40DD
:1098300003019BD212009D4EEE12009C0C75F006A7
:10984000EF12009DD0E5822C12009C2A54606460C7
:109850006003019BC8900061E7E0FE12009E3C900F
:1098600000315212009E60E5822E12009C2A640391
:10987000600301995C75F078EF9000316412009EEE
:1098800063E5822E12009C2AB40121900061E7E07A
:10989000FDA3E0FB120193AEEF7003019BD2120017
:1098A0009E3C75F0789000325B01995612009E3C08
:1098B00075F0789000310A12009C07E0FCA3E06488
:1098C0000B7003EC6406600301995C75F078EF900F
:1098D00000310C12009C07E0FEA3E064707003EE00
:1098E0006422707812009F6B9000316412009C1A01
:1098F000706A7D017F10FE12019FED900061E612FB
:10990000009D9175F0789000326212009C07120061
:10991000388375F078EF9000326212009C071200D5
:109920003863EA494B7003019BD275F078EF9000E1
:10993000325B12009C0712009EFD9000325C120008
:109940009C0712009EFD9000325D12009C071200E1
:109950009EFD9000325E12009C07E4F07B017A616C
:1099600079E912019508EF7003019BB612009E6D14
:1099700012009CA8C083C082E0900061E612009FA4
:109980001ED082D083F0900061E7E0FE90002F7C33
:1099900012009E47EEF0900061E8E0FFA3E0FE7544
:1099A000F01612009D2CEFF090002F7F12009D46C4
:1099B000E4F075F016EE90002F8012003857EE128A
:1099C000009D11ED2583F583C083C08212009F277F
:1099D000D082D08312009DCD12009C27FF12009DE3
:1099E00042EFF012009D42E0FD12009E3C7B017AA6
:1099F0006179EB1201B63612009E3CC39408502BDD
:109A0000900061E9E0540F4460FE900061EBE0FDDE
:109A100075F0EAEF900008B712003857E5822DF58F
:109A200082E43583F583759300EEF0900061EBE0FE
:109A3000C454F0F012009E6D75F01612009D2CC0FB
:109A400083C082E0900061EB12009F1ED082D08321
:109A5000F0900061E6E0900031C512009D09EE250E
:109A600083F583C083C08212009F27D082D0837584
:109A7000F00612003857C083C082900061E8E0759C
:109A80009300D082D083258212009C2AFDEF541FC0
:109A9000FFED4F759300F0900031A112009F44EE4E
:109AA0002583F583C083C08212009F27D082D08394
:109AB00075F00612003857C083C082900061E8E05C
:109AC000759300D082D083258212009C2AFF9000DB
:109AD00061ECE4F0A3EFF012009E3C900061E9E03D
:109AE000FD1200F836EF64016003019BC89000612D
:109AF000ECE0FEA3E0FFD39410EE94005048C37452
:109B0000409FFF900061E9E0FE90002F8B12009DC6
:109B100047EFF0EE75F048A4249CF9740135F0FA93
:109B20007B01900061ECE0FEA3E029F9EA3EFA1225
:109B3000009E6D75F01612009CF112003883120021
:109B40009E43E4F08040900061E9E090002F8B128A
:109B5000009E4874C0F07D02FF7E0012019FED90D0
:109B60000061E912009D9175F01612009CF112003F
:109B7000388312009CED12003863EA494B600712EB
:109B8000009E437408F012009E6D1201A75A120045
:109B90009F6BFE75F0789000315212009C1EB40944
:109BA0002712009E6D9000327612009F44EE120044
:109BB0009C0CEFF0801212009E3C75F07890003201
:109BC0007612009C0774FFF0900061E8E004F00159
:109BD0009819900061E6E0B4011512009E6D9000A6
:109BE00061E7E02426F582E4345F12009FF0F090F4
:109BF0000061E7E004F00198042290006262E090C6
:109C000000322BFF75F07812003857EF2583F5836B
:109C100075930022FFE090003177FE75F078120016
:109C20003857EE2583F583E5822FF582E43583F5F9
:109C300083759300E02290006263E075F01190005C
:109C40002DBF0200385774047B017A63797A900043
:109C5000639CF02290006262E0FE75F07890003222
:109C60002B0200385790006262E0FF75F07822FF07
:109C700075F01112003857E0FCA3E0FDEF75F0110C
:109C800090002DB7020038579000637AF074017B82
:109C9000017A63797A9000639CF022EE75F07890F7
:109CA00000310702003857EF90002F7B75F0160245
:109CB00000385790002DAEE0FD90006262E0900009
:109CC0006162F0E4A3F0A3F0A3F0A3F022EE75F03C
:109CD000780200385790002DAFEF75F01102003870
:109CE0005775F078EE900032340200385775F01650
:109CF000EF90002F8D0200385790006263E075F0FE
:109D00001190002DBD02003857FE75F07802003822
:109D100057F09000317DED75F07802003857F0046F
:109D20007B017A63797A9000639CF02290002F7D0A
:109D3000020038579000639C74047B017A5A79D4EE
:109D4000F02290002F7EEE75F0160200385790003A
:109D500031C5EE75F078020038579000639C7404AA
:109D60007B017A5B79A2F02290002DBB020038576C
:109D7000900061E2E0FF9000019475F04802003825
:109D800057E5C7F0A3E5C7F0A3E5C7F0A3E5C7F023
:109D900022CAEECAC9EFC97B01E0FF229000323C23
:109DA0000200385790006265E0FFD390006267E0E0
:109DB0009F90006266E02275F01190002DB00200C5
:109DC0003857E4F075F078EF900032342275F006E1
:109DD000120038577593002290006262E0FF221251
:109DE000003863E92FF9E43AFA0200362090006166
:109DF000E2E02401FFE433FEC3EF22E0FF1E7C011A
:109E00007D781200366674072FF974313EFA7B01B3
:109E100022E0FF25E025E02473F582E4342F229030
:109E2000006268E0FF22ED75F048020038577B01C0
:109E30007A5B79A79000639C7404F022900061E63D
:109E4000E0FF2290002F8CEF75F01602003857FECD
:109E500075F07802003857E090006268F0640222E2
:109E600075F07812003857EF2583F5832290006152
:109E7000E9E0FF229000639C74027B017A63797AA7
:109E8000F022E075F003A424E4F582E4345AF5836B
:109E900075930022E075F003A424E3F582E4345ABC
:109EA000F58375930022E0FEA3E0FF90006263E07B
:109EB000FD22E475F001120036CEFED3E5F09410D9
:109EC000EE94272290002DB202003857900061E0F6
:109ED000E024DBF582E4345A227E007F047D000218
:109EE000003A817B017A5A79D89000639C7401F022
:109EF0007F3722F075F078EF9000322922E4F07578
:109F0000F078EF22900064A8E0FF229000019912FF
:109F1000003857E02275F078EF9000323C22FEE0E6
:109F2000FDEE4D75930022900061E7E075930022ED
:109F3000A3E0FD90006266E0FAA3E0FB22900064DB
:109F4000A9E0FF22EE75F078020038571200365271
:109F500090006265E004F02275F01190002DAF02D0
:109F6000003857900064A9E004F022900061E7E017
:109F7000FF900061E6E022FF12003863EF02003636
:109F80005233333354F8900061E2F022EF25E0249D
:109F900037F582E4346022C2E8E4F5C6AFC7EF5477
:109FA000FC227B017A5B79A7227B017A637980228C
:109FB000E0FEA3E0C39D2290006264E09000061CD6
:109FC0002290006262E0FE75F07822900061E0E08D
:109FD000FF22900061E1E0FFC3940822547FFF90CC
:109FE0000064A8E06F22EFF075F078900031512204
:109FF000F583759300EF229000608912007F1FC2E5
:10A0000034900060987402F0E4A3F012007C5FE0EA
:10A010009000608CF090002F7D12007FDA540F903A
:10A02000006097F012007C2112007F9EFE2469F5EB
:10A0300082E4342F12007C2DFD5F605774692EF589
:10A0400082E4342FF583C083C08275930012007CB4
:10A0500021F4FFED5F759300D082D083F090006013
:10A0600089E0FF75F01690002F9012007CCBFC7DEC
:10A0700004ECC0E0EDC0E075F016EF12007AB5E038
:10A08000FD9000608912007D3AD0E0FFD0E0FE1222
:10A09000003A819000608A12007C061200798BE001
:10A0A000B4090D90006089E0FD1201574001A3B092
:10A0B0009000608C12007F9D9000316412007CE45F
:10A0C000EE12007D1A2F120079A9E06401600301ED
:10A0D000A1869000609A7420F09000325F12007A9E
:10A0E000EEEE1200799012007DFB6074900051E456
:10A0F000E030E11812007B65A3E0FF9000608CE087
:10A10000FD9000608B1200A3C77F002212007EBA70
:10A11000C0E0EFC0E012007B6578A77C427D01D0F3
:10A12000E0FFD0E0FE120035A212007FE490006054
:10A130008CE0FD9000608B1200A3B3301A2230181F
:10A140001DC21812007EBAC0E0EFC0E07D00120010
:10A150007B65D0E0FFD0E0FE12003A818002D2346D
:10A160001201C9E5EF6002D234900051E4E020E131
:10A170000301A26612007B2EE4F075F016EF1200C8
:10A180007AB5E4F0FF229000609A744012007FBB21
:10A1900020E73112007C5FE0FDEF12007B6A1200C5
:10A1A0007FE4A31200A3C7201F037F002290005D5D
:10A1B0004EE030E4037F002212007EDF9000616FEA
:10A1C0007401803A12007EBAC0E0EFC0E012007B5A
:10A1D0006578A77C427D01D0E0FFD0E0FE1200351B
:10A1E000A290006089E012007C65E0FD12007FE42F
:10A1F000A31200A3B312007EDFE49000616FF07B36
:10A20000017A5C79911200F09E900051E3E020E722
:10A21000137B017A4A792390006099E0FD1201C90D
:10A22000FF7F00229000608A12007B84ED1200798B
:10A2300090E030E13190005200E0FF12007D5A744E
:10A24000011200A3D5EF600B1201C9E5EF6017D230
:10A250003480139000520012007F9DFD12007D5A41
:10A2600074021200A3D530340301A3B012007B2E78
:10A27000E0FE9000608EF075F016EF12007AB5E007
:10A28000FFEE6F700712007B00E0801D9000608E73
:10A29000E0FED39F400A12007B00E0C39E2F80099E
:10A2A0009000608EE0FEC3EF9E9000608DF0900005
:10A2B000608BE02401FFE433FE9000608DE0C39FDB
:10A2C000EE6480F8748098500C90006089E0FF1272
:10A2D0000161D280919000608B12007F6FFE1200AE
:10A2E0007C8412007FA5EF12007F7775F016EE12C6
:10A2F000007B08E0FF9000608EE0C39F4002E4F026
:10A30000E4FF9000608BE0FEEFC39E503890006049
:10A3100089E075F0489000019C12007F521200798C
:10A32000A9E0FDEE12007C8412007FA5ED12007FF3
:10A330007712007B00E0FE9000608EE0C39E40023A
:10A34000E4F00F80BD9000608E12007F6FFE12005F
:10A350007B34EFF07C007D04ECC0E0EDC0E09000C9
:10A36000608EE0FDEE12007EEDD0E0FFD0E0FE1248
:10A37000003A81E490006097F09000608C7404F0E3
:10A380009000608CE0FF90006097E0FDC39F50203C
:10A390009000609A12007F6FFB90006098E0900040
:10A3A0006414F01201700E90006097E004F080D009
:10A3B0007F01227B017A4279A7E090005F2EF0E4D2
:10A3C000A3F012004B8722E090005F2EF0E4A3F090
:10A3D00012004B8722F090006089E0FB1200E3E15D
:10A3E0002290006487EFF0A3EDF0A37402F0C23175
:10A3F00012019733900057C5E0FF5460600301A439
:10A40000EFEF7079900057BDE0120038FDA46700AF
:10A41000A44C01A43F03A43405A45906A46407A4D2
:10A420007208A429090000A5AF120090021201676A
:10A430004201A571120090021201891101A5711249
:10A440000090027B01120120BA01A5711200900256
:10A45000E4FB120120BA01A57112009002120182E0
:10A460009D01A57101A58812009002120124CF015F
:10A47000A57112009002120196C601A571900057B5
:10A48000C5E064017034900057BDE024FA602024D8
:10A49000FC601114600301A5AF1200900212014F7D
:10A4A0008501A571120090021201530601A57112D7
:10A4B0000090021201A3CC01A571900057C5E06481
:10A4C00002600301A5AF900057BDE014601424FEA4
:10A4D000600301A5AF120090027B01120120BA01B6
:10A4E000A57112009002E4FB120120BA01A571903F
:10A4F0000057C5E0FF54606420600301A58EEF643F
:10A5000023700301A5AF900057BDE024FE70030146
:10A51000A5AF14603624FA603C14604314604A24EA
:10A520000A705612009394120092F6C083C0829073
:10A53000006488E0FD759300D082D08312008FF90B
:10A5400030E7061201AF5C8028803D1200900212B5
:10A55000018995801C120090021201354780121269
:10A560000093941201B54380081200900212013644
:10A570007B90006489EFF0803612008F77E06409E9
:10A58000602DEFC3940240279000648980199000E9
:10A5900057C5E05460FFBF401690006487E0C39445
:10A5A000029000648940057403F080037402F09007
:10A5B000006487E0FD1200900EC083C082120093F9
:10A5C0009B759300D082D08312008FF9FAA3E04AE2
:10A5D00070581200907512018E8B90006489E060B3
:10A5E000196403601512008F77E0B409041200A704
:10A5F000A612009301700301A7891200917F120037
:10A600008F5C7406F090006489E0B40312900057E8
:10A61000C6120090A0FB7F0312012DD901A7891259
:10A620000090021201C25101A78912009301701516
:10A6300012008F77E0B409041200A7A6120093015C
:10A64000700301A78990006489E0B4032890005743
:10A65000C6E0FD90006487E090006162F012009314
:10A660009B90006163120090A9FB7F0312012DD91A
:10A67000D23101A7341200939475F07890003234EF
:10A6800012008F84E0640D600301A7349000648899
:10A69000120091BC900008FC12008FE32E12008F74
:10A6A0006CE0700301A73490006487E075F0789047
:10A6B00000322B12008F84E41200935712008F8413
:10A6C000E0FF1201BD211200917F1200904512009F
:10A6D0008F65E4F012009116EE12008F89E4F07598
:10A6E000F078EE9000322112003857EE12008F8978
:10A6F00012003863CEEACECFE9CF1201C64E9000E9
:10A700006487120091F175F0789000322112008F69
:10A71000841200388375F078EF9000323E12008F7B
:10A720008412009183E0900032341200938A120068
:10A730008F89EFF090006487E0FD120092F6C083ED
:10A74000C0821200939B759300D082D08312008F39
:10A75000F930E7201200907512018E8B20312A907B
:10A76000006489E06407602112009002E4FB12009B
:10A77000F28C80152031081200906912018E8B1224
:10A78000009002E4FB1200AB8A90006489E0B402FE
:10A79000141200906912018E8B1200917FE0FDE48B
:10A7A000FB1201ABEF2290006488E0FD12012A0D3C
:10A7B00090006489EFF022900062ACEFF090000806
:10A7C000591200C0CBE030E7037F00221200C145E0
:10A7D000C3940840037F0122CFEECF1201C77AEF66
:10A7E0007002FF221F1200C1451200C28BF5837553
:10A7F0009300EEF0EE1200C2A61200C19EF090008F
:10A8000062ACE01200C040640970307D1B7F90FE96
:10A8100012019FEDCAEECAC9EFC97B01900062AC7C
:10A820001200C06B1200388375F0EAEF1200C0709E
:10A8300012003863EA494B7002FF221200C26C1208
:10A8400000C130E04480F075F078EF9000321C12C7
:10A8500000C0485470C4540FFF900062ADF07C00FB
:10A860007D04ECC0E0EDC0E0EF04FD900062ACE0E0
:10A8700075F0EAA424A2F9740835F0FA7B01D0E05F
:10A88000FFD0E0FE12003A811200C2B09000321BED
:10A890001200C0441200C11AEF1200C09D1200380D
:10A8A00063900062AD1200C0311200C13BED120096
:10A8B00036521200C26C900008AF1200C13474808E
:10A8C000F075F078EF9000310F1200C048FF1200D1
:10A8D000C1451200C20812003857EFF0900062B074
:10A8E0007401F075F078EE9000315112003857EE97
:10A8F0001200C04D540F900062B1F0E4FF9000626E
:10A90000B1E0FEEFC39E400301AA1DE4900062AFD8
:10A91000F01200C14575F078900031771200385779
:10A920001200C17D1200C04FFD900062AFE0FCC379
:10A930009D400301AA1975F078EE1200C094120030
:10A94000C1C3759300E5822CF582E435831200C003
:10A950004F547FFD900062B0E0FC1200C05812001E
:10A96000C0BA1200C14375F0781200C0941200C141
:10A97000C3C083C0821200C237D082D0831200C20B
:10A980007B1200C04F30E710900062B01200C0563A
:10A990002D1200BFBF4420F01200C14575F0789021
:10A9A0000031A11200C0981200C1C3C083C082123E
:10A9B00000C237D082D0831200C27B1200C04FFD8C
:10A9C000900062B0E0FC1200C2071200C0601200EA
:10A9D000C0BA1200C14375F078900031C51200C0B2
:10A9E000981200C1C3C083C0821200C237D082D087
:10A9F000831200C27B1200C04FFD1200C1F312008F
:10AA0000C0601200C0BAEDF0900062B0E004F090B7
:10AA10000062AFE004F001A9110F01A8FD900062EF
:10AA2000B0E0FF900062AC1200C0C6EFF0E490000E
:10AA300062AFF0900062B0E0FB1200C2B7C39B406F
:10AA40000301AB361200C2B01200C0592E1200BF73
:10AA5000BF30E709900062AE7480F080201200C21F
:10AA6000B7ED1200C0592E1200BFBF30E5099000AB
:10AA700062AE7420F08006E4900062AEF01200C274
:10AA8000B71200C2B01200C1F41200C0602E120052
:10AA9000BFBF5460FCBC2019900062AEE04440F09F
:10AAA000ED1200C2081200C0602E1200C0BB74C0BC
:10AAB000F01200BFA57003EF7072E4FF900062AF68
:10AAC0001200C0562D1200BFBF20E52CED04FEC3BE
:10AAD0009B5025900062ACE0FC1200C0592D120082
:10AAE000BFBF540FFD75F0EAEC1200C05C2E1200DF
:10AAF000BFBF540F6D70010FEF70311200BFA5542E
:10AB00000FFB1200C2071200BFB8FF900060B0E454
:10AB1000F0A3EFF01200C26C900062AFE0FD900075
:10AB200062AEE0900060AFF01201180C900062AFCE
:10AB3000E004F001AA33900062ACE09000311812FA
:10AB400000C11EEF1200C09D120038637C007D041E
:10AB5000ECC0E0EDC0E0E92407F9E41200C0FD44D8
:10AB600080FDEF75F0EAA424CCF9740835F0FA7B87
:10AB700001D0E0FFD0E0FE12003A811200C26CE486
:10AB8000FB7D0F1200DF5D7F012290006246EFF037
:10AB9000A3EDF0C230EB600301AC3B9000624612C3
:10ABA00000900CC083C08212009339D082D08312EF
:10ABB000008F9112009019ECF0A3EDF0120091B506
:10ABC00012008FB6C083C08212009339D082D08326
:10ABD0001200901DE4F0A3F075F0EAEF12009098D7
:10ABE000E0FD90006246E012008F9E12009019E096
:10ABF000FEA3E0D39DEE94001200921F90006246E7
:10AC0000120091D5500912008F657405F08007126B
:10AC1000008F657403F01200903B12008F65E060B6
:10AC20000301AF1C7B017A5779CBEE12008FA9127A
:10AC30000092EE12003857020038831200908BE425
:10AC40009000623BF0FB1201A1BA9000624BE4F06D
:10AC5000A3EFF01200903B12008F65E06016120027
:10AC60009343900032441200911AEE12008F89EC47
:10AC7000F0A3EDF09000624BE07002A3E0701D12B3
:10AC800000904112008F65E0700301AF1CD23012BA
:10AC9000009116EE12008F897406F0221200908B3C
:10ACA00012008F5EE06403601075F0EAED12008F11
:10ACB00061E06405600301ADB31200903B12008FA8
:10ACC00065E075F0EA600BEE12008FAC1200904F59
:10ACD0008029EE12008FACC083C0821200921F75D3
:10ACE0009300D082D08312009053EE12008FB6757D
:10ACF0009300EF1200901D120093259000624812FD
:10AD00000038839000624812003863120092269047
:10AD1000006137120090AD1201797D90006246E02B
:10AD2000FE9000310912009084EE12008F89E0300D
:10AD3000E1249000624712009154900008BF120075
:10AD40008F65E030E610120090919000624812008A
:10AD50003863120126281200921F900062461200EA
:10AD60008F5CE06403600301AE7375F0EAEE1200DD
:10AD70008FB9759300EF120090CAE0FEA3E0FF12B6
:10AD8000009343EF2DFDEE3CFC90006246E0120084
:10AD90008F9EC083C0821200921F759300D082D014
:10ADA000831200901DE0FAA3E0C39DEA9C501312A9
:10ADB0000090911200AF1D120091B5A3E0FD0201B9
:10ADC000C00D9000624BE0FEA31200908F12008F26
:10ADD000B6C083C0821200934DD082D083120090FF
:10ADE0001D120092DA12008FB912009232E0FEA317
:10ADF000E0FF90006246E012008F9EC083C0821286
:10AE000000934DD082D0831200901DE0FAA3E0C3DE
:10AE10009FFFEA9E9000624BF0A3EFF0120090912A
:10AE20001200904712008FE32C12008F6CE0700A22
:10AE30001200921F1200AF1D8002D230120091B595
:10AE400075F0EA12009098E0FDD39000624CE09D0E
:10AE50009000624BE09400507C9000624712009199
:10AE6000BC900008F412008FE32E12008F6C740562
:10AE7000F080621200908B12008F5EE06405704AD1
:10AE800075F0EAED12008F617406F0120093111252
:10AE9000018E8B12009226FB1200919712019A8E5E
:10AEA0001200908B1200904712008F65E07017120D
:10AEB000009146120198E7120091B56018A3E0FDD9
:10AEC00012011AFC800FD230800B120091B5A3E062
:10AED000FD1201C00D303044120091B575F078902C
:10AEE00000322B12008F847405F075F078EF90001B
:10AEF000323C12008F8474061200935712008F8424
:10AF0000E0FB90005BB31200922A90006162120095
:10AF100090ADA3F0A3F07F0412012DD9229000631D
:10AF2000F07420F0E4FB12018E8B22900062F5EDAC
:10AF3000F0900062F4EFF012010F6B12010EEA12B2
:10AF4000011003E075F005A4FFAEF029F9EA3EFA1E
:10AF500012010FD0900062F612011057FD12010F7E
:10AF60006B12003857ED12010EEF12003863E92F13
:10AF7000F9EA3EFAE9240112010FD3FE900062F4CF
:10AF8000E012010F6B12003857ED12010EEF1201A3
:10AF90001003E01201102A120036207C002400FF6A
:10AFA000EC3E900062F8F0A3EFF0900062F6E03023
:10AFB000E02F900062F8E05401FEA3E05403FFBECE
:10AFC0000112BF010F12010F491201101AFB7A0082
:10AFD00012019DAE12010F4912010F82741001B2CD
:10AFE00034900062F6E0FE30E40D12010F491201C8
:10AFF0000F82741401B234EE30E11712010F4912BE
:10B0000001101A7B021200B27212010F8274110138
:10B01000B234900062F8E0FEA3E0FF20E00301B14B
:10B02000B1EE5401FEEF540264027003EE6401605D
:10B030001212010F49E4900062F2F07B027A0112D1
:10B04000019DAE900062F9E020E15190005ADFE0EE
:10B05000C39408503A900062F5E0FF04FE9000624D
:10B06000F4E0FB75F0789000321D12003857EB12B7
:10B07000010EEFEEF09000609D1201105EEFF0A364
:10B08000E4F0A3740AF0A3E4F0A3740A01B1A47B72
:10B09000817A4A79A51201C19D01B218900062F827
:10B0A000E020E00301B1AE900062F4E0FF12011075
:10B0B0002212010EEAE0D39400500301B184900003
:10B0C00062F4E01201102212010EEA1201100C903B
:10B0D00000310812010EEAE0FD7B017A6279F71275
:10B0E000015DD3EF700301B1AE900062F7E0FD9017
:10B0F0000062F412010F6912010EEA12011003122C
:10B10000010F36ED120036521201BF649000310675
:10B11000EFF0900062F8E030E1131201106575F075
:10B12000789000315112010EEAE04480F0120110D3
:10B130006575F0789000323412010EEA7405120140
:10B140001057FE75F078EF9000321B12010EEAEEF8
:10B15000F0900062F5E0C454F0FF900062F7E090D8
:10B1600000321C12010F8AEE12010EEFEFF0900078
:10B1700030F51201105EEE12010FF8FB7F04120190
:10B180002DD9802A9000609DE0FD900062F4E0FBE4
:10B19000A3E090006162F0A3E4F0A37464F0A3E480
:10B1A000F0A37464F0E4FF12012DD97F03227F0025
:10B1B00022900062F8E020E046900062F5E0C4547E
:10B1C000F04408900062F712011057FF75F0789074
:10B1D00000323B12010EEA740CF090002F71120144
:10B1E000105EEFF01201106590006163E4F0A3EFD0
:10B1F000F0E4A3F0A3F0FB7F0312012DD980199096
:10B200000062F9E020E11112010F49E4900062F2BE
:10B21000F07B02FA12019DAE900062F6E030E32866
:10B2200012010F491201101A7B081200B2721201AA
:10B230000F827413F07B011201B945900062F41281
:10B24000010EE17404F0FF22900062F8E020E01F9C
:10B2500012010F4912010F827408F07B031201B929
:10B2600045900062F412010EE17403F07F04227F26
:10B2700000227A0012019DAE900062F4E0FFA3E08C
:10B28000FD2212007E1754F0FEC4540F9000625A43
:10B29000F0EF540FFF9000625612007F5B90006247
:10B2A00054F0D23612007C471200798BE020E7037D
:10B2B00001B5879000625612007B84ED12007990F0
:10B2C000E030E10C90006254E0FF120172E080393E
:10B2D00012007DB812007E581200798BE0FE30E239
:10B2E0002890006254E0900008BF12007CDBE582E9
:10B2F0002D12007A4EE05410FFEE54106F600A12C7
:10B30000007DB87D011201722CE490006257F012AA
:10B31000007DB812007F071200798BE0540FFE9079
:10B32000006257E0FDC39E400301B44612007AA2BA
:10B3300012007D192D120079A9E064037055900068
:10B3400062577401C8EDC8088002C333D8FC90006E
:10B350006258F012007D2E900008F012007A43E04F
:10B36000FF90006258E0FCEF5CA3F09000315012B7
:10B37000007AE2EE12007990E05CFF90006259E002
:10B38000FB6F600F12007DB8900063737401F012C0
:10B3900001832B9000625612007C061200798BE02C
:10B3A0006401700301B43C90006257E0FEEF1200AC
:10B3B0007BC9EF120079A2E0900008D812007CDB74
:10B3C000C083C08290006254E0759300D082D08325
:10B3D00012007C93E5822E12007A4EE06D605D9043
:10B3E00000625712007D32FE900008D812007CDD0A
:10B3F000C083C08290006254E0759300D082D083F5
:10B4000075F00612007A47E0FDEE12007BC9EE12DD
:10B41000007D1A2F120079A9EDF090006257E0FD2F
:10B4200090006256E09000316A12007B1012007D9D
:10B43000192D120079A9E0FB1201C1C290006257D8
:10B44000E004F001B30F90006254E0FE12007DB8FA
:10B4500012007B91E5822E12007A4E12007EC412F9
:10B4600000798BE06D604190006256E012007B91A4
:10B47000E5822E12007A4EE0602E75F0EAEF12009F
:10B480007B94E5822E12007A4E12007EC41200795F
:10B490008BEDF075F0EAEF12007B94E5822E12003E
:10B4A0007A4EE0FD1201C5A912007DB8C394015087
:10B4B0000301B58712007D751200798BE06403608B
:10B4C0000301B58712007D2E75F0EA9000089E12E8
:10B4D000007A47E4F09000625504F090006256E074
:10B4E000900008A612007C19E0FE90006255E0FD75
:10B4F000C39E400301B587900008B712007D4AE55E
:10B50000822D12007A4EE054606460707012007DEB
:10B510002EFD90006255E0FB120192C4900062582B
:10B52000EFF0601412007DB890006255E0FD9000CD
:10B530006258E0FB1201B79390006255E0FFA3E070
:10B5400075F0EA900008B712007A47E0540F9000B7
:10B550006257F0E075F01612007DD7C083C082E01C
:10B56000FF90006254E024AFF582E4345B12007C6B
:10B570002DF4FEEF5E759300D082D083F0900062D0
:10B5800055E004F001B4DB9000625A12007D3204F1
:10B59000F0C39F503EE09000310712007B3FEE1257
:10B5A000007990E030E7E0EFC454F0FFEE2FFF9019
:10B5B000006259F09000310412007CF1EFF090002D
:10B5C0006254E0FF9000616312007A89FB7F0302FE
:10B5D000012DD9C23622C0E0C0F0C093C083C08222
:10B5E000C0D0E8C0E0ECC0E0EDC0E0EEC0E0EFC0ED
:10B5F000E07815A69FC22A7815E630E01254FEF6D0
:10B600007811760008A6A308A6A408A6A580497804
:10B6100015E630E11254FDF67811760108A6AB0864
:10B62000A6AC08A6AD80317815E630E21254FBF6E0
:10B630007811760208A6B308A6B408A6B5801978D2
:10B6400015E620E30301B90554F7F67811760308EF
:10B65000A6BB08A6BC08A6BD7812E6FF30E55518C3
:10B66000E6FE701275A6997818A6A7E654DFF6F5DF
:10B67000A775A699803EEEB4011275AE997818A60A
:10B68000AFE654DFF6F5AF75AE9980287811E6B4D1
:10B69000021275B6997818A6B7E654DFF6F5B775B5
:10B6A000B699801075BE997818A6BFE654DFF6F5F6
:10B6B000BF75BE99EF20E70301B85E7813E6FF542B
:10B6C00070C4540FFE7816F6EF540708F67811E6AA
:10B6D000FF75F0EAEE9000089A1200BFB8FF7817E5
:10B6E0001200C0E41200C04FFEEF5E700301B7C34A
:10B6F000E6FF18E6FE1200C0A578111200C2831200
:10B7000000BFB8FD75F0EAEE9000085A12003857F5
:10B710001200C2831200C0602F1200C0BBEDF0788F
:10B7200043E6FF7817E6FE18E6FD1200C0A5781183
:10B73000E6FC1200C2841200C0602E1200C0BBEFF3
:10B74000F07814E630E47CD22AED24E07819F6ECA7
:10B7500014602414603B146052240370667819E668
:10B76000FFF5A618A6A71200C0E31200C04F0846B6
:10B77000F6F5A78FA6804C7819E6FFF5AE18A6AFB0
:10B780001200C0E31200C04F0846F6F5AF8FAE803E
:10B79000327819E6FFF5B618A6B71200C0E312001A
:10B7A000C04F0846F6F5B78FB680187819E6FFF552
:10B7B000BE18A6BF1200C0E31200C04F0846F6F53F
:10B7C000BF8FBE7811E6FF7816E6FE9000090012E2
:10B7D00000BFB520E00301B85E7811E6FD75F0EA20
:10B7E000EE9000089E1200C0602D1200C0BBE4F075
:10B7F00075F0EAEE900009001200C0602D1200BF43
:10B80000BF54FEF0E6FD75F0EAEE900008C81200A5
:10B81000C0602D1200BFBF44807818F674762EF5F4
:10B8200082E4345E1200C04F08F6ED700A18E6F5A7
:10B83000A708E6F5A68027EFB4010B7818E6F5AF68
:10B8400008E6F5AE80187811E67818B40209E6F536
:10B85000B708E6F5B68007E6F5BF08E6F5BE302A7C
:10B860000301B8FB7812E6FF30E23F18E6146013DC
:10B8700014601914601F2403702275A6987818A606
:10B88000A7801975AE987818A6AF801075B698780D
:10B8900018A6B7800775BE987818A6BF7818E63046
:10B8A000E508EF54FB7812F6605178111200C1637D
:10B8B00024AEF582E434121200C19EF07812120018
:10B8C000C16324AFF582E434121200C19EF07813F4
:10B8D0001200C16324B0F582E434121200C19EF05C
:10B8E00078141200C16324B1F582E434121200C14D
:10B8F0009EF006E6C39440400276007815E6540FA9
:10B90000600301B5F5D0E0FFD0E0FED0E0FDD0E06F
:10B91000FCD0E0F8D0D0D082D083D093D0F0D0E06B
:10B9200032900064A8EFF0E4900064AAF0C21BC259
:10B930001C7B827AD4792912004481900060ABE0AC
:10B94000601112009F04900060AAE06F70059000E3
:10B9500060ABF012009F041201C80712009F04C3DD
:10B960009408503B75F0EAEF9000085912003857E0
:10B97000E030E72B7E007F04EEC0E0EFC0E07D000A
:10B98000900064A8E075F0EAA424FCF9740835F08E
:10B99000FA7B01D0E0FFD0E0FE12003A81D21C7B9E
:10B9A000827AD479371200BC3375F0789000322156
:10B9B00012009C0712003863E94A6036900064A8C0
:10B9C000E090005FA0F075F0789000322112009CAA
:10B9D0000712003863CFE9CFCEEACECDEBCD7C00A5
:10B9E00090005FA11200384B7B827AD4793F12001D
:10B9F00044817B827AD479761200BC3375F07890DA
:10BA000000311012009C07E0B4090B90005AA9E025
:10BA1000600B14F08007301C04120128C3E490006E
:10BA200064A9F012009F3DC3940C504F900064A88D
:10BA3000E09000311112009E4FEE12009C0C75F048
:10BA400005EF12003857E0FCA3E04C60289000316D
:10BA50001312009D52EE2583F583C083C0829000AF
:10BA600064A9E0759300D082D08375F00512003888
:10BA7000571200BC3E12009F6380A87B827AD47963
:10BA80007E1200BC4D75F0789000325F12009C076A
:10BA90001200BC1B9000326212009C071200BC1BFB
:10BAA0009000326812009C071200BC3E12009F04F6
:10BAB00075F0789000327212009C071200BC587B1F
:10BAC000827AD479861200BC4D75F07890003110DE
:10BAD00012009C07E0B40304120101C47B827AD4F3
:10BAE000798E12004481900064A97412F012009FB4
:10BAF0003DC3941A502112009CD5E030E713120088
:10BB00009FDC700DA3E0FF12009F58E4F01201B318
:10BB1000CE12009F6380D6E4900064A9F012009FCB
:10BB20003DC39410506D12009CA7E0FF30E75E12F9
:10BB3000009FDC7058A3E02402FF1201B3CE120074
:10BB40009FA2900064A9E0FDE490006388F01201D8
:10BB5000B38F12009F3D90002F8B12009CACE0B47D
:10BB6000C01E12009CED1200BC587B007A007900C8
:10BB7000900064A9E075F01612009CF11200388361
:10BB8000900064A9E012009CA8E4F0D21B12009F70
:10BB900063808A301B0A12009E2E7F521201B48AE3
:10BBA0007B827AD479961200448190005ADFE0605B
:10BBB00011900064A8E0C39408500790005ADFE099
:10BBC00014F07E017F78EEC0E0EFC0E07F00EFC0B0
:10BBD000E0900064A812009DFBD0E0FDD0E0FFD013
:10BBE000E0FE12003A8112009F04C39408502B30EB
:10BBF0001C2812009F8C12009C2F900064A9F02535
:10BC0000E02436F582E43460F583759300E4F012A5
:10BC1000009F8CF583759300E4F02212003863CE08
:10BC2000EACECFE9CF1201C64E900064A8E0FF75BE
:10BC3000F0782212004481900064A8E0FF221200F4
:10BC40003863CEEACECFE9CF1201C64E22120044AD
:10BC500081900064A8E0FF2212003863CEEACECFC4
:10BC6000E9CF1201C64E22E004F090005D47E07576
:10BC7000F003A42418F582E4345DF5837593000283
:10BC80000038639000653CE024ABF582E4345BF55A
:10BC900083759300E02290006547E075F00BA429BE
:10BCA000F9EA35F0FAE92212003863E92401F9E4EF
:10BCB0003AFA12003620FF9000629312003863E9CE
:10BCC00022FEA3E0FF75F004ED900051E812003869
:10BCD00057EEF0A3EFF0ED75F012A424E5F582E441
:10BCE000345E22E0FEA3C3E0FF90005D46E09F903B
:10BCF000005D45E09E22FEFD7F047B017A5D790DAB
:10BD000012003A817E007F207D007B017A5C79CC35
:10BD100022FEEF4E900051E7F0ED75F012A424E3FF
:10BD2000F582E4345E22E0FE2476F582E4344BF5BD
:10BD300083759300E493FFEE90004B7A93FD22E02D
:10BD4000FE75F008A424CCF582E4345CF583E5822A
:10BD50002290005200E0FF22E0FEA3E0FF90005D91
:10BD600049E09F90005D48E09E22F9E43AFA020023
:10BD70003620E0FEA3E0F4FFEEF4FEEF2401FFE442
:10BD80003E90006296F0A3EFF090006296E0FEA372
:10BD9000E0FF2274AA2FF582E43412F58375930034
:10BDA000E022900064CCE0FF240DF582E4345D22B3
:10BDB000F07464A3F0A3E4F0A304F0E4FBFF22908A
:10BDC00000653FE0FFA3E0FD22F0A3E0F090005DFE
:10BDD000487403F0A3E4F022F583759300EEF0A31A
:10BDE000EFF0227D009000656EE075F016A42487C8
:10BDF000F9742F35F0FA7B012290006540E0C3947E
:10BE0000E0FDE49400FC74AB2DF582745B3C22F9F8
:10BE1000E43AFAEF02003652FEA3E0FF75F004EDBB
:10BE2000900051EA02003857EFF0A3EDF090005D6A
:10BE30004CE0FF2290005D457404F0A3E4F02290F2
:10BE4000005D45E0FCA3E0FDC39FEC9E22900064F2
:10BE5000CAE0FF22E090005FA0F0227D00E075F0D4
:10BE600016A42483F9742F35F0FA7B012290006523
:10BE70003BE0FF245AF582E4344F22E4F0FEFD7FDC
:10BE8000087B017A5D792922E490005CFFF0229022
:10BE9000005FA0EFF022F9EA3EFAE9240CF9E43A57
:10BEA000FA0200388CE0541F9000656EF07E007F2F
:10BEB00004EE2290005D3CF090005D02E022ED9FD8
:10BEC000FFEC9EF0A322F0900051E3E022E0FDE4BD
:10BED00090006162F0A32290005D00E0FF229000DC
:10BEE000653EE0FF22900042EAE0FF22900057BC4E
:10BEF000E0FF90006547E06F22FD1201C0619000F5
:10BF000064D3EFF0F422F583759300E4F022F58317
:10BF1000759300EFF02275F008A424CCF9745C3519
:10BF2000F022FE90005CF4E05E22900050AEE0440F
:10BF300001F0CFEDCF22FE12003A817E0022F58380
:10BF4000759300ECF0A3EDF02290005D17F09000E7
:10BF50005CFD2290005CEEF090005D052290006494
:10BF6000C6E0FF22E0FD900061622290005CEEE0FE
:10BF7000FE227B017A5D790D222FF582E435832242
:10BF8000E0FCA3E0FDEF22FFEE8FF0120036CEC3FF
:10BF90002290006577E0FF75F00422900051E7E001
:10BFA000FF74AB2D22900062AFE0FF900062ACE026
:10BFB000FE900008AF75F0EA12003857E5822FF5C1
:10BFC00082E43583F583759300E0221200365275C2
:10BFD000F0EAEF900009401200385712003863EE83
:10BFE00075F023A429F9EA35F0FA900062B3E07500
:10BFF000F005A429F9EA35F0FAE92401F9E43AFA5E
:10C000001200362054F912003652900062B2E075E8
:10C01000F0EA90000940120038571200386390008F
:10C0200062B7E075F023A429F9EA35F0FA900062CE
:10C03000B3E075F005A429F9EA35F0FA227838E67C
:10C0400090003110FF75F07812003857EF2583F516
:10C0500083759300E022E0FDEE75F0EA900008AFF2
:10C0600012003857E58222900062B2E0FF75F0EAD4
:10C070009000094002003857CFE9CFCEEACECDEB91
:10C08000CDFC900063D91200384B900063D91200A8
:10C090003833E4229000317D12003857EE2583F5C5
:10C0A00083759300229000087A75F0EA02003857F1
:10C0B000F074AA2FF582E43412222CF582E4358341
:10C0C000F58375930022E0900008A675F0EA02005F
:10C0D0003857900062B6E0FF9000325675F0780253
:10C0E00000385718E624ABF582E4345B22900062F6
:10C0F000B3E075F005A485F08329F9E5833AFA02E7
:10C10000003620EFF0E0FF24AAF582E43412227515
:10C11000F01690002F900200385790003272FF7591
:10C12000F07802003857FFE4FDFC78080200380D73
:10C130009000085975F0EA02003857E92404F9E440
:10C140003AFA22EDF0900062ACE0FE227838E67513
:10C15000F0EAA42420F9740935F0FA7B0118E67599
:10C16000F00822E6FF7845E625E025E0229000630E
:10C17000E0E075F0C090000FAA02003857EE25836A
:10C18000F583E5822FF582E4358322120038577556
:10C19000930075F003EE1200385702003863F58300
:10C1A000759300EF227837E62454F582E4340822B0
:10C1B00090006556F07B017A657956900062217493
:10C1C00001F02275F006EF02003857F67844E625B4
:10C1D000E025E0227837E6FF75F0EAEE900008F8F7
:10C1E0002212003652900062B2E0FF900062B7E087
:10C1F000FBFD22EE75F0EA900008B7227837E608DA
:10C20000FFE6FD08E6FB22EE75F0EA900008A722A3
:10C2100075F078EE12003857EE2290006216E0FFBB
:10C2200022EF75F016020038571200365290006166
:10C230003012003863E922900062AFE0759300226B
:10C2400012003863900062B7E0FE75F02322759308
:10C2500000E0FF900062B5E0227B017A62791874F9
:10C2600002F022A37403F0A374E8F022900062AC01
:10C27000E0FF227E007F0402003A812582F582E4FD
:10C28000358322E675930075F00822EF25E0243609
:10C29000F582E4346022E0FD900061622235F0FA1C
:10C2A0007B010200388325E02437F582E4346022E4
:10C2B000900062ACE0FD22900062AFE0FE229000B0
:10C2C0006194E0C454F0F022900064EBE0FF22E4BB
:10C2D000900061E5F090005AD912009E94E0900021
:10C2E00061DEF0E030E31190005AD912009E82E046
:10C2F0005478600412007FF990005AD9E004F0C32A
:10C3000094404002E4F0900061DEE020E70301C4C5
:10C31000B6C2E8C21575C66A90005ADB12009D814C
:10C32000D2E8C2E890005ADBE0FF90005BA2E04F49
:10C33000F5C790005ADCE0FE90005BA3E04EF5C725
:10C3400090005ADDE0FD90005BA4E04DF5C7900041
:10C350005ADEE0FC90005BA5E04CF5C775C66ED2D6
:10C36000E8C2E88FC78EC78DC78CC775C66AD2E88A
:10C37000C238E4900061E0F012009FCB12009F8170
:10C3800074DB2FF582E4345A12009C2F700301C431
:10C3900096900061E37401F0E4900061E1F0120016
:10C3A0009FD2400301C496900061E0E0FE12009E1F
:10C3B000D112009C2FFD900061E3E0FCED5C700366
:10C3C00001C473EE33333354F8FEEF2E900061E274
:10C3D000F0C39408400301C46912009FCB24A2F566
:10C3E00082E4345B12009C2FFE5C705A74A22FF51D
:10C3F00082E4345BF583C083C08275930090006152
:10C40000E3E0FFEE4F759300D082D083F09000619F
:10C41000E2E0FD2412FE12009F58E0547F9000617C
:10C42000DFF09000061712009E26E054F0C4540F6F
:10C43000900061E5F0700F900061DFE0FF90006117
:10C44000E2E01201A4CC20384D12009ECCF583C04E
:10C4500083C082759300E0FF900061E3E0F4FEEF9B
:10C460005E759300D082D083F012009ECC12009CA7
:10C470002F602312009DED9408EE648094804004A8
:10C48000D2388012900061E3E025E0F0900061E195
:10C49000E004F001C39E30380D12009DED9408EECB
:10C4A000648094805010900061E0E004F0E0C39458
:10C4B00004500301C378900061DEE020E60301C56B
:10C4C000F1C2E8C21775C64490005AAF12009D81B0
:10C4D000D2E8E4900061E0F012009FCBC3940440E6
:10C4E0000301C5E1EF12009F8174AF2FF582E434A0
:10C4F0005A12009C2F900061E4F0700301C5CAE459
:10C50000900061E1F012009FD2400301C5CA74ABF4
:10C510002FF582E4345B12009C2FFB900061E4E075
:10C52000FE5B700301C5B9900061E0E03333335422
:10C53000F8FDA3E02DA3F0EBF4FFEE5F900061E4C3
:10C54000F0900061E2E0FD12009CA8E0547F9000B2
:10C5500061DFF09000019512009E26E054F0600427
:10C5600064907022900061E2E075F04812009F0B29
:10C57000540CFFBF081012009D70E0FB900061DFBB
:10C58000E0FD12009FF712009D70E4F075F048EF97
:10C5900012009F0B540CFF900061E2E0BF08117580
:10C5A000F0489000019512003857E04408F08009E7
:10C5B000FD7B017F01120197A0900061E4E0600A19
:10C5C000900061E1E004F001C50512009DED9410BA
:10C5D000EE64809480500A900061E0E004F001C4B1
:10C5E000D87B017A5A79AF12009E347F441201B48D
:10C5F0008A229000629312003883E490006298F0DF
:10C6000012003620540490006299F090005C93E090
:10C6100030E72F90005D4EE054FDF04401F09000B3
:10C620005C931200BD721200BE3F400C90005D454D
:10C630001200BEBEEFF08032E490005D45F0A3F042
:10C64000802890005D4EE054FEF04402F090005CC3
:10C6500093E0FEA3E090005D451200BF8790005D6F
:10C6600045E0940440041200BE3890005C95E03030
:10C67000E73390005D4EE054F7F04404F090005C26
:10C68000951200BD7290005D481200BE43400C90B0
:10C69000005D481200BEBEEFF08032E490005D48BD
:10C6A000F0A3F0802890005D4EE054FBF04408F0C9
:10C6B00090005C95E0FEA3E090005D481200BF870B
:10C6C00090005D48E0940340041200BDD11201AB1C
:10C6D0000B900051E4E0FF540C6408600301C85B58
:10C6E000EF20E50301C85B90005D04E030E0569068
:10C6F000005D45E07002A3E0704590005D4EE020D3
:10C70000E44390005CEF1200BC67900052001200FE
:10C71000BC9A24051200BD6AFF90005CEFE0C39F45
:10C7200040231200BD517B01E4FD1201B8A7EF6068
:10C73000141200BE3490005D4EE04440F08006E4E8
:10C7400090005CEFF090005D04E030E15590005DFA
:10C7500045E064047002A3E0704290005D4EE0206A
:10C76000E44090005CF01200BC67900052001200A0
:10C77000BC9A24071200BD6AFF90005CF0E0C39FE2
:10C7800040201200BD517D011200C8B0601490001D
:10C790005D4EE04480F01200BE348006E490005C00
:10C7A000F0F090005D04E030E25290005D48E070EF
:10C7B00002A3E0704190005D4EE020E43F90005CF9
:10C7C000F11200BC67900052001200BC9A240912BA
:10C7D00000BD6AFF90005CF1E0C39F401F1200BDE6
:10C7E000517D021200C8B0601390005D4DE044011D
:10C7F0001200BDC98006E490005CF1F090005D0479
:10C80000E030E15790005D48E064037002A3E070FF
:10C810004490005D4EE020E44290005CF21200BCC7
:10C8200067900052001200BC9A240B1200BD6AFFF0
:10C8300090005CF2E0C39F40221200BD517B017D5D
:10C84000031201B8A7EF601390005D4DE04402129F
:10C8500000BDC98006E490005CF2F01200BCB72471
:10C86000031200BCAE24011200BE0F90005D07123F
:10C8700000BCA724021200BE0F90005D0712003812
:10C88000631200BCB224031200BE0F90005D0A12B6
:10C8900000BCA724041200BE0F90005D0A120038ED
:10C8A000631200BCB22405F9E43AFAEF02003652F2
:10C8B0007B011201B8A7EF22900051FFE070030145
:10C8C000CAB2E490006343F012015C24C3940840B0
:10C8D0000301CAAC9000325B12015B65700301CAB0
:10C8E000A212015C249000315112015B66540F903A
:10C8F000006346F0E490006344F090006346E0FF7C
:10C9000090006344E0C39F400301CAA2E4A3F090F7
:10C9100000634412015B92FE75F07890003177124B
:10C92000015BDA12015B70FD90006345E0FBC39D83
:10C93000400301CA9875F078EE9000316412015BF3
:10C94000DA12015B706401706E12015BBC90003101
:10C950000A12015B69FCA3E0FD90006449E0F8A3C2
:10C96000E0F582ED65827002EC68703A75F078EF60
:10C970009000310C12015B69FEA3E0FF9000644B54
:10C98000E0FCA3E0FDEF6D7002EE6C701912015C2B
:10C9900024A3E0FD12015B83FD900061C97401F0E6
:10C9A000A3740D01CA8912015B77FDE4900061C98F
:10C9B000F0A3740801CA8912015BBC9000310A120D
:10C9C000015B69FCA3E0640B7003EC640660030187
:10C9D000CA8E75F078EF9000310C12015B69FEA3EE
:10C9E000E064707003EE6422600301CA8E900063FD
:10C9F00043E075F0789000325D12015B69601B12B4
:10CA0000015B61640170139000634312015B7DFD63
:10CA100074041200CB52E4F0807412015BBC9000ED
:10CA2000325C12015B69601812015B617012900048
:10CA3000634312015B7DFD74031200CB527401F05D
:10CA400012015BBC9000325D12015B69600B120148
:10CA50005B616401700301CB5112015BBC90003239
:10CA60005E12003857EF258312015BD275F078EF24
:10CA70009000325D12015B69601412015B77FD90DA
:10CA80000061C97404F0A37408F0120191D69000FB
:10CA90006345E004F001C90F90006344E004F00135
:10CAA000C8FA90006343E004F001C8C8E490005164
:10CAB000FFF030360301CB511201C3C3900050AEDA
:10CAC000E054FE12015BEC7D011201C2B9900042FC
:10CAD000EAE090005200F07B827AD579D390005F33
:10CAE000A0F01200448112015BEDE4FD1201C2B915
:10CAF00012015BED7D0112019CEA90005200E024DE
:10CB00005AF582E4344F12015B70FF12003067C2A5
:10CB1000291201C99190005D4EE020E40A7B817AE0
:10CB20004A799B1201C19D7F8290003104E0FD9003
:10CB3000006162EF12015BEC90006163E4F0A3EF2F
:10CB4000F0E4A3F0A3F0FB7F0312012DD912019DA5
:10CB50004C22900061C9F0A37408F0120191D690A4
:10CB6000006343E0FF75F0789000325E12003857A2
:10CB7000EF2583F58375930022900062D612007F23
:10CB80001F900062DB7401F0FF900062D612007A01
:10CB9000D5EE12007990E0600301CCE6900062D8F7
:10CBA000E0FDC394014042EDD39403503C9000312A
:10CBB0001312007AE2EE1200799012003863E92431
:10CBC0000EF9E43AFA900062D8E0FEC39401FDE465
:10CBD0009400FCE92DF9EA3CFA12003620FF6009C6
:10CBE0006E6006900062D8EFF0900062D8E090008E
:10CBF0003105F0EF700301CC8E900062D9E0700334
:10CC00007408F0900062D612007A331200798B1209
:10CC1000007B791201C64E900062D9E0FF7E007D54
:10CC20000A12019FED12007E1E900062D612007A59
:10CC3000331200798B12007BF31200798B120038CB
:10CC400063900062D712007BD4900062D612007A03
:10CC5000331200798B12007DFB601B900062D8E0DC
:10CC6000FBA3E09000642CF01201A988900062DB25
:10CC70007404F001CE2B7F021201C8DE900062D650
:10CC800012007BE91200798B741BF001CE2B90000F
:10CC900062D8E064EE6006E02402F0800790006253
:10CCA000D8740BF0900062DAE0FF900062D61200B8
:10CCB0007A95EE12007990120079B4EE1200799014
:10CCC000E4F012007ABDEE2583F583C083C0829024
:10CCD0000062D8E0759300D082D08375F005120011
:10CCE0007CCBA301CDB7900062D8E0FF64EE600A70
:10CCF000EF240290003105F0800790003105740B9D
:10CD0000F0900062D612007982E0640D600301CDDC
:10CD1000BF900062D6E0FE12007A3512003857EE5E
:10CD2000120079901200386312003620FD12007A4A
:10CD3000BDEE2583F583C083C08212007F28D08298
:10CD4000D08375F00512007CCBA3EDF0900062D982
:10CD5000E0701212007BF71200798B12007B7912BF
:10CD600001C64E802B900062D612007A33120079F1
:10CD70008B120038639000311312007C38C083C0DE
:10CD80008212007F28D082D08375F00512007BDDEF
:10CD900012007D9B900062D612007A331200798BCC
:10CDA0001200388312007BA91200798BEEF09000FC
:10CDB00062D612007982E4F0900062DBF0806C9021
:10CDC0000062D612007982E0B40C1912007BA9121D
:10CDD00000798BEEF075F078EF12007987E4F0902F
:10CDE0000062DBF0900062D6E0FF9000311112008B
:10CDF0007C39C083C08212007F28D082D08375F036
:10CE00000512007CCBA3F012007BF71200798B1285
:10CE1000007B791201C64E12007D9B900062D612F3
:10CE2000007A331200798B12003883900062DBE0C5
:10CE3000FF22120196591200305F1201C9831201BC
:10CE4000C51A1201CA711201C6821201BE31120145
:10CE5000642D1201AC8512014BE31201B1451201A0
:10CE60005D031201A5C690005200E0FF7D01120192
:10CE70009CEA90004F59E0FDE490006162F0A30449
:10CE8000F0A374F4F0A37401F0A374F4F0E4FBFFD6
:10CE900012012DD990000854EFF01201490412013B
:10CEA0007F1B1201C274E49000654AF07D011200FC
:10CEB000D0BC60089000654AE04401F07D02120099
:10CEC000D0BC60089000654AE04402F07D047F8099
:10CED0001201C297EF60089000654AE04404F07DBB
:10CEE000087F801201C297EF60089000654AE04415
:10CEF00008F07B827ACD79449000654AE090005F2B
:10CF0000A0F0120044819000654AE0120038FDCF85
:10CF10002B00CF3101CF3902CF4103CF4904CF5D80
:10CF200005CF7108CF890F0000CF9F1200D0A480D9
:10CF3000281200D0A47F01804A1200D0C47F028052
:10CF4000421200D0C47F03803A7B827ACD795E1290
:10CF500000D0B17F021201C668E4FF80267B827A8E
:10CF6000CD797C1200D0B17F021201C6687F0280A9
:10CF7000127B827ACD799A120044817F011200D00F
:10CF8000D1E4FF1201B9E180167B827ACD79B91222
:10CF9000004481E4FF1200D0D17F011201CA9E1229
:10CFA00001480990005CF9E475F001120036CE905A
:10CFB000005DCCE0FFA3E06F6062EF75F003A42496
:10CFC000CEF582E4345DF583759300E024F5603A94
:10CFD000240A703A90005DCCE075F003A424D0F5EB
:10CFE00082E4345DF583759300E090006162F09017
:10CFF00000607AE0FDE490006163F0A3F0A3F0A389
:10D00000F0FB7F0312012DD9800412017CA2900055
:10D010005DCCE004F0C394204002E4F07945E77869
:10D020004466600412006AC090005AD9E0FF900084
:10D030005ADAE06F60041200C2CF792AE7782C66D2
:10D04000600412018FF6792EE7782F6660041201D2
:10D050005A9030250B782BE660041201A520C225DA
:10D060007929E7782B666004120155917842E6C36E
:10D0700094EA500301CFA3C2EBE4F6D2EB90006434
:10D08000DDE004F0643C600301CFA3F0900064DEB7
:10D09000E004F06418600301CFA3F07F01120134B3
:10D0A0001101CFA3E4FF1201CA9AE4FF1201CA9E44
:10D0B00022120044817F011201CA9A227F8012014C
:10D0C000C297EF22E4FF1201CA9AE4FF1201CA9E3E
:10D0D000221201CA9A7F011201C66822900064845C
:10D0E000120091A36421600301D1BC120092D364A9
:10D0F00001600301D1BC12008FCDC083C082120039
:10D10000925BD082D08375F00812003857E4F0A308
:10D110007409F012008FCD75930075F008EE1200BF
:10D120003857E0FEA3E0FF90006484E0FD12008F1A
:10D130009EC083C08290006485E0FC759300D0821D
:10D14000D0831200901DEEF0A3EFF075F0EAED121F
:10D15000008FB912009232E4F0A3F01200936B70CA
:10D160002290006484E0900031181200938A12002B
:10D170008F8912003863E92412F9E43AFA75F0EA6B
:10D18000EE8022EFB40132120092D375F078900055
:10D19000311812008F8412003863E9242BF9E43A25
:10D1A000FA75F0EAEF12008FACC083C082120091D2
:10D1B000CCD082D0831200905E7F00221200902497
:10D1C000C083C08290006486E0FE759300D082D058
:10D1D0008375F00512003857E0FCA3E04C6015128F
:10D1E0000091C312008F8475F005EE12009056E98D
:10D1F0004A4B701290006484E0C394027F02500393
:10D2000001D36E7F032290006486E0B4F003740BB8
:10D21000F012009024C083C08212009297D082D076
:10D220008312008FC1C083C082120091CCD082D003
:10D230008312008FF9FEA3E0D39DEE9C4031900055
:10D240006484E01200902AC083C08212009297D0BA
:10D2500082D08312008FC1C083C082120091CCD0D3
:10D2600082D08375F00812003857ECF0A3EDF090EF
:10D270000064841200900CC083C0821200925BD0C4
:10D2800082D08312008F9112009019ECF0A3EDF080
:10D29000120092D312008FB6C083C0821200925B3C
:10D2A000D082D0831200901DE4F0A3F09000648639
:10D2B000E064057054900057C4E02EFE120091C344
:10D2C00012009031C083C08290006486E0FD7593A7
:10D2D00000D082D08375F0051200905675F078EF7B
:10D2E0009000311112008F8475F005ED120038574F
:10D2F000E0FCA3E0C39402FDEC9400FCE92DF9EA04
:10D300003CFAEE12003652802990006486E07022CA
:10D3100090006484E0B4011AA3E075F012A424DB49
:10D32000F9745E35F0FA7B0190006484E075F0EAF0
:10D330008026120092D375F078900031131200907D
:10D3400031C083C08212009297D082D08375F005DD
:10D350001200905675F0EAEF12008FACC083C082C5
:10D36000120091CCD082D0831200905E7F0022E424
:10D3700090006358F090005F24740FF0A3F07B01DD
:10D380007A637957120190E612016AB07480120133
:10D390006ADEE4FBFD1200D5D77B017D011200D5CA
:10D3A000D77B027D021201180C12016AB0742012A0
:10D3B000016ADE7B037D031201180C900009907452
:10D3C00004F07E00FF7D067B017A09798C12003A19
:10D3D000817B017A6379577DFF12015DD37B017AEE
:10D3E00054792B9000635912003883E490006358FD
:10D3F000F090006358E0FFC394045028EF75F012DA
:10D40000A424DBF9745E35F0C8E9C8FC7D01A312E1
:10D410000038637E007F12120035A290006358E04E
:10D4200004F080CD9000582312016AB7240812013D
:10D430006AEB9000582712016AB7240A12016AEBBE
:10D4400012016AB07B017A54792B1201BCF31201EC
:10D450006AB09000312F12016A43E4F0A3743FF0E8
:10D460007B017A5479959000313112016A421200A1
:10D4700038839000313412016A42E4F0A3746EF0F4
:10D480007B017A5479D475F078EF9000313612012F
:10D490006A4612016AD59000313912016A46E4F0F9
:10D4A000A3745DF07B017A55794275F078EF9000B6
:10D4B000313B12016A4612016AD59000311B1201FC
:10D4C0006A46E4F0A37404F07B017A54799175F014
:10D4D00078EF9000311D12016A4612016AD5900062
:10D4E000312012016A46E4F0A37422F07B017A55E0
:10D4F00079FF75F078EF9000312212016A46120030
:10D500003883900055BFE0FD12016AB075F0789045
:10D5100000312512016A46E4F0A3EDF07B017A5553
:10D5200079BF75F078EF9000312712016A4612003A
:10D5300038839000559FE0FD75F078EF9000312A18
:10D5400012016A46E4F0A3EDF07B017A55799F75EC
:10D55000F078EF9000312C12016A46120038837B7C
:10D56000017A54793D120180E912016AB075F078B0
:10D570009000314E12016A467407F075F078EF9012
:10D5800000314D12016A467401F0900032721200AF
:10D590003863E9241DF9E43AFAEF12016AA2241D66
:10D5A00012016A9C244012016A9C246312016A9C45
:10D5B0002486F9E43AFA7401120036529000604071
:10D5C000EFF025E02437F582E43460F583759300AD
:10D5D0007405F0020097EA1201180C90006357E0FE
:10D5E000FF900060AF7420F0A3E4F0A37408F02271
:10D5F000C226900042EAE0FD54C0C41313540390C5
:10D6000000618AF0900042EFE0540F9000618FF0CB
:10D61000ED543F90006187F090002F7B12012BD1D9
:10D62000E0547F90006188F0C394024010E09000C5
:10D63000310712012C6D12012C4E20E73812012CFB
:10D6400055FE6F90006187602912012BBC12012BDF
:10D65000CAE5822E12012B89ED12012BB7E0900052
:10D660002F8312012BCFE5822E12012B89EDF001C1
:10D67000D7D801D75E9000618AE0FC12012C47FEEA
:10D6800012012C13E05E9000618D12012C91FFECD1
:10D690006F600A9000618A12012B54800412012BE2
:10D6A00094E09000618CF09000618BE0FFA3E06F4C
:10D6B000700301D7D830360D900047F0E0700301B9
:10D6C000D86001D8079000618AE0FF90006189F07E
:10D6D00090006188E0FD1201906EEF6005D2260196
:10D6E000D7D89000618DE06005D22601D7D812010D
:10D6F0002C79FE75F0EA12012BFDE030E105D2260F
:10D7000001D7D875F0EAEE900008C812012C01E0AC
:10D71000601590006189E0FF75F0EAEE12012BFDC3
:10D72000E054216401704512012BB8E09000618A39
:10D7300012012BC9E5822D12012B89EE12012BB7A4
:10D74000E0FE90002F8312012C28E5822D12012B80
:10D750008912012C90FFED6F707E9000618712019D
:10D760002BBCE0FE12012BABEEF0806C90006187C9
:10D77000E090002F7C12012BC1E0FE75F016EF90B7
:10D78000002F7D12003857E0540FFD90006188E0B3
:10D790009000317D12012C6DF58375930075F006B4
:10D7A000EE12003857CEEDCE759300E5822E1201B1
:10D7B0002B89E0FEFD7B017A61798E1201B636126B
:10D7C000012C79FD9000618EE0FB90006187E09074
:10D7D0000063CCF01201460912012C556F6006124D
:10D7E000012B54800412012B94E09000618CF09086
:10D7F00000618CE0FF9000618BE06F603C30261B85
:10D80000900047F0E0605912012C30A3E4F0A3042B
:10D81000F0A3E4F0A304F0E4FF801A900047F0E0E6
:10D8200070041201C99112012C30E4A3F0A3F0A3FB
:10D83000F0A3F07F0302012DD91201C99112012C2E
:10D8400013C083C08212012C5924ABF582E4345BEF
:10D8500012012C4EF4FEEF5E759300D082D083F05F
:10D8600022900042EAE0900063D0F01200FC3912EE
:10D8700000FBFEFE1200FCC61200FBFE6E700301F0
:10D88000DA8A1200FCF17D011201ADF5EF6401703E
:10D890000301DA8A1200FCF17D011201C361BF01AC
:10D8A0000F1200FC351200FC911200FC8901DAA273
:10D8B000900063D0E01200FD22FC700301DA8AC2FE
:10D8C00027900063D0E0FE1200FC3B1200FBFEFD3F
:10D8D000EE1200FCB52D1200FBF9FE540F90006310
:10D8E000CDF0EE5470A3F06005E064107025900058
:10D8F00063CEE070181200FCF11200FD2F1200FB45
:10D90000FE6010EF1200FD22700901DA8AEC70034C
:10D9100001DA8A1200FC351200FBFE1200FD7912BA
:10D9200000FBFEC39440400D900063D0E01200FC69
:10D930003B1200FC911200FC351200FBFEFE1200AF
:10D94000FCB42E1200FBF9900063CFF0A3E01200AC
:10D95000FC3B1200FBFE1200FD791200FBFEC3949B
:10D9600040400D900063D0E01200FC3B1200FC919F
:10D97000900063CFE0FF64FE6068900063CEE0FE3D
:10D98000D39410505DEFC394E04057A3E0D394E7E5
:10D990005050C3EF94E0FF7401C8EFC8088002C381
:10D9A00033D8FCFFEE70181200FC431200FBFEFDA2
:10D9B0005F702BEE1200FC491200FD8B4F801B1292
:10D9C00000FC431200FBFEFD5F6013EE1200FC49F9
:10D9D000F583759300EFF4FFED5F759300F0D227A8
:10D9E0008057900063CEE024F0601C24B0602824AF
:10D9F000F06024247070421200FCF1900063CFE0CC
:10DA0000FD12018A9C80321200FCF1900063CFE08D
:10DA1000FD1201AF158022900063CFE0C394B07572
:10DA2000F003A424E3F9744935F0FA7B0190006314
:10DA3000CEE0FF12013FBD805130274E900063D0F1
:10DA4000E0FB9000302393FE90005F24E0FD5E60D9
:10DA500039C227EEF4FEED5EF0EB1200FD3BFA7BDF
:10DA600001900063D0E090006177F0A37401F0A30F
:10DA7000F07D08120187801200FCF1900062BB74F7
:10DA800010F07B017D01120198E71200FC351200B5
:10DA9000FBFEFE1200FCC61200FBFE6E60040201DB
:10DAA000C99F90004B5BE0900063D01200FCD7123E
:10DAB00000FBFEF4FEEF5E90004B5BF02212007E56
:10DAC000179000655EF012007C481200798BE02010
:10DAD000E70301DD1512007B189000323412007943
:10DAE0008BE024FB601F24FD604B14700301DB9C62
:10DAF00014700301DBBF14700301DC1E14700301FA
:10DB0000DC9901DD159000655EE0FE900032341274
:10DB10000079BBEE120079907408F0900032361252
:10DB20000079BAEE120079907418120079B5EE12ED
:10DB3000007990E4F012007BAF1200798BE0705214
:10DB40009000655E12007982E0640E70337B827A09
:10DB5000D279D990005FA0EFF012004481C239124F
:10DB600001CA8F12007B18900032361200798BE4C4
:10DB7000F075F078EF12007987E4F0FD0201722C65
:10DB800012007B18900032341200798B7409F00176
:10DB9000DAD5900030DC12007E4A801812007B1823
:10DBA000900032371200798B7405F09000595312AF
:10DBB000007CF1EF12007A8D12007E8D01DCCB1219
:10DBC000007B18900031101200798BE024F760126E
:10DBD0002406703012007EFC1200798B740BF00169
:10DBE000DAD512007B18900032381200798B74015C
:10DBF000F075F078EF900032771200798B740AF0AC
:10DC00000201C9379000655EE0FF1201AE85120087
:10DC10007B18900032341200798B740FF0221200BE
:10DC20007B18900032341200798B740F12007D74CF
:10DC30001200798BE024FD601324FA600301DD15E6
:10DC40009000655EE0FF7D0F020149FB12007B182A
:10DC5000900032371200798BE4F07D0F120149FBFE
:10DC600012007B18900031091200798BE020E0034C
:10DC700001DD151201C7D9EF700301DD1512007B1C
:10DC800018900032341200798B740C12007C7012E0
:10DC900000798B7401F001DAD512007B1890003204
:10DCA0003A1200798BE0703E75F078EF9000310900
:10DCB0001200798BE020E71790002F7112007E4A46
:10DCC00012007A8DA3F0A3F0FB7F0302012DD9127D
:10DCD000007B18900032341200798B12007DA21262
:10DCE00000798BE4F02212007B189000323A120087
:10DCF000798BE0FF64116004EFB4121912007B18F5
:10DD0000900032341200798B12007DA21200798BC0
:10DD1000E4F001DAD5229000637A7406F0740112FF
:10DD2000009C48E4FF1200DF34F00412009C8F7F57
:10DD3000311200DF3E7494F0A3740112009D1E7F27
:10DD4000321200DF3E74C0F0E4A3F0740212009DB2
:10DD5000207F341201B48A9000637A7480F0A37437
:10DD600004F012009E747F401200DEF67F42120122
:10DD7000B48A9000637A7440F0A37402F012009C9D
:10DD8000487F601200DEF67F621201B48A12009EA4
:10DD9000747F641200DF3412009CC512009C467F21
:10DDA000661201B48A120158EAE490005AD9F0A32D
:10DDB000F09000637A04F012009C487F771200DF35
:10DDC0004712009D1E7F781201B48A7B017A5A792E
:10DDD000D412009ED9E49000637EF09000637EE050
:10DDE000FDC39410501090006388740112009D3A96
:10DDF0001200DF5180E512009FA212009ED912008E
:10DE00009D347F481201B48A90005AD874FFF012F2
:10DE1000009EE31201B48AE490005BB4F07B017AC7
:10DE20005B79B49000639C04F07F3A1201B48A7E5F
:10DE3000007F047DFF7B017A5B79A212003A81E4C6
:10DE40009000637EF09000637EE0FDC39408501064
:10DE500090006388740112009D601200DF5180E51C
:10DE600012009D5A7F6E1200DF127D0F1201B38FD8
:10DE700012009C467F4C1200DF47F090006388043C
:10DE800012009E7AFD1201B38F12009C8D7F381212
:10DE900000DF127D071201B38F12009C467F7212C1
:10DEA00001B48A747B12009C887F021201B48A74C8
:10DEB000DA12009C887F041201B48AE49000637A2D
:10DEC000F0C2E890005AD3F0740C9000637AF0F539
:10DED000C775C630D2E87B817A62794F1201BF39AB
:10DEE00090005BB3EFF0E490005BB5F0A3F0D2E8F4
:10DEF00090005ADFF0221201B48A9000637A7440D5
:10DF0000F0E4A3F07B017A63797A9000639C740259
:10DF1000F0221201B48A7E007F047D007B017A63C7
:10DF2000797A12003A817B017A63797A900063886A
:10DF30007401F0221201B48AE49000637A22120183
:10DF4000B48A9000637A221201B48AE49000637A62
:10DF5000221201B38F9000637EE004F022900060F3
:10DF6000E8120091A3E4900060EFF0900060EBF005
:10DF7000900060EBE0FFC39404400301E19E74F164
:10DF80002F1200918CE4F074F12F12009265FF9033
:10DF90000060E9E05F700301E178E4900060ECF07C
:10DFA000900060E8E0FF900008A612008FA2E0FE5B
:10DFB000900060ECE0FDC39E400301E145ED601878
:10DFC000FE900008AF12008FD1E5822E12008F6CF8
:10DFD000E0540F700301E13B900060EC12009104EB
:10DFE000FE75F0EA900008AF12008F65E030E70C94
:10DFF000EF600F900060EF7420F08006E490006006
:10E00000EFF0900060EC12009154900008AF120005
:10E010008F65E030E509900060EE7410F08044E414
:10E02000900060EEF0EF0412009105FE900008A64B
:10E0300012008FD2E0FDEFC39D5028900060ECE00D
:10E04000FD1200928012008FE32D12008F6CE054BD
:10E050000FFD1200928012008F65E0540F6D700367
:10E0600001E13B900060EC12009104FE75F0EA9033
:10E070000008AF12008F65E030E609900060F07490
:10E0800040F08006E4900060F0F0900060F0E06402
:10E09000407027900060EEE0B4101F1200928012D2
:10E0A000008F65E0540FFFEEC454F044804FFF90A2
:10E0B0000060EBE01200918AEFF07F80900060EC4E
:10E0C000E0FC900060E8E0FB900008AF12008FE0F9
:10E0D0002C12008F6CE0540F4FFF900060EFE04F68
:10E0E000FF900060EEE04FFF900060F0E0FE4F9088
:10E0F0000060EDF075F0EAEB900008A712008FE3E6
:10E100002C12008F6CE0FD7C00CFEECF12019A261E
:10E11000CEEFCE12009100FD900060ECE0FBA3E09A
:10E120009000622DF0A3EEF01201B6721200910081
:10E13000FD900060ECE0FB1201C08B900060ECE011
:10E1400004F001DFA012009100FD900060EAE0FB06
:10E150001201A8EA900060EBE0FF1200918AE060F3
:10E160001774F12FF9E43460FA7B01900062217496
:10E1700001F07D9A12018053900060E9E0FF900069
:10E1800060EBE024F112009265F4FEEF5E90006017
:10E19000E9F0600A900060EBE004F001DF7022908B
:10E1A000006277EFF0A3EDF0A37401F012010F5BB2
:10E1B00012010EEAE0600301E24B7B017A6279789A
:10E1C000120186F9EF6401707B7D0D7F09FE12005C
:10E1D000E3CB9000322112010EEA12010FBA900037
:10E1E000322112010EEA12003863900062781201A7
:10E1F0000FC31200388390006277E0900032211242
:10E20000010F8AEE12010EEF12003863E94A4B70DB
:10E21000181201BD217F041201C8DE90006277123E
:10E22000010EE17409F001E3C490006277E0FFA3FE
:10E23000E0FD7B087A001201A26C90006279740400
:10E24000F001E3C41201C99F01E3C412010F5B1284
:10E25000010EEAE0FF640D6008EF640C600301E367
:10E260009412010F9C9000314312010EEAE4F0A3D6
:10E270007409F075F078EF9000322112010EEA1265
:10E2800000386375F078EF9000314512010EEA1204
:10E29000010FBA9000314512010EEA12003863E90D
:10E2A0002408F9E43AFA74FF120036527B007A002F
:10E2B000790075F078EF9000322112010EEA120118
:10E2C0000FBA9000314512010EEA12003863900037
:10E2D000627B12010FBA9000321C12003857EF25F2
:10E2E00083F583C083C082759300E0FF9000627B5A
:10E2F0001200386312010FD0FEEF4E759300D082EA
:10E30000D083F01200362075F005A4FF9000627AE9
:10E31000F07E007D0E1200E3CB9000327212010EEF
:10E32000EA120038839000627AE0FD7C00ECC0E0E5
:10E33000EDC0E075F078EF9000327212010EEA1233
:10E340000038637D00D0E0FFD0E0FE12003A8190FB
:10E350000060A8E4F0A37408F09000609B7403F0E0
:10E36000E4900060A7F012010F9C9000327512013A
:10E370000EEA740112010FA612010EEA7403F07581
:10E38000F078EF9000322B12010EEAE4F090006278
:10E3900079F0803012010F9C9000322112010EEAB8
:10E3A00012003863CEEACECFE9CF1201C64E7B0011
:10E3B0007A00790012010F9C9000322112010EEABE
:10E3C0001200388390006279E0FF2212019FEDCAAB
:10E3D000EECAC9EFC97B0190006277E0FF75F07863
:10E3E00022900061FEEFF0A3EDF0A3EBF012013EEE
:10E3F000006420600301E51F90006204E0640F6088
:10E400000301E615A3E06401600301E4A09000614C
:10E41000FE12013D8420E40301E61512013E9A90AC
:10E4200000019E12013E046401600301E61575F0CF
:10E4300048EF9000019F1200385712013E36EF124C
:10E4400000365212013E38E92401F9E43AFAE412A6
:10E45000013E29A424A0F9740135F0FA7B01EBC038
:10E46000E0EAC0E0E9C0E0A312003863E924021248
:10E47000013E7BD0E0F9D0E0FAD0E0FB7E007F06E1
:10E48000120035A2900061FF12013E3690005F2E0F
:10E490007408F0A37401F0E4FD12004B877F0122A1
:10E4A00090006205E06402600301E61512013E2D52
:10E4B0009000019E12003857E0FF6402600301E6FD
:10E4C00015900061FEE0FEA3E075F0EA900008BF41
:10E4D00012003857E5822E12013D96543060030138
:10E4E000E61512013E38EF12013E29A4249FF9746B
:10E4F0000135F0FA7B01EBC0E0EAC0E0E9C0E0A33F
:10E5000012003863E9240112013E7BD0E0F9D0E02B
:10E51000FAD0E0FB7E007F07120035A27F012212B5
:10E52000013E9A12013E006411600301E5AE9000C5
:10E530006204E06414600301E615900061FFE0FEF0
:10E5400075F07812013DA9759300E0FE5428600330
:10E5500001E61575F048EF12013DF6700301E6156E
:10E56000F4700301E61512013E9A75F0489000011F
:10E570009F12003857E0600301E615900061FFE04C
:10E58000FD75F07812013E8612013DC9EE4408F097
:10E5900075F048EF12013DF6FF75F0EAED12013D0E
:10E5A000EEEF12013DE4E04450F0E4FD80609000A5
:10E5B0006200E012013E006402705A90006204E0C2
:10E5C0006408705112013DB7E030E41320E24612B6
:10E5D000013DB7E04404F07D101201C57180361290
:10E5E000013DB7E030E52E20E32B12013DB7E044BA
:10E5F00008F012013E2D12013DF6FE75F0EAEF1211
:10E60000013DEEEE12013DE4E04450F07D201201A8
:10E61000C58D7F01227F00227D137F907E00120036
:10E62000E83790000940120038837E007F907D001B
:10E63000900009401200386312003A81900008A649
:10E640007402F0748012010B957408F0E4FBFDFF76
:10E650001201180C742012010B9504F0FBFDE4FF6D
:10E660001201180C7B017A6379FD7DFF12015DD3E5
:10E670007F237E007D141200E83712010B1F9000EB
:10E68000327212010A661200388390003278120149
:10E690000A657401F07B017A5D79BA900063FE121D
:10E6A00000388390005823E0FEA3E0FFE92408121D
:10E6B000010B6890005829E0FEA3E0FF12010B2631
:10E6C000240A12010B687B827AD5796B120044818F
:10E6D00012010B2624081200E827EFC0E0EEC0E08C
:10E6E00012010B26240A1200E82790005FA2EEF028
:10E6F000A3EFF090005FA0D0E0F0A3D0E0F07B8229
:10E700007AD5796E1200448112010B1F7B017A5D6C
:10E7100079BA1201BCF312010B1F75F07890003129
:10E720004312010A69E4F0A37409F07B817A4B7902
:10E730002A9000314512010A6512010B4690003102
:10E740001B12010A69E4F0A37404F07B817A4B790F
:10E750000475F078EF9000311D12010A6912010B67
:10E76000469000312012010A69E4F0A37422F07B84
:10E77000817A4B790875F078EF9000312212010A06
:10E78000691200388390005D7AE0FD12010B1F755D
:10E79000F0789000312512010A69E4F0A3EDF07BD6
:10E7A000017A5D797A75F078EF9000312712010ACD
:10E7B000691200388390005D5AE0FD75F078EF90A3
:10E7C00000312A12010A69E4F0A3EDF07B017A5DC1
:10E7D000795A75F078EF9000312C12010A69120114
:10E7E0000B469000321C12010A697407F07B817A93
:10E7F0004A79EB120180E912010B1F75F078900045
:10E80000314E12010A69E4F075F078EF9000314D55
:10E8100012010A697401F07E007F107D007B017A8D
:10E8200060793602003A81F9E43AFA120036E4FFE0
:10E83000AEF01201CA5E2212019FEDCAEECAC9EF04
:10E84000C97B0122900062BEEFF0A3EDF0E49000DE
:10E8500062C2F0900062C1E014F0EB24FC7003018E
:10E86000E98324FC60422406600301EA5A12010A8B
:10E870001EE92404F9E412010A86900062C3F090B4
:10E880000062BFE0900062C312010AC54401F0902B
:10E890000062BE12010A5575F023EF12010A4912F7
:10E8A000010A76440401E97C12010A1EE92401F9F7
:10E8B000E412010A8630E00301EA5A12010A1EE955
:10E8C0002401F9E412010A864401120036521201B1
:10E8D0000B3012010A5612010AF812010A491201FC
:10E8E0000A7654FB1200365275F0EAEF12010A590B
:10E8F000EE12010A37E92404F9E412010A86603BAA
:10E9000012010B3012010A5612010AF812010A49CB
:10E91000900062C1E0FD12010A7B20E01E75F0EA62
:10E92000EF12010A5975F023EE12010A4975F0053C
:10E93000ED12010A7E44011200365212010B301210
:10E94000010A5612010AF812010A4912010A762038
:10E95000E00301EA5A75F0EAEF12010A59EE1201DA
:10E960000A37E92401F9E412010A8654F912010A6E
:10E970001AE92402F9E412010A864401120036520F
:10E9800001EA5A12010A1EE92402F9E412010A8678
:10E99000441012010A1AE92401F9E412010A86203E
:10E9A000E00301EA5A12010B3012010A5612010A61
:10E9B000F812010A49900062C1E0FD12010A7B20B1
:10E9C000E00301EA5A75F0EAEF12010A5975F023E3
:10E9D000EE12010A4975F005ED12010A7E44021299
:10E9E00000365275F0EAEF12010A5975F023EE1263
:10E9F000010A4975F005ED12010A7E54FB12010A65
:10EA00001AE92404F9E412010A86900062C3F0E0D6
:10EA1000FD603F900062BFE0FFE4FB1201A6171209
:10EA2000010B4FE4FB1201A8EA900062C3E0FF90E3
:10EA30000062BFE024F1F582E43430F58375930081
:10EA4000E0FD1201A106900062C3E0B401041200CF
:10EA5000307712010B4F1200FF6812010B301201C8
:10EA60000B7F1201603C900062C2E0FF22E4900044
:10EA7000646DF0900042EAE09000646CF0E0FF12F8
:10EA800000FC811200FBFEFE90004B68E06E7003FC
:10EA900001EC507D011201ADF5EF6401700301EC52
:10EAA000501200FD927D011201C361BF0129900047
:10EAB0004B681200FD0B1200FC811200FCE9900073
:10EAC0004B69E0FF74AB2EF582E4345B1200FBFE71
:10EAD0001200FD9901EC509000646E7402F0120077
:10EAE000FC7C1200FBFE1200FC6F1200FBFE24FEF9
:10EAF000602F1460351460382403703F9000646DFB
:10EB00007405F0900042EFE0540F702FEF75F0089D
:10EB1000A42433F9744B35F0FA7B011201A47780F9
:10EB20001A9000646D7402F080119000646D80088A
:10EB30009000646D7407F0A37403F07F021200FD6F
:10EB40000D24DAF582E43409F583759300E05F6003
:10EB50006074602EF582E4344B1200FBFE1200FC60
:10EB6000701200FBFE6401600301EC50FF1200FD17
:10EB70000D24601200FBDBFD1200FD14EDF074604B
:10EB80002E1200FBDBFE74242FF582E4344AF58359
:10EB9000759300EEF00FEF640370D290004A237477
:10EBA00003F09000646DF090004A29E05407F08073
:10EBB00027E4FF9000646DE0FEEFC39E501A120040
:10EBC000FC7C1200FBFE1200FC701200FBF1FE1236
:10EBD00000FD14EEF00F80DB1200FD921200FC81AC
:10EBE0001200FBFE04F074602FF582E4344B120037
:10EBF000FBFEC3940440081200FC7C1200FC9190C0
:10EC0000005F251200FD0B9000302393F4FDEF5DB3
:10EC100090005F25F07B017A4A79299000646DE0CD
:10EC2000FD90006177EEF0A37401F09000646EE057
:10EC300090006179F0120187801200FD92900064CB
:10EC40006EE0FB900062BB7410F07D01120198E74A
:10EC50001200FC7C1200FBFE1200FD846F600B9022
:10EC60000047F0E060240201C99F90004B69E090EA
:10EC700000646C1200FCD71200FBFE1200FD99909C
:10EC80000047F0E070041201C99122900060DAEFB1
:10EC9000F0A3EDF0CFEBCFCEEACE64807008EF6446
:10ECA000034E7002FF22900060E112003863E924F5
:10ECB000141200867E7003E5F0F47002FF229000CB
:10ECC00060DAE0FD75F0789000326512003857ED9B
:10ECD000120085FC12003863900060E51200388352
:10ECE000900060DBE0FD900060DE12003863ED1202
:10ECF00000365212008659240112008691120086B5
:10ED00002424141200867EFFAEF04E701612008688
:10ED100024240E1200867EFD1200865912008A59A4
:10ED2000ED80091200865912008A59EF12003652FE
:10ED3000120086241200885112008A4B4F90006006
:10ED4000E5700912003863E9241080151200386359
:10ED5000E924B0120085CE1200861F120086AD2471
:10ED60001E1200865012008763900060DBE0FF7E79
:10ED7000006480702B120086242405120085CEFDCD
:10ED8000120086592406120087E512008624240604
:10ED9000120085CEFD12008659120089B2ED802D39
:10EDA000EF64904E702B120086242407120085CE4B
:10EDB0001200865824061200869112008624240828
:10EDC000120085CE12008658120089B2EF1200366A
:10EDD0005212008624241C120085CE12008658246C
:10EDE000081200869112008624241D120085CE127E
:10EDF00000865824091200869112008624241812D5
:10EE000000865024111200876512008624241A12ED
:10EE100000865024131200876512008624241C12D9
:10EE20000085CE12008623241D120085CE8FF0A40B
:10EE300012008658240A120086911200862424B0FB
:10EE4000120085CE1200861F120086AD241E12000D
:10EE50008650240D120087651200862424B012000B
:10EE600085CE900060E1120086A32421120085CE99
:10EE700012008658240D1200867E2FFFE435F0FE26
:10EE800012008659240FF9E43AFAEE1200876B90CB
:10EE90000060E4E0120086582415120086917F017C
:10EEA00022900042EAE0900064AE12010FB012011D
:10EEB0000EEAE020E70301F09D900064AEE09000D0
:10EEC000321F12010EE6E0900064AF12010FA6128D
:10EED000010EEAE024FE24FD501B2404600301EF30
:10EEE000FC900064AEE0FFA3E0FD1200E19F120180
:10EEF000103501EFFC900064AFE0FD900060A7E0EA
:10EF0000FB9000609BE090006281F0900060A8E0C0
:10EF1000FFA3E090006282CFF0A3EFF0900064AE18
:10EF2000E0FF12010D4912011035600301EFFC12E0
:10EF3000010F929000327512010EEAE0604F12014B
:10EF40000FA712010EEAE06403600301EFFC9000DA
:10EF500060A8E07004A3E06408600301EFFC120104
:10EF60000F929000321C12010EEAE0540FFF900045
:10EF700060A7E004F0E0C39F500301EFFC12010F13
:10EF8000929000327512010EEAE4F0806112010ED7
:10EF9000DDE064027024900060A7E0FD1200AF2B5A
:10EFA00012011035BF0404E4F08051900064B0E019
:10EFB0006403604812010F92803812010EDDE0B444
:10EFC0000417900060A7E0FD1201103C1201B94542
:10EFD00012010EDD7402F0802312010EDDE0B40395
:10EFE0001B900060A8E07004A3E06404700E75F04C
:10EFF00078EF9000323812010EEAE4F0900064AE2F
:10F0000012010F5F12010EEAE0640E600F12010F91
:10F01000A712010EEAE0600464097077900064AF03
:10F02000E0FF1201BD2112010EDD1201100C900053
:10F03000322B12010EEA1201100C900032771201ED
:10F040000EEAE0FF900064AEE0FE75F07812010F6A
:10F0500053EE12010EEFEFF075F078EE12010F5340
:10F06000EE12010EEFE0B40A1075F078EE12010F07
:10F0700053EE12010EEF740BF0900030F5E0FD90AE
:10F080000064AEE09000616212010FF8FB7F0402A1
:10F09000012DD9900064B0E0700301EEB922900018
:10F0A0006169120038837F017B017A4A79239000DD
:10F0B0006170120038831200FC61E4120036529035
:10F0C000005C90E0FE30E2601200FC0E7402120060
:10F0D000FC29E924081200FCF845F060251200FC28
:10F0E0002DE924091200FC21FD1200FC0E1200FC87
:10F0F000CFED120036521200FC0E1200FC55746067
:10F1000080171200FC0E1200FCCFE41200365212DF
:10F1100000FC0E1200FC5574701200365290005C18
:10F1200090E054FBF001F283EE30E36D1200FC0E30
:10F1300074031200FC29E9240A1200FCF845F0606F
:10F14000321200FC2DE9240B1200FC21FE1200FCFF
:10F150000E1200FCCFEE1200FC29E9240A1200FC7A
:10F1600021FE1200FC0E1200FD67EE1200FC5D7421
:10F170006080171200FC0E1200FCCFE41200365221
:10F180001200FC0E1200FC557470120036529000F2
:10F190005C90E054F7F001F2831200FC2DE92401A9
:10F1A0001200FC05EF1200FC2912003620FFE924B2
:10F1B000021200FCF8FDACF01201C31FEF600C124C
:10F1C00000FC0E1200FCCF748080101200FC2DE9B0
:10F1D00024031200FC051200FCCFEF12003652127D
:10F1E00000FC2D12003620FFE924041200FCF8FD7B
:10F1F000ACF01201C31FEF600C1200FC0E1200FDF8
:10F2000067748080101200FC2DE924051200FC05B3
:10F210001200FD67EF120036521200FC2DE92407A0
:10F220001200FC05E92403F9E43AFAEF1200365221
:10F23000900051E3E020E70A1200FC6174801200A4
:10F24000365278ED7C567D011200FC0E7F041200D0
:10F25000FD49900057BBE030E00C7B017A5679ED18
:10F260007D041201CAAA1200FC0E12003620FF1201
:10F270000147099000616FE06009A3120038631232
:10F2800000C5F2E49000616FF07F0122900061D729
:10F29000EDF0A3EBF0900061D6EFF0A3E0FE90005C
:10F2A00008FC12008FDF2E12008F6CE0603F12000E
:10F2B00092A075F0789000323C12008F84E0B40385
:10F2C0002C900061D6E075F0789000324412008FE7
:10F2D00084E0FDA3E0900061DCCDF0A3EDF0EF123F
:10F2E000008FA9759300EE12009053805412009283
:10F2F000A012008FB6C083C0821200931BD082D0B0
:10F300008375F00212008F9412009019E0FEA3E0C2
:10F31000C39DFFEE9C900061DCF0A3EFF012009221
:10F32000A012008FA9C083C0821200931BD082D08C
:10F33000831200905312008FB5120090191200939F
:10F3400025900061D912003883900061DCE07002E2
:10F35000A3E07058900061D8E06401704F120093F0
:10F360002F12008F5BE0B4040C75F0EAEE12008FF0
:10F37000617407F022900061D71200915412008F3F
:10F3800061E0B40227900061D7E0FD900061D6E013
:10F39000FB120091D612008FE32D12008F6C7404C3
:10F3A000F01200919712019A8E01F46D120092A052
:10F3B000900008A712009012E0FDD3900061DDE0FC
:10F3C0009D900061DCE09400401375F0EAEF1200BC
:10F3D0009098E0FF900061DCE4F0A3EFF090006112
:10F3E000D912003863900061DCA3E0FD900061D782
:10F3F000E090006177F0900061D6E090006178F0D5
:10F40000E4A3F012018780900061DCE0FEA3E0FF3E
:10F41000900061D6E0FD12008FB6C083C0829000DC
:10F4200061D7E0FC759300D082D0831200901D124A
:10F430000092DA12009098E0FF900061DCE0700327
:10F44000A3E06F7016900061D6120091D512008F64
:10F45000E32C12008F6C7402F08012900061D7E0F0
:10F46000FF900061D6E012008F5E7404F0120093EA
:10F470002F12009143120198E7229000641C74043B
:10F48000F0D235900047F0E070041201C99190006D
:10F4900042EA12007D90F0E0FE12007DF312003887
:10F4A00057EE12007990E0FD9000641AF09000325F
:10F4B0004A12007E60EE12007990E09000641B1208
:10F4C000007C461200798BE030E70B12007C9A1228
:10F4D00000798BE07018ED700301F65A9000641902
:10F4E00012007DF11200798BE0FF0201BD211200B4
:10F4F0007C9A1200798BE0120038FDF51401F54C6E
:10F5000002F55A03F59207F5A708F5B10CF5BF14FB
:10F510000000F5C59000641AE0FD1201778D90009F
:10F52000641CEFF0700D12007C9A1200798B740845
:10F53000F080BB9000641CE06402600301F5C5121A
:10F54000007C9A1200798B740CF080A212007D8CE2
:10F55000E0FD900063F07428804412007F627B011C
:10F560001200F28C9000641912007982E064097034
:10F570005490005BB3E0FD9000641AE0FB900061E2
:10F5800062EF12007A8DA3F0A3F07F0412012DD94F
:10F59000803312007D8CE0FD900063F07420F0E475
:10F5A000FB12018E8B801E12007F621201C25180FD
:10F5B0000E12007D8CE0FDE4FB1201ABEF8000E455
:10F5C0009000641CF09000641CE0FF6013EFB40135
:10F5D0000D12007C9A1200798B7413F08002C235F0
:10F5E000303577900064191200798212007E821201
:10F5F00000798BE0FF1201BD219000641BE09000B8
:10F60000641912007A3DE4F09000323C12007E60F2
:10F61000EE12007990E4F0EE12007B23EE120079F6
:10F620009012007B791201C64E12007D9B900064FF
:10F630001912007A331200798B12007D109000327B
:10F640003E1200798B12007D90E0FE12007D841244
:10F65000003857EE12007990EFF0229000640D12FE
:10F66000007F1FA37401F09000640D12007982E006
:10F67000600301F71412007BAF1200798BE0B40233
:10F68000189000640DE075F0789000311312007945
:10F690008B12007B791201C64E9000640FE0FF7E52
:10F6A000007D0712019FED12007E1E9000640D1276
:10F6B000007A331200798B12007BF31200798B12DF
:10F6C0000038639000640E12007BD49000640D1229
:10F6D000007A331200798B12007DFB602575F0787B
:10F6E000EF900032201200798B7440F09000640F8C
:10F6F000E0FB7A001201BA47900064107404F00134
:10F70000F82FE4FF1201C8DE9000640DE0FF75F0F1
:10F710007801F8249000640D12007982E0FF640DF6
:10F720006008EF640C600301F8009000640D1200A3
:10F730007A331200798B1200386312013A101200EA
:10F740007BE51200798BE0B4020D12007BAF120052
:10F75000798B7404F0800B12007BE51200798B74B6
:10F7600003F09000640D12007982E4F09000640FC1
:10F77000E0FD75F078EF900031111200798BE4F024
:10F78000A3EDF09000640D12007A331200798B1211
:10F7900000386375F078EF900031131200798B1206
:10F7A000007D9712007BF71200798B12007D10907C
:10F7B00000310F1200798BE0FF9000640DE0FD90A6
:10F7C00000321F12007B5EED12007990E012007C87
:10F7D000C4A3EFF09000310F12007B5DED120079B1
:10F7E00090E0FF9000640DE0FE9000322012007B5C
:10F7F000CDEE12007990EFF0E490006410F0802FCD
:10F800009000640D12007A331200798B12007B791C
:10F810001201C64E9000640D12007A2D1200798BF1
:10F8200012007D10900032361200798B741BF0901C
:10F83000006410E0FF22900061EEEFF0A3EDF09085
:10F84000002F80120114CA900061F3F01200F9FB3E
:10F8500075F048A42494F9740135F0FA7B01900006
:10F8600061F012011429900061EFE0FF90002F7CFD
:10F87000120114CAFD75F016EF90002F7D120038AA
:10F8800057E0540FFC1201137EE0FE120113F41234
:10F8900001145775F078EF12011387120113F41257
:10F8A00001144C120114AA1201138BE0900061F0B4
:10F8B000120113DD2403120113D54F1200365290AA
:10F8C0000061EE120113B0E030E70E120113F424D0
:10F8D00003120113D5120114911201137EE0FF7E71
:10F8E00000900061F4EEF0A3EFF0D39440EE9400AA
:10F8F0004008900061F4120114FF900061F4A3E04D
:10F90000120113F3240412011408900061F4E0546E
:10F9100003120113F3240512011408120114AA1290
:10F9200001138BE0900061F030E708120113CE4420
:10F93000088006120113CE44041200365275F07886
:10F94000EF90003107120113B9E0547F120113F355
:10F950002406F9E43AFAEF120113C630E3219000CD
:10F9600061EEE0FF75F078900031E9120114621247
:10F970000113A5E0120113F3120114A3EF800A1280
:10F980000113F4120114A3740112003652900061A5
:10F99000EFE075F01690002F7F12003857E09000CE
:10F9A00061F030E20812011497740480051201140A
:10F9B00097E412003652900061EEE0B401037F013B
:10F9C00022120113F42401120113D544F812011379
:10F9D000C6900061F330E314E0FDE4FB7F01120107
:10F9E00097A0900061F3E0FF7D018008E01200F92C
:10F9F000FBFFE4FD1201C4DE7F0122FD7B017F01DC
:10FA0000120197A0900061F3E022900062D0EFF025
:10FA1000A3EDF0A3EAF0A3EBF0900062D57401F03F
:10FA2000900062D012007982E0706412007FC97D7C
:10FA30000812019FED12007E1E900062D012007A23
:10FA4000331200798B12007BF31200798B1200388D
:10FA500063900062D112007BD4900062D012007AD1
:10FA6000331200798B12007DFB6017900062D2E0A8
:10FA7000FAA3E0FB1201BA7A900062D57404F00197
:10FA8000FBD47F011201C8DE12007EB001FBC990D9
:10FA90000062D012007982E0FF640D6008EF640C10
:10FAA000600301FBA9900062D012007A3312007942
:10FAB0008B120038631201C105900062D2E070041D
:10FAC000A3E06412704D12007EB09000320D12005F
:10FAD000798BE0FEA3E064124E6038900062D0E0C3
:10FAE00012007A351200798B120038637D127C0087
:10FAF00012007275900062D012007A331200798B76
:10FB000012007B791201C64E12007A291200385772
:10FB1000EF806A12007EB09000320D1200798BE007
:10FB2000FCA3E0FD12007BF71200798B1200386312
:10FB300012007275EF7008900062D504F0806A12AE
:10FB4000007FC9900062D0E09000311612007B89DE
:10FB5000ED12007990EEF0A3EFF012007B22ED128F
:10FB6000007990120038639000311812007D52ED38
:10FB70001200799012007D9712007B22ED1200791D
:10FB80009012003883900062D4E0900062D012009E
:10FB90007A94EE12007990120079B4EE1200799006
:10FBA000E4F0900062D5F0802B900062D012007AD1
:10FBB000331200798B12007B791201C64E12007A43
:10FBC000291200798B12007D1090003236120079D4
:10FBD0008B741BF0900062D5E0FF22F582E4344B79
:10FBE000F583759300E075F008A42433F582E434BE
:10FBF0004BF583759300E5822FF582E43583F58319
:10FC0000759300E022F9E43AFA12003620FF9000E2
:10FC10006170020038639000646F12003863E92459
:10FC200003F9E43AFA0200362012003652900061DD
:10FC30006902003863900063D0E0FF2452F582E44B
:10FC4000344B22900063D0E0FE75F008A424C3F585
:10FC500082E4344922E92402F9E43AFAE412003653
:10FC6000529000616C02003863F090004B68E0FF36
:10FC700075F008A42432F582E4344B229000646CC1
:10FC8000E02460F582E4344B2274572FF582E4348B
:10FC90004BF583759300E4F022F0EF75F008A4248F
:10FCA00033F9744B35F0C8E9C8FC7D01900062A7B8
:10FCB00002003863EF75F040A42432F582E4344A40
:10FCC000F583E58222F074572FF582E4344B22E964
:10FCD0002401F9E43AFA22FFE024ABF582E4345B34
:10FCE000227E007D0002003A81F583759300EFF0DB
:10FCF00022900063D0E0FF22F9E43AFA020036E4F1
:10FD0000F582E43583F58375930022E0FF9000646B
:10FD10006CE0FE2274292FF582E4344AF583759352
:10FD200000229000302393FF90005F24E05F227553
:10FD3000F008A424CAF582E434492275F008A4240A
:10FD4000C3F9744935F0227F087E00020035A275A0
:10FD5000F008A42433F582E4344B2275F008A4247F
:10FD600034F582E4344B22E92402F9E43AFA227EA3
:10FD7000007F047D0002003A8104F074522FF58266
:10FD8000E4344B22FF90004B68E022F5837593002A
:10FD9000ED229000646CE0FF22F4FEEF5E90004BD9
:10FDA00069F022900062FAEFF0A3EDF0A3EBF0A36C
:10FDB0007401F0900062FA120127CE12012785E04B
:10FDC000600301FE9275F078EF120127E4C083C052
:10FDD00082900062FCE0759300D082D08375F002BF
:10FDE00012003857E0FEA3E0FF900062FEEEF0A3A1
:10FDF000EFF04E700301FE86900062FEE0FEA3E08D
:10FE0000FF7D1012019FEDCAEECAC9EFC97B0190B8
:10FE10000062FA1201277C1200388375F078EF90A7
:10FE20000032211201278512003863900062FBE046
:10FE3000FD75F01190002DB21201288D1201277C62
:10FE400012003863E94A4B602BEFC0E0900062FC7F
:10FE5000E0FB900062FEE0FFA3E0900063AACFF019
:10FE6000A3EFF0D0E0FF1201A7FA900062FD740446
:10FE7000F001FF617F041201C8DE900062FAE0FF2A
:10FE800075F07801FF56900062FAE0120127DB015D
:10FE9000FF27900062FA120127CE12012785E06445
:10FEA0000D900062FA600301FF34E075F0781201F2
:10FEB00027E4C083C082900062FCE0FE759300D00E
:10FEC00082D0831201283D9000312F1201278575C1
:10FED000F005EE12003857ECF0A3EDF0900062FA56
:10FEE0001201277C1200386375F078EF90003131F1
:10FEF000120127E8C083C082900062FCE075930085
:10FF0000D082D08375F0051201288DE0120127DB25
:10FF100012012785E4F075F078EF90003237120176
:10FF20002785E41201287512012785E4F09000620C
:10FF3000FDF0802D1201277C12003863CEEACECF6F
:10FF4000E9CF1201C64E900062FA12012776120024
:10FF5000388375F078EF90003237120127857408E6
:10FF6000F0900062FDE0FF2290006493EFF0A3EDBB
:10FF7000F004FB1201038290005200E0FF90006445
:10FF800093E06F707A90006495F012010BA99000D5
:10FF9000315112010A69E0FE90006495E0C39E5061
:10FFA0005EE0FE7401C8EEC8088002C333D8FCFDD1
:10FFB00075F078EF9000315212003857EF2583F535
:10FFC00083E5822EF582E43583F583759300E06442
:10FFD00003702312010BA99000315012010A69E04D
:10FFE0005D601390006495E0FD900063737401F010
:10FFF000E4FB1201832B90006495E004F0808B22D7
:020000040001F9
:10000000E4900063D6F0900063D8F0900042EAE0FC
:10001000900063D5F0900042EFE0540F900063D75A
:10002000F030290321011B7D01120101A460089019
:100030000063D8E04401F07D02120101A460089041
:100040000063D8E04402F07D047F801201C297EF84
:100050006008900063D8E04404F07D087F801201BE
:10006000C297EF6008900063D8E04408F07B827A82
:10007000D37998900063D8E090005FA0F01200441C
:1000800081900063D8E0120038FD00A60000AC01AA
:1000900000B50200BE0300C70400DC0500F1080142
:1000A000050F0000018B1201018C802B1201018CC5
:1000B0007F0121017E120101AC7F0221017E12012C
:1000C00001AC7F0321017E7B827AD379B2120101D8
:1000D000997F021201C668E4FF21017E7B827AD3F8
:1000E00079D0120101997F021201C6687F022101B5
:1000F0007E7B827AD379EE120044817F0112010166
:10010000B9E4FF80797B827AD4790D12004481E4CE
:10011000FF120101B97F010201CA9E20296DE490FE
:100120000063D6F0900063D6E0FFC39404505C7483
:100130007B2F1201BCD8FF900063D5E05F60439035
:100140000050ADE0A330E22A900063D6E0FD7F01CD
:100150001201C8CB900050ADE054FBF0900051FE6E
:10016000E075F009900042F512003857E4F0A3045E
:10017000F022E4FF1201ADAC900063D6E0FF020173
:10018000B9E1900063D6E004F0809922E4FF120107
:10019000CA9AE4FF1201CA9E22120044817F011212
:1001A00001CA9A227F801201C297EF22E4FF120156
:1001B000CA9AE4FF1201CA9E221201CA9A7F011252
:1001C00001C6682290006102EFF01200888C1200D4
:1001D00085F7120086E66014900061021200888A9A
:1001E000120085F7120038631201036C900061025F
:1001F000120085EE120086E6700321033275F07856
:10020000EF9000326C120085F72103029000610626
:1002100012003863E92405120085E22102B990003A
:10022000610312003863E92404120085E2803E1263
:100230000089FC120085E2E94A4B603B120089FC10
:10024000120085E2120089A390006109120085DB8B
:10025000EA494B600C90006109120085DB12010332
:100260006C120103339000610C120038639000613E
:10027000091200388380B890006109120085DBEA1A
:10028000494B600C90006109120085DB1201037775
:1002900012010333120088BE120085E2E94A4B6066
:1002A00023120088BE120085E2120089A312010306
:1002B000469000610C120038639000610312003810
:1002C0008321021E120103461200887A120085E281
:1002D000E94A4B603C1200887A120085E2120089DC
:1002E000A3120087AB120085E2E94A4B600C1200B2
:1002F00087AB120085E212010377120103599000C7
:10030000610C1200386390006106120038832102EC
:100310000C120087AB120085E2E94A4B6010120014
:1003200087AB120085E212008A4B1201C64E120101
:100330000359229000610912003863CEEACECFE95A
:10034000CF1201C64E229000610312003863CEEA3C
:10035000CECFE9CF1201C64E2290006106120038BE
:1003600063CEEACECFE9CF1201C64E22CEEACECF7F
:10037000E9CF1201C64E22CEEACECFE9CF1201C696
:100380004E229000647EEFF0A3EBF0A3EDF090001E
:10039000647FE0FFA3E0FEC39F400321052F12000E
:1003A0009150900008FC12008F65E0604D90006451
:1003B00080E012008FA91200904FCEEACECFE9CF95
:1003C0001201C64E90006480120091F112008FA9B4
:1003D000C083C0829000647EE0FE759300D082D01E
:1003E000831200905E75F0EAEF900008FC12008F17
:1003F000E32E12008F6CE4F080681200938390006B
:10040000648012008F5CE06403600D75F0EAEE1208
:10041000008F61E06405704A90006480E012008FF4
:10042000A9C083C0829000647EE0759300D082D022
:100430008312009053CEEACECFE9CF1201C64E7B95
:10044000007A00790090006480E012008FA9C083D8
:10045000C0829000647EE0759300D082D083120049
:10046000905E12009383120092B0900008C81200B0
:100470008F651200924D900008D412008F65120013
:10048000924D900008F012008F651200924D90007E
:1004900008CC12008F65E05440F01200915090009B
:1004A00008D012008F651200924D900009001200D2
:1004B0008F651200924D12008F61E4F0EE12008FF2
:1004C0009EC083C08212009383759300D082D08334
:1004D0001200901DE4F0A3F090006480E0FE120092
:1004E0008FB6759300EF12009236E4F0A3F012007D
:1004F0009150900008BF12008F65E05401F0120087
:1005000092B0900008C412008F65E4F0F583758204
:1005100018C083C082FDEE12009271D0E0FFD0E0DF
:10052000FE12003A8190006480E004F021038E22E4
:1005300090005BB77480F0A37402F090005BBA7413
:1005400007120087FD7401F0A37408F090005BC4EB
:10055000E4F0A374E0F0A3E4F074E71200874C0425
:10056000F07B017A5B79D390005BD01200388390E6
:10057000005BD37480F0E4A3F090005BD67407F0C6
:10058000A3E4F0A37406F0A37410F0A37440120067
:1005900088077406F0E490005BE0F0A3F0A3F07429
:1005A000FF1200874C74FFF07A5B79EF90005BECF0
:1005B0001200388390005BEF7490F0A37402F09007
:1005C000005BF27408120087FDF0A37401F0E49060
:1005D000005BFC12008750041200874D04F090006D
:1005E0005C08120088B490005C0C7480F0A3740264
:1005F000F090005C0F7409F0A3E4F0A304120088EB
:10060000047401F0A37408F090005C19E4F0A304F2
:10061000F0A3E4F0A374081200874D04F07B017A84
:100620005C792890005C251200388390005C2812C9
:100630000089B990005C2B120089C17430120088C7
:10064000077410120088077401F0E490005C35F024
:100650001200874F120088947A5C794490005C41C4
:100660001200388390005C44120089B990005C4706
:10067000120089C17431F0A37410F0A37418120031
:1006800088077401F0E490005C51F01200874F126B
:100690000088947A5C796090005C5D1200388390E9
:1006A000005C60120089B990005C63120089C1741B
:1006B00038F0A37418F0A37420120088077401F0B6
:1006C000E490005C6DF01200874F120088947B006C
:1006D0007A00790090005C79020038839000638E84
:1006E00012009FE612009C07E0540F90006392F006
:1006F000E49000638FF090006392E0FF9000638FBE
:10070000E0C39F400321087BE4A3F09000638FE0E7
:100710009000638E12009C14FD90006390E0FCC377
:100720009D400321087112009D4EEE12009C0C7535
:10073000F006EF12009DD0E5822C12009C2A546036
:10074000642060032108679000638EE0FF90003111
:100750007D12009E60C083C0829000638FE075931D
:1007600000D082D08312009DCDE5822C12009C2AFD
:1007700030E709900063917401F08006E490006313
:1007800091F090006391E0FF1201A7AAEF7003219E
:10079000087B9000639112009E11F583C083C08294
:1007A000759300E0FE9000638E12009F1FD082D0F0
:1007B00083F09000638FE0FEEF25E025E02474F5E0
:1007C00082E4342FF583759300EEF090006390E09F
:1007D000FFA3E0FE25E025E02475F582E4342F1226
:1007E000009FF012009D11ED2583F583C083C08228
:1007F0009000638FE0FD759300D082D08312009D3E
:10080000CD12009C27FFEE25E025E02476F582E45A
:10081000342F12009FF0F09000638EE0FF75F078A7
:10082000900031C512009C0775F006ED1200385794
:10083000C083C08290006390E0759300D082D08323
:10084000258212009C2AFDEE541FFEED4E7593008A
:10085000F090006391E0FD12013EA190006391E0F1
:10086000FDE4FF1201AB5890006390E004F0210713
:100870000B9000638FE004F02106F6229000606187
:1008800012003883E4FFFE120182249000606C1293
:100890000038839000606A7401F0A37448F09000FF
:1008A0006061120038639000607212003883E49037
:1008B000006068F0A3F09000606AE0C313FEA3E05C
:1008C00013FFC390006069E09F90006068E09E4065
:1008D000032109A4120182709000606F1200388316
:1008E00012018268E8C0E0E9C0E0EAC0E0EBC0E0E5
:1008F00090006072E475F0021200386C120036E469
:10090000FFAEF0E4FCFDD0E0FBD0E0FAD0E0F9D09F
:10091000E0F8120037241201822612018270EBC027
:10092000E0EAC0E0E9C0E09000606F12003863D3F5
:10093000D082D083D0E0E99582EA9583400E900082
:10094000606C1200386374011200363690006068E3
:10095000E0547FFEA3E04E703C12018278E4FDFC7F
:10096000ECC0E0EDC0E0EEC0E0EFC0E01201825A62
:10097000D0E0FBD0E0FAD0E0F9D0E0F81200372464
:100980001201822612018268E8C0E01201825AD068
:10099000E01201820E90006068E475F001120036EA
:1009A000CE2108B69000606BE030E02D1201826825
:1009B000E9C0E0EAC0E0EBC0E0120182701200364C
:1009C000E4AEF07F00E4FCFDD0E0FBD0E0FAD0E044
:1009D000F9120037241201822612018278E4FDFC0C
:1009E000ECC0E0EDC0E0EEC0E0EFC0E01201825AE2
:1009F000D0E0FBD0E0FAD0E0F9D0E0F812003724E4
:100A00001201822612018268E8C0E01201825AD0E7
:100A1000E01201820E1201827822120036529000FA
:100A200062BEE075F0EA90000940120038571200EB
:100A30003863900062BFE0900062C175F023A42982
:100A4000F9EA35F0FA75F005E0A429F9EA35F0FA8B
:100A50002290006401E075F0EA900009401200382D
:100A60005702003863EF75F07812003857EF25838E
:100A7000F58375930022900062C1E075F005A485AE
:100A8000F08329F9E5833AFA0200362075F008125E
:100A9000003857E0FCA3E0FD75F0EAEF9000091084
:100AA0001200385775930075F002EE12003857ECBB
:100AB000F0A3EDF090006515E090000918FF75F0C7
:100AC000EA02003857FFE075F0EA900008CC120007
:100AD0003857E5822FF582E43583F583759300E07E
:100AE00022900062C8E9248CF9E43AFAE0229000EE
:100AF0006516E0FE75930022900062BFE0FE75F07F
:100B0000232290006515E0FFA3E0FD900057C3E0AD
:100B1000FB900057C1E02290000904020038579072
:100B20000063FDE0FF22900063FE12003863E922BB
:100B3000900062BEE0FF22FF7C0029F9EC3AFA90B7
:100B4000006177EFF0221200388375F078EF229081
:100B50000062BFE0FF900062C3E0FD227E0029F941
:100B6000EE3AFAE402003652F9E43AFAEE8FF00275
:100B700000370875F00212003857E4F0A3F022A302
:100B8000E0FBFDE4900062C7F022F582E43460F5FA
:100B90008375930022900060AFF0A3E4F0A322E0FD
:100BA000FF75F078900032782290006494E0FF7531
:100BB000F0782290006467EDF0A3EBF0900064669B
:100BC000EFF06480705AA3E0120038FD0BE8010BCF
:100BD000EF020BF6040BFD080C04100C0B200C129A
:100BE000400C198000000D481201CA79928022122F
:100BF00001CA799281221201CA799282221201CA13
:100C0000799283221201CA799284221201CA7992BE
:100C100085221201CA799286221201CA799287220C
:100C200090006466E06490705AA3E0120038FD0CF6
:100C30004B010C52020C59040C60080C67100C6E2E
:100C4000200C75400C7C8000000D481201CA79927E
:100C500090221201CA799291221201CA79929222AB
:100C60001201CA799293221201CA79929422120136
:100C7000CA799295221201CA799296221201CA79F2
:100C800092972290006466E064A0705AA3E012007C
:100C900038FD0CAE010CB5020CBC040CC3080CCA28
:100CA000100CD1200CD8400CDF8000000D48120140
:100CB000CA7992A0221201CA7992A1221201CA799C
:100CC00092A2221201CA7992A3221201CA7992A495
:100CD000221201CA7992A5221201CA7992A6221281
:100CE00001CA7992A72290006466E064B07059A3AB
:100CF000E0120038FD0D11010D18020D1F040D2624
:100D0000080D2D100D34200D3B400D428000000DCC
:100D1000481201CA7992B0221201CA7992B1221204
:100D200001CA7992B2221201CA7992B3221201CA7F
:100D30007992B4221201CA7992B5221201CA79922B
:100D4000B6221201CA7992B7229000627FEDF0902C
:100D500000627EEFF0CEEBCE12010F6112010EEABF
:100D6000E06003210E2412010EF712010F7312012D
:100D70000EEA7423F090006281E0FD75F078EF9048
:100D800000322D12010EEAEDF090006282E0FAA32B
:100D9000E0FB1201104675F0789000322E12010E21
:100DA000EAEAF0A3EBF0EE2401FBE433FA75F07805
:100DB000EF9000323012010EEAEAF0A3EB120110BC
:100DC0004D12010EEAE4F0A3F0ED705212010F741F
:100DD00012010EEAE04480F075F078EF9000327274
:100DE00012010EEA12003863CFEECFEF1201102A83
:100DF0009000627F12010FC3120038839000627E60
:100E0000E0FE75F0789000323212003857EE120191
:100E10000EEFE4F0A3740412010F1D7404F012012C
:100E2000104680739000627E12010F5F12010EEA7D
:100E3000E0640C6003210EC375F078EF9000325728
:100E400012010EEAE07003210ED612010EF7740AA9
:100E500012010F7312010EEA7480F075F078EF90B2
:100E600000322D12010EEA7406F075F078EF900052
:100E7000322E12010EEA7406F0A31201100C90003B
:100E8000323012010EEAE4F0A31201104D12010EED
:100E9000EAE4F0A3740AF07E007C017D781200364B
:100EA00066742C2FF974323EFA7B0112018B9D126D
:100EB000011046A3E0FD1201BA149000628474048C
:100EC000F080139000627E12010F5F12010EEAE4BF
:100ED000F090006284F090006284E0FF2290006451
:100EE000AEE090003238FF75F07812003857EF25E9
:100EF00083F583759300229000627FE0FF75F01107
:100F000090002DB912003857E4F0A37408F075F082
:100F100011EF90002DB712003857E4F0A3F0EF90D6
:100F2000002DBB75F01112003857E4F0A322120017
:100F30003863900062EFE075F005A429F9EA35F016
:100F4000FAE92404F9E43AFA22900062F4E0FFA3FB
:100F5000E0FD22900032340200385790006277E0C2
:100F6000FF75F0789000322B22E0FF75F07890004A
:100F7000327222F09000627EE0FF75F078900032CD
:100F80002C22900063A0E4F0A322FE75F07802000A
:100F90003857900064AEE0FF75F0782290006277D9
:100FA000E0FF75F07822F075F078EF90003238228B
:100FB000FFF075F07890003107221200388375F049
:100FC00078EF22E0FF90002DB275F0110200385743
:100FD000E92402F9E43AFA02003620F0900062E8CF
:100FE000E0FF22FF9000609CE0FE7401C8EFC8089B
:100FF0002290006533E0FF22F0E4A3F0A3F0A3F019
:10100000A3F02212003863900062F522E4F075F03C
:1010100078EF2290006431E0FF22900062F27401C8
:10102000F02275F078900032352275F005A429F988
:10103000EA35F0FA22900064B0EFF022E490006309
:10104000A0F0A3F0FB229000627EE0FF22F075F09A
:1010500078EF9000323222F0900062F4E022E0FD5E
:101060009000616222900062F7E0FF229000619A96
:10107000EDF0A3EAF0A3EBF090006199EFF075F0CA
:10108000789000321F120113B9E0C39412900061EE
:101090009DF0E09000619F1201141B9000619AE0A6
:1010A00075F01190002DB512003857A3E0FF120122
:1010B00014C02402120114089000619F1201144709
:1010C00090006199120113B0E030E7041201148D11
:1010D000D39000619CE094409000619BE0940040BC
:1010E00004120114FF9000619BE0FEA3E0FD1201D9
:1010F00014C0120114E59000619F120113E9240548
:10110000120114081201149190006199E0900031CD
:1011100007120113B5E09000619F120113FE120146
:1011200014C0120114A374FF12003652E49000613F
:101130009EF09000619EE0FFFDD39000619CE09DD9
:101140009000619BE09400406990006199E0FE7519
:10115000F0789000322412003857EE120113BEE0EE
:10116000FCA3E0FDEFFB7A00ED2BFDEA3CFC75F003
:1011700078EE9000322112003857EE120113BE12A1
:10118000003863E92DF9EA3CFA12003620FF90009E
:10119000619EE0FE9000619DE075F048120114DD53
:1011A000E5822E120113A5EFF09000619EE004F09D
:1011B00080809000619BE07002A3E09000619F70CE
:1011C000081201149774FC800D12003863E92401A1
:1011D000120113D544F8120036529000619DE0FDD3
:1011E0007F021201AB589000619D120114F81201A8
:1011F00097A07F01229000653EEDF09000653DEFE5
:10120000F06003211333A3E0FF1200BEB304F0909B
:10121000005CF77402F090005D3BE06455600321D0
:1012200012D2D21A12019F8EEF60032112C69000D3
:10123000653EE0120038FD12591012621212741647
:10124000127D1912863E12903F12A74212B043122D
:10125000B944126B62000012C290005CFF7416F079
:10126000806490005CFF7415F0805B90005CFF74FC
:1012700009F0805290005CFF740BF0804990005C94
:10128000FF7411F080401200BE88A3743EF08036D7
:1012900090005D00E0B43E0D90005CFF7414F0A37C
:1012A000743FF08021801B90005CFF7401F0801679
:1012B00090005CFF7402F0800D90005CFF740FF0F2
:1012C00080041200BE8890005CFFE0700321137D53
:1012D000805690005D3BE0FF64576004EFB4561405
:1012E0001200BEDE12019F8E90005CFFE0700321B1
:1012F000137D803490005D3BE06447702F1200BE88
:10130000DEC394044006EFD3941D400D1200BEDEF0
:1013100064296005EF642B70649000653EE09000E6
:101320005CFFF0D21A7410F002015EA11200BE88B8
:10133000D21A229000653DE06401703D90005CFF90
:10134000E070361200BEDE90005D3BE06F702A7BDD
:10135000827AD079891200BE8F120044811201C7AF
:10136000F09000653EE0FDE4FF1201A89A90006550
:101370003EE0FD7F011201A89A1201C7F022900001
:1013800061EEE0FF75F078900031A112003857EF60
:101390002583F58375930075F006ED1200385775B7
:1013A0009300E5822CF582E43583F5837593002262
:1013B000E090003151FF75F07812003857EF258327
:1013C000F5837593002212003652900061F01200EE
:1013D0003863E92405F9E43AFA02003620540FC4D0
:1013E00054F0FF12003863E922EE5403FF12003874
:1013F00063E922FF900061F012003863E922547F14
:10140000FF12003863E92406F9E43AFAEF020036E5
:1014100052900061A812003863E92275F048A424B4
:1014200014F9740635F0FA7B0112003883E40200E7
:101430003652FF75F01112003857A3E0FE9000629B
:10144000E412003863E92212003863E92403F9E466
:101450003AFAE4020036522402F9E43AFAEE0200C3
:10146000365212003857EF2583F583CFEDCF7593B1
:101470000075F006EF12003857CFECCF759300E5FA
:10148000822F229000639512003863E92212003601
:101490002044040200365212003863E92401F9E4C2
:1014A0003AFA222407F9E43AFA22900061EEE0FFCA
:1014B00075F0789000317D22FD75F0780200385784
:1014C0009000619F12003863E92275F0161200380F
:1014D00057E02275F011EF12003857E02290000615
:1014E0001C020038572404F9E43AFAED020036529F
:1014F00075F0789000322022E0FDE4FB7F0222E4C8
:10150000F0A37440F022900062B2EFF0A3EDF0A3DC
:10151000EBF0E4900062B7F0900062B7E0FFC39494
:101520000440032115D774F12FF582E43430120002
:10153000C04F1200C2525F70032115CD900062B4FB
:10154000E0640170501200C00AE92401F9E41200BD
:10155000C0FD30E0251200C0671200C2401200C07A
:10156000351200C0ED44011200BFCBE92402F9E4BA
:101570001200C0FD440112003652900062B6E0FD38
:101580001200C00A1200C13BED1200C1E1900062DE
:10159000C7740180331200C0671200C2401200C03D
:1015A000351200C0ED54FC1200BFCBE92402F9E46F
:1015B0001200C0FD44031200C0061200C13BE41239
:1015C00000C1E1E4900062C7F01201603C9000624B
:1015D000B7E004F0211518900062B4E07075900037
:1015E00062B2E01200C11AEF1200C09D120038630F
:1015F0001200C02D1200C13BE4120036529000626E
:10160000B6E0FF75F0789000321C1200C048C45458
:101610000FFE75F078EF9000321B1200C0481200E8
:10162000C11AEF1200C09D12003863CFEECFEF1247
:1016300000C0321200C13BE4120036521200C0D288
:10164000EF2583F583C083C0821200C24EF4FEEF03
:101650005E80141200C0D2EF2583F583C083C08260
:101660001200C24EFEEF4E759300D082D083F090F0
:101670000062B4E0FF900062B6E0FE75F078900082
:1016800032551200C098EFF022900061AB12003882
:1016900083E4900061B0F0CFEDCFC3EF9401A3F0ED
:1016A000900061B1E0FDFF900061B0E0FC2FFFE42D
:1016B00033A2E713EF13900061B2F06C6007E06DA6
:1016C0006003211780900061B0E0900061B3F0905A
:1016D0000061B1E0FF900061B3E0FED39F400321C1
:1016E000177BEE1200873D120085C5FD120087446E
:1016F000120088CA120085CEFF6D6057900061AF5E
:10170000E06F70028060900061B31200873C1200AD
:1017100088CA120085CEFD900061AFE0FCEDC39C4D
:10172000504F12008744120085C5C31200896340E0
:10173000401200869A2402120085CEFF900061AF0D
:10174000E0C39FFFE49400FE12008744900061B361
:101750002117E41200869A2402120085CEFF900021
:1017600061AFE06F700B12008744900061B32118E5
:1017700004900061B3E004F02116CF7E007FFF22C9
:10178000900061B21200869E2402120085CED31210
:10179000008963400D900061B2E0900061B1F021DA
:1017A00016A0900061AFE0FEEFC39E504F90006125
:1017B000B21200873C120085C5FD1200874412005A
:1017C00088CA120085CEFF6D6025900061AFE0FEF3
:1017D000EDC39E401AE09FFFE49400FE1200874490
:1017E000900061B2120087712FFFEE35F0FE22905B
:1017F0000061B2E0900061B0F02116A012008744B1
:10180000900061B212008771FFAEF022900060ACD0
:10181000EFF0A3EDF0900060AFE0FD900060B1301C
:10182000E71BE025E0FF900060B0E033FEEF24020C
:10183000FFE43E900060B6F0A3EFF08013E02402D6
:10184000FE900060B0E03400900060B6F0A3CEF0EF
:10185000900060B0A3E0FF900060ADE0FE900060FB
:10186000ACE0FC900008A712016BD3EFF0EB540F33
:101870004DFFEC12016BCFEFF0E4900060B2F090FE
:101880000060B6E0FEA3E0FF7D1A12019FEDCAEEF4
:10189000CAC9EFC97B01900060B3120038831201FE
:1018A0006C22E94A4B700321197512016C22CFE9B1
:1018B000CFCEEACECDEBCD7C00900060B8120038E0
:1018C0004B900060B812003833900060B2E075F0C1
:1018D00080900013AE12003857C083C08290006021
:1018E000ACE0759300D082D08375F01012003857A9
:1018F000C083C082900060ADE0759300D082D08339
:1019000012016C6C900060B812003833E4FFE4FD03
:10191000FC78081200380D900060B2E0FE75F0808F
:10192000900013AF12003857C083C082900060ACA3
:10193000E0FD759300D082D08375F0101200385707
:10194000C083C082900060ADE0FC759300D082D06F
:101950008312016C6C12016C2275F0C0EE12016BE7
:10196000EC75F018ED12016BF075F003EC12003815
:101970005712003883900060B2E004F0E0C3940492
:10198000500321187F229000631EEEF0A3EFF04E6B
:101990007003211AFB90006208E07002A3E070035C
:1019A000211AFB9000631EE0FEA3E024FCFFEE344E
:1019B000FFFEA37462F0A37406F090006320E0FCC5
:1019C000A3E0F5828C83759300E0FCA3E0FD90001A
:1019D0006322ECF0A3EDF04C60239000631EE0FC6A
:1019E000A3E0FD90006322E0FAA3E0FBD39DEA9C14
:1019F000500B90006320EAF0A3EBF080BD900063F1
:101A000022E07002A3E0605E8F828E83759300A354
:101A1000A3E0FCA3E0FD9000631FE02DFD900063B8
:101A20001EE03CFC90006322E0FAA3E0FB6D700234
:101A3000EA6C70328B828A83759300A3A3E0FCA3C7
:101A4000E02404FDE43C8F828E83759300A3A38D74
:101A5000F0120036CE90006322E0FCA3E0F5828C09
:101A600083759300800490006322E0FDA3E08F82E1
:101A70008E83759300CDF0A3EDF090006320E0FC21
:101A8000A3E0FDF5828C83759300A3A3E0FAA3E0A5
:101A9000FBED2BFDEC3AFCED2404FDE43CFCED6F8A
:101AA0007002EC6E70418F828E83759300A3A3E069
:101AB000FCA3E02404FDE43CFC90006320E0FAA3D6
:101AC000E0FBF5828A83759300A3A3EC8DF01200EE
:101AD00036CE8F828E83759300E0FFA3E08B828ADF
:101AE00083759300CF801090006320E0FCA3E0F5A5
:101AF000828C83759300EEF0A3EFF0229000623F9A
:101B0000EFF0A3EDF09000623F120090E4900062CD
:101B100043120038831200910C24011200913B9073
:101B20000057BDF090006243120038631200362067
:101B3000547F900057C5F0546064206003211C6EF0
:101B4000E064237003211C6E900057BDE024F76011
:101B500003211C6E1200910C24021200913BFF1213
:101B600000910C24031200913BFE1200910C2405FD
:101B70001200913BFDEF64026003211C6EEEC394E2
:101B80000240037F00229000623FE0FFB40108E4BE
:101B900090006241F0803CE490006241F09000626D
:101BA0004012008FD92E12008F6C1200920F800508
:101BB000C333CE33CED8F9120092E67016120091DC
:101BC0000C24071200913BD394014007900062411E
:101BD0007401F09000623FE012008FA9C083C082C0
:101BE00090006240E0FD759300D082D08312009097
:101BF0005390006241E0291200913B54079000622B
:101C000042F0745A2DF582E4344F1200926AFF902C
:101C1000006242E0FEEF6E604690006240E0245AAF
:101C2000F582E4344FF583759300EEF0900051E3B4
:101C3000E05430601290006242E0FF90005D3AE0B4
:101C40006F601CEFF0801490006240E0FF90005243
:101C500000E06F700A90006242E0FF12003067906F
:101C600000623FE0B40107A3E0FF12017AC17F00E8
:101C700022900065697401F0900042EAE0783FF636
:101C8000FF900042EFE008F675F078EF9000321F09
:101C900012012785E008F61201C991783FE6FF7529
:101CA000F0789000310712012785E020E703211D1D
:101CB000E3120127D812012785E024FA6016047088
:101CC000287841E6FD18E6FBE4900063AFF01201CE
:101CD00032D9800F783FE6FF7841E6FD18E6FB1227
:101CE00000FDA390006569EFF0783FE6120127CF71
:101CF00012012785E0640E601675F078EF900032CF
:101D00003712012785E0600764086003211DB17860
:101D100041E6FF1201BD21120127D812012785E0FB
:101D2000704008E6FD120141E778400618E6FF75AD
:101D3000F0789000315112012785E0540FFF08E63A
:101D4000FEC39F501D18120127DA12012785740562
:101D5000F075F078EF9000321E12012785EEF02129
:101D60001CB1120127D812012785E4F0FBFAF9759E
:101D7000F078EF900032211201278512003883128B
:101D800001287612012785E4F075F078EF90003293
:101D90003412012785740AF0900030F5E0FDE690DA
:101DA000006162F0E4A3F0A3F0A3F0A3F07F04804D
:101DB0002E90006569E0FF7003211CB1EFB405238C
:101DC00090005953E0FD7840E6FB18E69000616210
:101DD000F0A37407F0A374D0F0E4A3F0A3F0FF1213
:101DE000012DD92212007E179000641512007F5B2E
:101DF0009000641712007E831200798BE0900064DB
:101E00001612007C461200798BE020E703211F4F59
:101E10009000641512007F311200798BE0120038B7
:101E2000FD1E40011E4C021E56031EB0061E600918
:101E30001E9C0C1EA60D1E880E1E920F00001EBEBC
:101E400090006416E0FD120140D3806C12007B9C70
:101E5000120185E6806212007B9C12015C32805880
:101E600090006417E0FF540FFEEF54F0C4540FFCD1
:101E700090006415E0FFA3E0FDCBECCB900064483C
:101E8000EEF01201AFEA803012007B9C1201AE3DF1
:101E9000802612007B9C1201A213801C12007B9CE6
:101EA0001201B031801212007B9C1201AFA3800896
:101EB00012007B9C1201A2C590006418EFF0900004
:101EC0006418E0FF701790006415E09000323A1239
:101ED000007CE4EE120079907412F08041EF64010E
:101EE000706D90006415E0FF75F0789000323A1242
:101EF00000798B741112007C701200798BE0B406AB
:101F00001D9000641512007BE91200798BE4F075D6
:101F1000F078EF12007987E4F0FD1201722C900046
:101F200064151200798212007E821200798BE0FF24
:101F30001201BD21900030F5E0FD90006415E090A5
:101F400000616212007A8D12007E8D12012DD9225D
:101F5000900063C1EDF0A3EBF0900063C0EFF09050
:101F60000063C4F0900063C0E0FFA3E0FD12018EA7
:101F70000F900063C3EFF0E0FF24AA1200BD96307B
:101F8000E040900063C4E06F6035900063C2E060A1
:101F90002B1200BC6A900063C0E075F00BA4FFAE8A
:101FA000F0291200BE96EA494B70032120991200D5
:101FB000BC6AE92F1200BE96120039252120997FB4
:101FC000002290005D47E0FF640160032120A1EF43
:101FD0001200BC6F900063C0E0291200BD6A14605B
:101FE0003E146066147003212075240360032120D1
:101FF000A1900063C1E0FF64016008EF6403600327
:102000002120A190005D211200BCE350032120A1FA
:1020100090005D311200BD5850032120A1807A90BC
:102020000063C1E0FF64016005EF6402707390001B
:102030005D231200BCE3406990005D33E0FEA3E045
:10204000FFD31200BD5D5059804F900063C1E06026
:10205000046403704C90005D25E0FEA3D31200BC25
:10206000E7503E90005D35E0FEA3E0FFC31200BDE7
:102070005D402E8024900063C1E06003B402229092
:10208000005D27E0FEA3E0FFD31200BCE9501290F0
:10209000005D371200BD585008900063C3E004FF94
:1020A00022900063C3E0FF900063C0F0900063C41F
:1020B000E06F6003211F647F0022900063521200D2
:1020C00091A37402120091E124FE603D240260039A
:1020D00021221390006354E090006353B401151261
:1020E00000917012008F65E044201200923D441070
:1020F000F021220D1200917012008F65E054DF1262
:1021000000923D54EFF021220D90006352E0FF1247
:10211000009130C083C08290006353E0759300D07B
:1021200082D08312008FF9FD7B017A637956120108
:10213000B63690006352E0FD12009130C083C08239
:1021400090006353E0FF759300D082D08312008F1C
:10215000F9547FD39407400321220D90006354E08B
:10216000FE6401702D90006356E0FB900063F8EE72
:10217000F01201B75B120090D112008FE3120091B0
:102180005BC083C082120090B48002C333D8FC4F7E
:10219000807390006353E0F990006352E0FB1200FB
:1021A00090DC12008FE32912008F6CE0FD7C009020
:1021B000006356E0FA74017E00C8EAC8088005C3CF
:1021C00033CE33CED8F9FFEE5CFEEF5D4E70037F69
:1021D0000222CFE9CFCDEBCDCBEACB90006354E028
:1021E000900063F8F01201B75B120090D112008FDB
:1021F000E31200915BC083C082120090B48002C3DE
:1022000033D8FCF45F759300D082D083F0E4900063
:102210006355F090006355E0FF22900060BC12000F
:102220003883E4900060C2F0A3F0900060C6F03004
:102230002003FEFF22900060BF120089C9120085B2
:10224000CEFF900060CAF0900060BF12003863E9D2
:10225000240A120085CEFECDEECD900060C4F0EFD2
:102260005407FFC374089FA3F0900060CAE0FA54BB
:1022700007900060C7F0E0FFC374089FA3F0EDC3B0
:102280009F5009900060C7E0C39D8001E49000600A
:10229000C9F0EA131313541FFF900060BC120038FA
:1022A00063E92F120085CEFFCCEFCC900060C7E031
:1022B000FF602B900060C9E0FE6017C8EEC8EC0814
:1022C0008002C333D8FCFCC8EEC8088002C313D810
:1022D000FCFCC8EFC8EC088002C313D8FCFC9000DB
:1022E00060C6E07031EC900060C21200893190004D
:1022F00060C8E0FFEDD39F50028071900060C8E09D
:10230000FFC3ED9FFD900060CAE02FF0900060C613
:102310007401F02122697F08900060C5E0FE120080
:1023200088145004C3EF9EFFED64086025CEEDCE07
:10233000C374089E900060C9F0E0FEC8EEC8EC08C7
:102340008002C333D8FCFCC8EEC8088002C313D88F
:10235000FCFCECC8EFC8CEE4CE088005C333CE3316
:10236000CED8F9FF900060C2120088F3900060C2DE
:10237000E0FEA3E0FF2290006215EFF07B827AD5A9
:10238000793B120124C5E490006216F01200C21AD3
:10239000C3940440032124C474AB2FF582E4345B5E
:1023A0001200C04FFF90006215E0FD1200C0D8ED92
:1023B0001200C04D5F70032124BA1200C21AE4FB60
:1023C0001200306FE490006217F090006215E0FF99
:1023D0001200C0C7E0FE90006217E0FDC39E50658A
:1023E000ED25E0FE742E2FF582E4345E1200C04F1E
:1023F0002E9000621AF0FD1200C21A90006228129C
:1024000000C2591201743E90006218E030E719547E
:102410007FF01200C21A9000621AE0FD9000622163
:102420001200C259120180531200C21A90006215A4
:10243000E0FD90006217E0FB1201C08B9000621774
:10244000E004F0808590006215E01200C2A6120040
:10245000C04F9000621BF0E49000621AF07B827A19
:10246000D5794B120124C59000621AE0FF75F0780F
:10247000900031071200C04830E73F7B827AD5795F
:102480005B90006216E090005FA0F0120044819023
:1024900000621AE0FFA3E0FD90006216E01200C0A7
:1024A000E51200C04F900062B5F090006215E09018
:1024B0000062B6F0E4FB1201150690006216E0041B
:1024C000F021238C2290005FA0F012004481229022
:1024D000006507EFF0A3EDF0EF12008FEAFEA3E036
:1024E0004E702E90006507E0FE1200900EC083C073
:1024F0008290006508E0FD759300D082D0831200C1
:102500008FF9FAA3E064024A7007900057C0E060B8
:10251000037F0222E4900057BEF0120091E1FC70AC
:102520003D75F0EAEE900008CC12008FE32D12000A
:102530008F6CE030E508900057BEE04402F01200D6
:1025400093791200917512008F65E0900057BE30AC
:10255000E606E04401F0807AE054FEF08074EC641A
:1025600001606F900057C5E0640270631200936BC6
:10257000540FFDEF30E72912009379120090DA1220
:10258000008F65E0FB7A0074017E00C8EDC808800A
:1025900005C333CE33CED8F9120092E660348025DD
:1025A00090006508E0FF90006507120090DB1200C4
:1025B0008F651200920F8005C333CE33CED8F91247
:1025C0000092E6600D900057BEE04402F080037F69
:1025D000022290006507E0FF12008F9EC083C08238
:1025E00090006508E0FE759300D082D083120090C1
:1025F0001DE4F0A3740212008FB412009019E4F0ED
:10260000A3F07B017A5779BE90006507E012008F36
:10261000A9C083C08290006508E0759300D082D085
:10262000831200905E7F002290006306EFF090001E
:1026300063081200388390006307EDF09000630692
:10264000E0FF75F0EAED12013D8B54BFF012013E40
:1026500040C8E9C8CCEACCCDEBCD7B017A5F79CD1F
:102660007E007F03120039F7EF704E12013DD190CA
:10267000006306601012013D844410F09000630B6B
:102680007410F0800D12013D8454EFF0E49000636B
:102690000BF012013E4812013D8F70032127751285
:1026A000013DA5759300E012013DA2C083C08212D6
:1026B000013E59D082D083F02212013E40120036F2
:1026C0002064106003212775E9240212013DDC64B7
:1026D0000F600321277512013DD154F0642060037F
:1026E00021277512013E40E9240412013DDC540FFC
:1026F000FF90006306E0BF091012013D854420F001
:102700009000630B7420F0800D12013D8554DFF0C2
:10271000E49000630BF012013E4812013D8F601BF4
:1027200012013DA5759300E054DF12013DA4C08362
:10273000C08212013E59D082D083F012013E40E99E
:10274000240112013DDCFF90006307E0FE12013D11
:10275000EBEFF075F0EAEE12013DEEC083C082E0CF
:10276000FF12013DD1540FC454F0FEEF4E7593009B
:10277000D082D083F0227B007A007900E090003292
:1027800021FF75F07812003857EF2583F583759394
:102790000022EFF0A3EDF0E0FF75F01190002DB9ED
:1027A00012003857E4F0A37408F075F011EF9000B0
:1027B0002DBB12003857E4F0A3F0EF75F011900034
:1027C0002DB712003857E4F0A322900063ACE0FF6D
:1027D00075F0789000322B22783FE6FF75F0789004
:1027E000003237229000320F12003857EF2583F560
:1027F0008322FFE0FD9000322E75F07802003857FA
:10280000CF9000323075F078ED02003857F0EDFFD0
:102810007E007C017D7812003666742C2FF97432AC
:102820003EFA7B01227421F075F078EF9000322D92
:102830002212003863900061840200388375F00230
:1028400012003857E0FCA3E0FD75F078EF2275F038
:102850001190002DBB12003857EAF0A3EBF022E0F4
:10286000FF75F0789000322C22FE12003A81900021
:102870006535E0FF22F075F078EF9000322B229062
:10288000006180F0A37402F0A3E4F0A322120038E8
:102890005712003883900062FA2212003863E9244C
:1028A00001F9E43AFA22E4FEE0FF75F07890003195
:1028B000092290006439E0FF22900008C31200381A
:1028C00057E022900063DDEFF01200C130E020E716
:1028D00003212A0C900063DDE0FF120123769000B3
:1028E00063DDE01200C040B4092975F0EAEF120080
:1028F000C07012003863CEEACECFE9CF1201C64EC7
:102900007B007A007900900063DDE01200C06D1258
:10291000003883900063DD1200C0C6E0900063DFE2
:10292000F0E4A3F0E4900063DEF0900063DFE0FFEA
:10293000900063DEE0FEC39F40032129D390006333
:10294000DDE0FF1200C1F41200C0602E1200BFBF14
:10295000546064206073D22C302C6E900063DEE0F3
:10296000FE75F0EAEF900008A71200C0602E12007A
:10297000BFBF60551200C16D75930075F018EF125E
:1029800000C18BCEEACECFE9CF1201C64E7B007AD2
:102990000079001200C16DC083C082900063DDE049
:1029A000759300D082D08375F01812003857C08319
:1029B000C082900063DEE0759300D082D08375F012
:1029C000031200385712003883900063DEE004F0F1
:1029D00021292A900063E0E004F0E0C3940450034E
:1029E0002129247E007FEAEEC0E0EFC0E07D009068
:1029F0000063DDE075F0EAA42459F9740835F0FAB3
:102A00007B01D0E0FFD0E0FE12003A812290006509
:102A100015EFF0A3EDF07F02900057C5E064207041
:102A200069900057BDE0B4061290006515E0FFA361
:102A3000E0FD7B0A1200D0DC212B53900057BDE053
:102A40006003212B5390006515E0900009261201C8
:102A50000ABDC083C08212010AEED082D083120167
:102A60000A8CC083C08212010AEED082D083120188
:102A70000B737B017A60794675F0EAEF12010B1750
:102A800075930075F003EE212B1B900057C5E06491
:102A9000236003212B53900057BDE06003212B27B7
:102AA00090006515E0FF75F0EA90000926120038E5
:102AB00057C083C08212010AEED082D08312010A6D
:102AC0008CC083C08212010AEED082D08312010B27
:102AD0007375F0EAEF12010A59EE75F02312010A3C
:102AE00049900057C1E0C39401FFE49400FE7C00CC
:102AF0007D0512003666E92FF9EA3EFA9000651569
:102B0000E075F0EA12010B17C083C08290006516D1
:102B1000E0759300D082D08375F00312003857120D
:102B2000003883E4FF802C900057BDE0B4010F1201
:102B3000010B0290006404F0120166808015900081
:102B400057BDE0B4030D12010B02900062C1F012F8
:102B500000E84422E0FF90006187E0FE75F01690E7
:102B6000002F8312003857E5822FF582E43583F574
:102B700083759300E09000618BF075F016EE900085
:102B80002F8712003857E5822FF582E43583F583CD
:102B90007593002290006187E0FF75F01690002F7A
:102BA0008212003857E09000618BF075F016EF90BC
:102BB000002F8102003857F090006187E090002FCD
:102BC00082FF75F01602003857FEE090002F87FD57
:102BD000EF75F0160200385775F0C090000FAA127A
:102BE00000385775930075F018ED1200385775933B
:102BF0000075F003EE1200385702003863900008A9
:102C0000CC12003857E5822FF582E43583F58375C1
:102C100093002290006187E075F01690002F9002DB
:102C20000038570690002F8B75F016EF02003857CA
:102C300090006550E0FD9000618FE0FB900042EA5B
:102C4000E090006162F02224AFF582E4345BF5830A
:102C5000759300E02290005200E0FF9000618AE04E
:102C600022784DE629F9E43AFA02003620FF75F0A1
:102C70007812003857EF25832290006189E0FF9099
:102C8000006188E02275F0C090000FAA020038575A
:102C9000EEF090005200E02290006191EDF0A3EB85
:102CA000F090006190EFF0E490006194F09000618A
:102CB00092E025E0FE90006191E0242EF582E4345C
:102CC0005E1200C04F2E90006193F0E0FD7B017A10
:102CD000617995740212012DCF90006195E0FE5448
:102CE0002090006197F0EE5410A3F090006192E004
:102CF000FF90006191E075F008A42436F582E43479
:102D00005E1200C1801200C04FFD90006190E0FF94
:102D10007B017A617993740112012DCF9000619744
:102D2000E07003212DAB90006193E0FE5460A3F0AE
:102D300090006198E0703690006194E0FD7002FFB1
:102D400022ED90006194B460057402F08003740178
:102D5000F01200C2BEEE30E70A90006193E030E668
:102D60006B803490006193E030E5618038900061C1
:102D700094E0FEB460037F0022EE90006194700541
:102D80007402F080037401F01200C2BE90006193DF
:102D9000E030E70920E635A3E04402FF229000611D
:102DA00093E020E527A3E04401FF2290006198E032
:102DB000700D90006193E07F1120E5127F0022905A
:102DC000006193E07F0020E5027F11227F002290C6
:102DD000006228F01201743E229000615FEFF0A3C0
:102DE000EDF0A3EBF0E490006167F07B017A61798C
:102DF000681201A422EF7003212F0512014DAB9040
:102E0000006167F090006160E0FE75F009EF9000EE
:102E100042F112003857EEF090006161E0FF90003F
:102E20006168E0FE12014CD5EFF075F009EE9000FC
:102E300042F212003857E4F090006162E0FF1201A4
:102E40004D25EFF090006163E0FEA3E0FF9000618C
:102E500068E0FD12014CF4EEF0A3EFF09000616524
:102E6000E0FEA3E0FFED12014D12EEF0A3EFF090B3
:102E700000615FE0606224FD6033146003212F1263
:102E80007828E6C3943F501D782CE624B0F582E400
:102E90003447F583759300ED12014D6E4002E4F660
:102EA000782806806D7B827AD279128049782DE667
:102EB000C3943F50119000616812014D5C4002E4E0
:102EC000F6782D06804C7B827AD2793B900061683F
:102ED000E090005FA0F0801E782BE6C39440501075
:102EE00012014DABE6247012014D83EFF0068022F3
:102EF0007B827AD2797A1200448112014DAB1201A1
:102F0000BAAD7FFF227B827AD279AB120044817FF7
:102F1000FF2290006167E0FF22E4900064F3F0A3D9
:102F2000F0900064F3E0FEA3E0FFC39429EE940068
:102F30005052EF7803C333CE33CED8F9FFE4FCFD13
:102F4000ECC0E0EDC0E0EEC0E0EFC0E0900064F364
:102F5000E0FEA3E07803C333CE33CED8F97B01245F
:102F60000BF974583EFAD0E0FFD0E0FED0E0FDD07F
:102F7000E0FC12017D42900064F3E475F001120060
:102F800036CE809D9000586BE0FFD39420503C7863
:102F90009F7C557D01120091649000586BE0FF7892
:102FA0005A7C5D7D01120091649000586BE0C394DF
:102FB00002FFE49400900064F3F0A3EFF0246BF5BB
:102FC00082E43458F583759300800490005D62E0DC
:102FD000900057C4F0900058CBE0FFD394405010BD
:102FE0007E0078BF7C557D017A5879CB1200916ABA
:102FF0009000590BE0FFD3944050127E00787A7C09
:103000005D7D017B017A59790B120035A27E007F2C
:10301000EA7D007B017A08795912003A8190000814
:1030200059E04480F01200E6181200D36FE4FB7DF3
:103030000FFF1200DF5DE4FB7D0F7F011200DF5DFB
:103040007D0FE4FF1201A1067B827A62799C120156
:10305000BF39900057C6EFF02290006421EFF0A333
:10306000EDF07F0890006424740CF0ED6016900081
:103070006421E0C3940640037F01227F0690006430
:10308000247408F090006423EFF090006424E0FFC3
:1030900090006423E0FEC39F400321318CEE1200B8
:1030A0007C4812003857EE12007990E030E7032197
:1030B00031827E0012007D0212007F83FA7B01EBD9
:1030C000C0E0E9C0E090006423E0FF7E001200361B
:1030D0006612007F83C8E9C8FCCDEBCDD0E0F9D003
:1030E000E0FB7E017F78120035A27E017F78EEC082
:1030F000E0EFC0E07F00EFC0E01E12007D02120092
:103100007F83FA7B01D0E0FDD0E0FFD0E0FE12002B
:103110003A8190006422E0700E90005ADFE014F0D3
:1031200090005AA9E004F09000642312007F3B1243
:1031300000798B12007FC29000321C1200798BE064
:103140005470C4540FFFEE701590006423E0FD74BA
:10315000942FF582E4345FF583759300EDF09000D1
:103160006423E0FD12007AEAEE1200799012003832
:1031700063EF12007DDFED1200365290006423E011
:10318000FF2290006423E004F021308A7B817A4A98
:1031900079A51201C19D7F0022900061F6EFF0A396
:1031A000EDF0FECDEBCDCCEACC75F078EF900032AF
:1031B00065120085F712003863900061F81200383C
:1031C00083EEFB7A006480700BED64014C60032198
:1031D00032D6FF22EB64904A60032132D6CEECCE89
:1031E000CFEDCFEF64024E60032132D312008A602C
:1031F00024141200867E640845F060032132D390C7
:103200000061F6E0FF75F07890003109120085F753
:10321000E020E0032132D375F078EF9000326F1296
:103220000085F7120086E670317D267F04FE1201CC
:103230009FED1200887112008886120085F7120037
:1032400088D49000326F120085F7120086E6700A6B
:103250007B827AD57932120044811200888612006E
:1032600085F712003863900061FB1200388312006A
:103270008A602413120085CE1200895AEF1200369C
:1032800052900061F8120088C2120085CEFF9000B3
:1032900061FB120087AF12008691900061F8120066
:1032A000887E120085CEFF900061FB1200868A9016
:1032B0000061FB120087AF120085CE1200895AE927
:1032C0002402120085CEC39F1200895AE9240312FA
:1032D0000086917F00227F0122900063ACEFF0A373
:1032E000EDF0A3EBF0900063B07401F0120127CA77
:1032F00012012785E06003213377900063AEE0FE82
:1033000075F078EF90003152120127E8E5822EF532
:1033100082E43583F583759300E064037042900086
:1033200063ACE07B017A6379AD120186F9900063AA
:10333000ACE0BF0128FFA3E0FD900063AFE0FBE439
:10334000900063A5F0900063AEE0900063A6F012D9
:1033500001817C900063B07404F021340A2133FFB2
:10336000900063ACE0120127DB12012785E4F090A6
:103370000063B0F021340A120127CA12012785E048
:10338000FF640D6005EF640C7070120127CA120112
:103390002785E0FFB40C09900063B07405F0803F0E
:1033A000EFB40D35900063ACE0FF75F0789000311C
:1033B0004E120127E8C083C082759300E0FF9000A1
:1033C00063AEE0FE7401C8EEC8088002C333D8FCC7
:1033D0004F759300D082D083F0E4900063B0F090FA
:1033E0000063ACE0120127DB12012785740612018D
:1033F000287512012785E4F08010900063ACE0127C
:103400000127DB120127857408F0900063B0E0FF0C
:10341000229000629AEFF0E49000629CF0EF600965
:103420007B017A4F795FA3800A7B017A5079B39050
:1034300000629D12003883E49000629BF09000626D
:103440009BE0FFC3940440032134FC74017E00C858
:10345000EFC8088005C333CE33CED8F9FF9000659E
:103460004BE0FDEF5D70032134F212018280900089
:10347000629BE090006114F07F487E0112016DEACA
:10348000120182801201087CBEFF1CBFFF191201CD
:103490008280E92402F9E43AFA120036E4644870C2
:1034A00004E5F0640160219000654BE0FF9000624C
:1034B0009BE0FE7401C8EEC8088002C333D8FCF458
:1034C0005F9000654BF0802A9000629AE060028075
:1034D0001A9000629CE07013785F7C4F7D01A3120C
:1034E0000038637E017F48120035A29000629CE0A4
:1034F00004F09000629BE004F021343D9000629A59
:10350000E070319000654BE020E3299000629CE080
:10351000601EA312003863C8E9C8CCEACCCDEBCD5D
:103520007B017A4F795F7E017F48120035A28004CB
:1035300012019F2F9000629CE0C394025008120178
:103540008288120173902290006503EFF0A3EDF0E2
:1035500090006503E0FF12008FEAFE120092A712AE
:10356000008FF1FCEE6402606890006503E075F086
:10357000789000310912008F84E030E244EE640359
:10358000703FEC640C703A90006504120091BC909E
:103590000008BF12008FE32E12008F6CE04410125F
:1035A000009309EE6F701790006503E0FF75F078E7
:1035B0009000310912008F84E04410F080037F02F4
:1035C0002290006503E0C3940250032136787F0304
:1035D00022ECC39402402F90006503E0FD9000317F
:1035E000091200911BED12008F89E030E115900067
:1035F0006504E0FFCEECCECBEECB1201AC3AEF642B
:1036000003702E7F032290006503E01200900EC02D
:1036100083C08290006504E0759300D082D083124D
:10362000008FF9FEA3E0C39410EE940040037F03E3
:1036300022900065031200900CC083C08290006548
:1036400004E0FE759300D082D08312008F911200A7
:103650009019ECF0A3EDF090006503E012008FB636
:10366000C083C08290006504E0759300D082D0834F
:103670001200901DE4F0A3F07F00229000655CED45
:10368000F0900057C1120090BD8002C333D8FC9067
:103690000057C2F0A3E06003213732120093721288
:1036A000008FDB2D1200915CC083C082759300E017
:1036B000FD900057C2E0FCED4C759300D082D083A2
:1036C000F0EE60032137597E0175F078EF900031FC
:1036D0005112008F84E0540FFDEEC39D507B75F0B6
:1036E00078EF900031521200903112009122E06484
:1036F00003703C75F078EF90003158120090311251
:10370000009122E060291200937212008FDB2D12CB
:1037100000915CC083C082759300E0FD120090BFF1
:103720008002C333D8FC4D759300D082D083F00E55
:1037300080979000655C12008FD92E1200915CC0BA
:1037400083C082759300E0FE900057C2E0F4FDEE66
:103750005D759300D082D083F090005200E0FE129D
:103760000093726E7046EFC39402404012008FDBEC
:103770002D12008F6CE0FE900057C2E0FDEE5DFE62
:1037800075F078EF9000315012008F84E0FCEDF47A
:10379000FDEC5D759300F075F078EF9000315012FC
:1037A000008F84E04E759300F07F03227F0022900B
:1037B000006389EDF0A3EBF0EF90006389B4020C95
:1037C000E075F048A42414F97406800AE075F04806
:1037D000A42494F9740135F0FA7B019000638B12F4
:1037E0000038839000638B12003863E924011200D3
:1037F0009DE554F0FF9000638AE0FE12009DB7EF54
:10380000F075F011EE12009DBAE0FF120038FD389D
:103810003A00384010384020384C3038594038662B
:10382000503840603840703891803880903873A0AC
:103830003891C03891D0000038AC75F011EE804856
:1038400090005BA6EFF075F011EE80599000638A4E
:1038500012009C3A740CF080539000638A12009C12
:103860003A740BF080469000638A12009C3A74030D
:10387000F080399000638A12009C3A7404F0802C26
:103880009000638AE075F01112009C3E7402F08093
:103890001B9000638AE0FF12009DB7E090005BA6DA
:1038A000F075F011EF12009C3E7407F09000638BEE
:1038B0001200386312003620FF9000638AE0FD1288
:1038C000009CFEE4F0A3EFF0E9240112009DE55412
:1038D00003FE75F011ED12009D01EE75F00002007F
:1038E00036CE900061A2EFF0900061A4EAF0A3EB65
:1038F000F0C3ED9412900061A7F0E075F048A424A5
:1039000014F9740635F0FA7B01A312011429900012
:1039100061A2E0FF120114F0120113B9E0FE1201DE
:1039200014111201145775F078EF90003220120133
:1039300013B9120114111201144C900061A212016A
:1039400013B0E030E7101201148D120114111201AE
:1039500014A37428800A12011411120114A374FE16
:1039600012003652900061A4E0FCA3E0FDC3944035
:10397000EC9400400A900061A4120114FF8013909F
:103980000061A2E0FF12019423900061A4EEF0A375
:10399000EFF0900061A4E0FEA3E0FD12011411120B
:1039A0000114E5900061A8120113E9240512011425
:1039B0000844081200365212011411240612011391
:1039C000D5547F12003652900061A4E07002A3E04B
:1039D0006007900061A6E0600C120114111201143E
:1039E0009C74FC800C120114112401120113D544A3
:1039F000F812003652900061A7E0FD7F021201AB81
:103A000058900061A7120114F8120197A07F0122BB
:103A10009000640912007F8BE9240412007A70FE82
:103A200012007D751200798BEEF012007A65FE753A
:103A3000F078EF9000310F1200798BEE12007E6962
:103A4000E9240812007C5312013B309000310A1225
:103A5000007A22ED12007990EEF0EF12007E68E914
:103A6000240A12007C5312013B309000310C1200EA
:103A70007AC2ED12007990EEF0A3EFF0EDC394025C
:103A80005003213B2F9000310A12007ACDED120035
:103A90007990E0FEA3E0FFBE042FBF6D2C12007BE7
:103AA00059ED12007990E0FAA3E0FB642B7003EA71
:103AB00064C56006BAC512BB320F12007AC9ED1296
:103AC000007990E04402F08027BE0424BF08211250
:103AD000007B59ED12007990E0FEA3E0FFBE3010AC
:103AE000BF080D12007AC9ED12007990E04404F08D
:103AF0009000640912007DF11200798BE0FF120042
:103B00007A65FDEF12007CC4ED12007E6812007C25
:103B1000501201CA5EC3EE9402401490006409E0A2
:103B2000FF75F078900032571200798B7401F02203
:103B30001201CA5E90006409E0FD22C0E0C0F0C03E
:103B400093C083C082C0D0E8C0E0EDC0E0EEC0E02A
:103B5000EFC0E0781AA6C4E6FF54FC781FF6EF2009
:103B6000E303213BFC781BA6C5E6FF781EF6900018
:103B70005ADA12009E82EFF05478607918760818AD
:103B80007600781CE6FFC39404506A08E6FE781BB2
:103B900056605008E6FD24A5F582E4345A12009CD4
:103BA0002FF5C6748B2DF582E4345FF58375930091
:103BB000E5C7F0E6FD247AF582E4345FF58375937A
:103BC00000E5C7F075C700747A2DF582E4345F1202
:103BD000009C2FF5C774AA2FF582E4345A12009C7A
:103BE0002FF5C6EEF4781E56F6600A781DE625E03D
:103BF000F61806808D781BE6F5C5800790005AD32D
:103C0000E004F0301708781FE654BFF68008781FEC
:103C1000E630E602D217301508781FE6547FF680AA
:103C200008781FE630E702D215781FE6FF6018908B
:103C3000005ADA12009E94EFF090005ADAE004F095
:103C4000C394404002E4F0781AE6F5C4D0E0FFD017
:103C5000E0FED0E0FDD0E0F8D0D0D082D083D09389
:103C6000D0F0D0E032CCEECCCDEFCDE0FF75F078E7
:103C70009000322E12003857EF2583F5837593009C
:103C8000ECF0A3EDF075F078EF90003230120038D0
:103C900057EF2583F583759300E4F0A3F09000328D
:103CA00032EF75F07812003857EF2583F58375935E
:103CB0000022EFF0A3EDF0E0FF75F01190002DB9B8
:103CC00012003857E4F0A37408F075F011EF90007B
:103CD0002DBB12003857E4F0A3F075F011EF9000FF
:103CE0002DB712003857E4F0A3F0EF90002DB57512
:103CF000F01112003857E4F0A322FBEC75F07802C3
:103D0000003857EEFF75F078EC12003857EC22744B
:103D100008F0ED75F01190002DB722E4F0EF75F08A
:103D2000789000322D22F075F011ED90002DBB221D
:103D3000EAF0A3EBF075F011ED90002DB922CCEE76
:103D4000CCCDEFCDE0FF75F07822FF75F078EC1266
:103D5000003857EC22E0FBA3E090006151CBF0A3C8
:103D6000EBF0E4FB2212003857EAF0A3EBF09000EE
:103D7000614D22F0CFEBCF7E0022E0FF75F078900E
:103D800000322C22E0FFA3E075F0EA900008BF1299
:103D9000003857E5822FF582E43583F5837593006B
:103DA000E02254EFF075F078EE90003109120038FF
:103DB00057EE2583F58322900061FFE0FF75F078D0
:103DC0009000310912003857EF2583F58375930071
:103DD000229000630812003863E92403F9E43AFAF8
:103DE00002003620F0900061FFE0FF75F0EA9000DD
:103DF00008C3020038579000019D12003857E02296
:103E00009000019C75F04812003857E02275F0EAE6
:103E1000ED900009261200385775930075F008EFF1
:103E200012003857E0FAA3E02212003652900062E6
:103E300000E075F04822E0FF900062010200386364
:103E4000900063080200386390006306E0FFA3E07F
:103E5000FE75F0EA900008FC22759300E0FF9000E8
:103E6000630BE0FEEF4E75930022759300E0FF9028
:103E70000064BFE0FDEF4D75930022F9E43AC8E914
:103E8000C8FCCDEBCD229000310912003857ED224D
:103E9000900064BEE0FE75F0782290006200E0FFC2
:103EA0002290006393EFF0A3EDF0E075F0CAA42434
:103EB00000F9740035F0FA7B01A312011429900077
:103EC0006394E0FF25E025E02474F582E4342FF5C7
:103ED00083759300E0FDEF25E025E02475F582E48D
:103EE000342FF583759300E0540FFC900063931218
:103EF000011382E0FE120114831201145775F07849
:103F0000EF1201138790006395120114479000632C
:103F100093120114AE1201138BE0540FC454F0FF3E
:103F2000120114832403120113D54F12003652904C
:103F3000006393120113B0E030E70E1201148324E2
:103F400003120113D51201149175F078EF9000312E
:103F50007D12011462120113A5E09000639530E711
:103F60000E120113CE54F3120036524408800C1284
:103F70000113CE54F312003652440412003652900C
:103F8000006393E0FF75F07890003107120113B9D8
:103F9000E0547FFF90006395120114011201148315
:103FA000120114A374011200365212011483240169
:103FB0001201144E74F0120036527F0122900062FA
:103FC000A6EFF0A312003883900051E3E030E4093B
:103FD000900062AA74FFF08011900052001200FC61
:103FE000D81200FBFE900062AAF01200FCAC120096
:103FF00036201200FD84FE1200FC701200FCE990D5
:104000000062AB7403F0900062A6E0FFB4602AE99E
:1040100024011200FC21FDEE1200FD4F1200FD8B69
:10402000F01200FCACE924021200FC21FDEE1200AB
:10403000FD5B1200FD8BF0805FEFB4701990004BB8
:1040400068E0FF1200FD4F1200FC91EF1200FD5BD3
:104050001200FC918042900062A6E0900062AB707A
:104060001774041200FC69F5837593007401120043
:10407000FC997E007F04801C7406F0900062A67498
:10408000801200FC69F58375930074041200FC999A
:104090007E007F06120035A2900062AAE01200FDA9
:1040A00084FE245CF582E4344B1200FCE99000624B
:1040B000ABE0FFEE75F008A42439F582E4344B122E
:1040C00000FCE990004B68E004F0E0C39404400277
:1040D000E4F0229000643AEDF090006439EFF07E55
:1040E00001120127D012012785E060032141BF1290
:1040F0000128B275F0789000325A12012785E054F9
:10410000F0C4540FFD7401C8EDC8088002C333D851
:10411000FCFD75F078EF9000326F120127851200D8
:10412000386312003620FF603890006439E0FC905C
:10413000003150120127F9EC1201278AE05D70214D
:104140009000643CF09000643B7402F075F078ECF1
:104150009000325812003857EC1201278AEFF08095
:104160000C9000643C7401F09000643BF012012854
:10417000B27E007C017D781200366674582FF97487
:10418000323EFA7B019000643CE07E0029F9EE3A71
:10419000FA12012835120128B2A3E0FDE490006173
:1041A00080F0A37402F09000643BE0FB9000618219
:1041B000E4F0A3EBF0E4FB12016D307E0480249068
:1041C000006439120127CE12012785E0FF640D60DB
:1041D00004EFB40C02E4FE90006439120127761259
:1041E000003883CFEECF2290006535EFF0A3EDF0DD
:1041F0007B017A5979F490006535E09000326512C0
:10420000012781120038837C007DB1ECC0E0EDC055
:10421000E075F078EF9000326512012785120038C2
:10422000637D00D0E0FFD0E01201286975F07812BC
:104230000127E4C083C08290006536E0759300D00A
:1042400082D0831201283D90003265120127851229
:10425000003863E9240AF9E43AFAEC8DF0120037E9
:1042600008900065351201277C12003863EBC0E02E
:10427000EAC0E0E9C0E075F078EF90003265120125
:10428000278512003863120038A990006535E07563
:10429000F014A42454F9745935F0FA7B01E0FF7549
:1042A000F0789000326812012785120038837C0074
:1042B0007D14ECC0E0EDC0E075F078EF900032685E
:1042C00012012785120038637D00D0E0FFD0E01294
:1042D000012869A3E0FD120057201201286E75F035
:1042E0007890003268120127851201289A12003650
:1042F00020131313541F02003652900042EAE0903C
:10430000006431F01201C99112011013C3940240EC
:1043100015EF940C501075F078EF900031071201F2
:104320000EEAE020E7217B827AD4799E9000643106
:10433000E090005FA012010FB012010EEAE09000C1
:104340005FA1F0020044817B827AD479C31201100C
:104350001390005FA0F075F0789000311012010EFC
:10436000EAE090005FA1F012004481120110137581
:10437000F0789000311012010EEAE06409707B754C
:10438000F078EF9000321C12010EEAE0540F90001A
:104390006432F0E490006434F090006432E0FF9006
:1043A000006434E0FEC39F50519000643112010F4D
:1043B0006912010EEA12003863EE12010F37120083
:1043C000362090006433F0C394024025E412003696
:1043D0005290006433E0FF1201C92790006433E07B
:1043E000FF12010FB212010EEAE0547FFF1201C664
:1043F0003390006434E004F0809F12011013120027
:10440000B9212212007E179000649F12007F5B90FA
:104410000064A012007C461200798BE020E70321A3
:104420004506900064A0E0FE12007FEB75F0EA9074
:104430000008FC12003857E5822E12007A4EE06424
:1044400001600321450612019339EF6002801312C7
:10445000007FEB7B017A6479A1120186F9EF640198
:1044600060040201C99F12007D7E1200798B120048
:104470007FC29000323E1200798BEEF012007D7EFA
:104480001200798B740DF075F078EF9000323C12C9
:1044900000798B7401F0900064A0E0FD12007FEBC6
:1044A00075F0789000324A1200798BEDF0120152CB
:1044B0002712007C10C083C082900064A0E0FE75CB
:1044C0009300D082D08375F00312007C8B12007BA6
:1044D000F71200798B1200388312007C107593005C
:1044E00075F003EE12007C8B900064A1E012007B5B
:1044F000D690002DAE12007CF1EF12007A8D1200E2
:104500007E8D12012DD922900060F5EFF0A3EDF021
:10451000900060F87407F0E490006100F0A3F0E40C
:10452000900060F7F0900060F8E0FF900060F7E026
:10453000C39F40032145B87E007F04EEC0E0EFC07A
:10454000E07D00900060F512010A55900060F6E0F1
:1045500075F02312010A49A312010A45D0E0FFD0E9
:10456000E0FE12003A81900060F512010A559000B9
:1045700060F6E075F02312010A49A312010A45E929
:104580002404F9E412010A86FF602375F078900094
:10459000311012010A69E0B4091490006100E024AE
:1045A000F912010B8AEFF090006100E004F0900036
:1045B00060F7E004F0214525900060F512010A55EE
:1045C000E9248CF9E43AFA900060F6E012010B5C01
:1045D00090006100E0FFA3E0FE6F602C74F92E12E2
:1045E000010B8AE0FF900060F5F090006101E004AB
:1045F000F075F078EF9000321C12010A69E0540F58
:10460000900060F8F021451F22900063C9EFF0A3ED
:10461000EDF0A3EBF012012C98EF70032147089006
:104620000063C9E0FE12012C85C083C08290006344
:10463000CAE0759300D082D08375F0181200385705
:10464000C083C082900063CBE0759300D082D0839A
:1046500075F00312012BF5E92402F9E43AFA90000F
:1046600063CCE0FF900062A4EEF012016983900039
:1046700063C9E012012C85C083C082900063CAE048
:10468000759300D082D08375F01812003857C0831C
:10469000C082900063CBE0759300D082D08375F028
:1046A0000312012BF5EF12003652900063C9E0FFB0
:1046B000A3E0FDA3E0FB900062BB7410F012019830
:1046C000E7900063CCE0FF12012C18C083C082E0A9
:1046D000FE900063C9E012012C47FDEE4D7593007A
:1046E000D082D083F0EF4460FF900063CBE0FE9077
:1046F0000063CAE075F0EA900008B712003857E589
:10470000822E12012C08EFF0221200BF6B20E02055
:10471000EF540764046003214808900051E3E0303F
:10472000E403214808EE44011200BF537401F02253
:104730001200BF6B20E00321480890005D05E024D3
:10474000FE60451470032147C82402600321480815
:10475000EF5407FD64017003214808ED6402700303
:10476000214808BD0509EE441090005CEE800EEF74
:104770005407FEBE061090005CEEE04420F090006E
:104780005D057402F022807CEF5407FEBE0509909F
:10479000005CEEE030E40C22BE060890005CEEE027
:1047A00020E5651200BF6B30E409EF5407FDBD043E
:1047B00015800BEE30E50FEF5407FEBE04089000A5
:1047C0005D057403F022803CEF5407FE64046038FA
:1047D000EE703190005CEEE030E40F7F011201BD1D
:1047E000D81200BD51E4FBFD801690005CEEE03075
:1047F000E5127F011201BDD81200BD51E4FB7D011D
:104800001201B8A71201C9562278C67C637D017BCC
:10481000817A30793D7E007F03120035A27B017AD8
:104820006379C690005FA01200388390005FA312E6
:1048300001C8777B827ACE794090005FA61200385B
:10484000837B827ACE790E120044817B827ACE7984
:104850004BAFDF900063C5EFF090005FA0F0120057
:1048600044817B827ACE79601200448190005FA0FF
:104870001201C8777B827ACE7963120044817B82F1
:104880007ACE797A120044817B827ACE79A41200A2
:1048900044817B827ACE79D1120044817B827ACEA8
:1048A00079EF120044817B827ACF790B1200448128
:1048B000900051E4E030E50A7B827ACF792E120035
:1048C0004481900051E3E030E7087B827ACF794958
:1048D00080067B827ACF797112004481900051E486
:1048E000E0540CFFBF080A7B827ACF79991200440A
:1048F00081900051E3E030E60A7B827ACF79AE12F4
:10490000004481227B017A5D794590005D071200A9
:1049100038837B017A5D794890005D0A1200388304
:10492000E41200BF49F01200BF53F090005CFCF0AD
:1049300090005CF7F090005CC9F01200BCF6120029
:10494000BF377F087D007B017A5D795112003A8183
:104950001200BE889000333D1200BEA5C0E0EFC03B
:10496000E01200BE5BD0E0FFD0E01200BF367F0453
:10497000EEC0E0EFC0E01200BDE3D0E0FFD0E0FE0B
:1049800012003A81900033431200BEA5C0E0EFC090
:10499000E01200BE5BD0E0FFD0E01200BF367F0423
:1049A000EEC0E0EFC0E01200BDE3D0E0FFD0E0FEDB
:1049B00012003A817B827AB779CB1201BF3990001D
:1049C0005CC8EFF07B827AB079BB1201BF399000EE
:1049D0005D03EFF07B827ACA79251201BF3990001E
:1049E0005CFEEFF07B827AC979D71201BF39900063
:1049F0005CF6EFF0E490005D43F02290006376ED0A
:104A0000F090006375EFF012007C481200798BE0A3
:104A100020E703214AF012007E431200A7B7EF708F
:104A200003214AF012007E43120097EA12007E43EF
:104A3000120106DC12007E431201AE859000637500
:104A400012007C061200798BE064097003214AF0A1
:104A500012007E4375F0789000321C1200798BE0D2
:104A60005470FEC4540F90006379F07B017A63792F
:104A7000779000625F120038837B017A630912012C
:104A8000C3827B827AD3793590006377E090005FB0
:104A9000A0F090006378E090005FA1F012007E43E8
:104AA00090005FA2F090006379E090005FA3120095
:104AB0007D741200798BE090005FA4F09000637623
:104AC000E090005FA5F01200448190006378E0FF61
:104AD00090006377E0FD90006376E0900062B5F0AF
:104AE00090006375E0900062B6F07B01120115063C
:104AF0002290006324EEF0A3EFF0A37462F0A3749D
:104B000006F090006326E0FEA3E0F5828E837593A5
:104B100000E0FEA3E0FF4E7003FEFF228F828E8333
:104B2000759300A3A3E0FCA3E0FD90006324E0FAEA
:104B3000A3E0FBC3ED9BEC9A500B90006326EEF0D4
:104B4000A3EFF080BD8F828E83759300A3A3E0FC5A
:104B5000A3E0C39BFDEC9AFC90006328F0A3EDF06A
:104B6000C39410EC9400501E8F828E83759300E0E6
:104B7000FCA3E0FD90006326E0FAA3E0F5828A83BF
:104B8000759300EC805190006329E024FCF09000C4
:104B90006328E034FFF0E0FDA3E08F828E837593FD
:104BA00000A3A3CDF0A3EDF0EF2404FFE43EFE90BC
:104BB000006329E02FFF90006328E03EFE90006331
:104BC00026F0A3EFF090006324E0FDA3E08F828E37
:104BD00083759300A3A3CDF0A3EDF0EF2404FFE4CD
:104BE0003EFE22C229C2EAA2EBE4339000634AF0FF
:104BF000C2EBE490006348F0900063481201BCC52A
:104C0000FD7B0112010BB390006348E0FF2484F5A3
:104C100082E434601201BCDDFEF5E29000634CE5F5
:104C2000E3F090006349E5E3F0747B2F1201BCD8F8
:104C3000C39410502B9000634C1201BCE41201BCD1
:104C4000DDFD7403C8EDC8088002C333D8FCFDF451
:104C50005F9000634CF04D9000634BF0A3F0803800
:104C6000900063491201BCE41201BCDDFD7403C86D
:104C7000EDC8088002C333D8FCF45FFF900063499D
:104C8000F07401C8EDC8088002C333D8FC4F90000F
:104C9000634BF090006349F09000634CE0F5E390C3
:104CA000006349E0F5E38EE290006348E004F0E041
:104CB000C394045003214BF8D2EA9000634AE024E5
:104CC000FF92EB7B827A0079001201BF399000607D
:104CD0007AEFF022EF900042F375F00902003857A6
:104CE000E0FF75F009900042F612003857E090009E
:104CF00042EBF0EF75F009900042F502003857E002
:104D000075F009900042F812003857E0900042ED2B
:104D1000F0EF900042F775F00902003857E0FE907E
:104D20000042EFEFF0EE900042F475F00902003817
:104D300057900042F112003857E075F00390004898
:104D40004112003857120038630200392574312FA0
:104D5000F582E43448F583759300E022E0FF782F74
:104D6000E624F1F582E43447F583759300EFF0060D
:104D7000E6C3944022F09000646312003863E92295
:104D800074702EF582E43447F58375930022F9E4BC
:104D90003AFA02003620E0900042EAF022E0900069
:104DA00049C1F0229000654DE0FF2290006168E06B
:104DB000FF22F9E43AFA120036E4FB229000623155
:104DC0001200388390006236E0FF90006235E0FE0A
:104DD00075F0EA12016C0B2F12016BDDE030E70475
:104DE000D22D8002C22D90006237E0701C12016B40
:104DF000E875F018EE12016BF075F003EF12016B1D
:104E0000FBE92402F9E4214E8975F0C0ED90000F12
:104E1000AA302D4112016BF075F018EE12003857D0
:104E2000C083C08290006236E0FF759300D082D0CC
:104E30008312016BF8E92402F9E43AFA75F0EAEE1C
:104E4000900008A712016C0F2F12016BDDE07E00AD
:104E500029F9EE803412003857C083C08290006276
:104E600035E0759300D082D08375F0181200385762
:104E7000C083C08290006236E0759300D082D083F8
:104E800012016BF8E92402F9E43AFAEBC0E0EAC057
:104E9000E0E9C0E09000623112003863120038A9E6
:104EA00022900042EFE0540FFF900064BBF09000AE
:104EB00042EAE0900064BAF0E02467F582E4345FEF
:104EC000120150736F6003214F80900064BA120189
:104ED000506B20E003214F6C203944900060ABE020
:104EE0006003214F84D239120150E8F0120151249D
:104EF00074AA2FF582E4345A12015073120150D172
:104F00001201B48A90005F807401F07B827ACC79C0
:104F1000D1900064BAE0FF1201509802004481125F
:104F20000150E8E06F705D90005F80E004F07B82EC
:104F30007ACC79F4120150981200448190005F807D
:104F4000E0B4021C12015124900064BAE024AAF5D6
:104F500082E4345A12015073120150D11201B48A02
:104F600090005F80E0C39402401A80147B827ACD67
:104F7000791712004481120150E8E06F7002C239C3
:104F80001201C9912290006502EDF090006501EFD9
:104F9000F07016900057C1E0D3940050099000576C
:104FA000C3E0940040037F02221200936B900065DF
:104FB00001E0900008D812009134C083C0829000B4
:104FC0006502E0759300D082D08375F00612008FE1
:104FD00065E0FF900057C3E06F7003215064E0FF6D
:104FE000900057C1E0FE90006501E0FD900008D8F8
:104FF00012009208C083C08290006502E0FC7593A5
:1050000000D082D08375F00612008FE32E12008F3D
:105010006CEFF09000311012009083ED12008F8938
:10502000E06401700C900050ABE0FFEC6F703580D5
:105030000C1200930A90006502E06F7027900057F1
:10504000C3E0FB900057C1E0FD90006501E0FF90D8
:1050500000316A1200902EE5822D12009125EBF0AE
:105060001201C1C27F002290006300E0248FF5820C
:10507000E4345FF583759300E0227E007F047D00B9
:1050800012003A817E007F047D002290006300E0E0
:105090002494F582E4345F2290005FA0E4F0A3EF53
:1050A000F090005F80E090005FA2FFE4F0A3EFF0DB
:1050B0002290006300E0FF22F582E4345FF58375FF
:1050C0009300E4F022EF75F07812003857EF258353
:1050D000227B017A6479BBFF9000639C7402F0220A
:1050E00090005FA002003883900064BAE0FF900057
:1050F0005F93227B827ACB7962227B827ACB79643E
:1051000022EFF0A3E4F0A374C8F022F074672FF547
:1051100082E4345F22E090005FA0F022246BF582ED
:10512000E4345F22900064BB7410F0E4A3F022909A
:10513000006300E090005FA022F583759300EE22EB
:1051400090006305E0FF22E490006539F0A3F0755C
:10515000E402ABE5CFEBCFEB541FFB5406FEBE06DB
:10516000040201980DCFEBCFEB6410703675E4129A
:10517000AEE590005DCDE0FD120192837405F0ED87
:1051800075F003A424D0F582E4345DF583759300B3
:10519000EE120192BD04F0E0C39420500321522688
:1051A000E4F022CFEBCFEB540C6404703BF5E490B9
:1051B000004CDFA3E0243FF582E4344DF583759382
:1051C00000E5E5F090004CDF1201926890004CDFA2
:1051D000E4120192BD12019283740B120192BD047C
:1051E000F0C394204002E4F0CFEBCFEB30E1371274
:1051F000019294402B90004CE31201926890004C75
:10520000E3E4F090004CE174FFF5F0120036CE12AA
:10521000019294400B12019270E0F5E5E4F5E4226E
:10522000E490004CA7F02290006521EFF0A3EDF090
:10523000E09000652112007A3D7401F0EE12007DCD
:10524000BFEF12007E309000091012007D4BC0832A
:10525000C08290006522E0FC759300D082D08375F7
:10526000F00212003857EEF0A3EFF075F0EAED907F
:1052700000091812007DC675F002EC12007CCBA369
:10528000F090006521E075F0EA900008A712003860
:1052900057E0FF7E007D0B12019FEDCAEECAC9EFF9
:1052A000C97B019000652112007C14C083C08290EC
:1052B000006522E0FE759300D082D08375F0031262
:1052C000007BDDEF12007DBFEE12007E30900032D9
:1052D0004612007D53ED12007990EEF0A3EFF090AE
:1052E00000324212007D52ED12007990E4F0A3F0FA
:1052F00075F078ED9000324412003857ED120079C5
:1053000090E4F0A3F0229000650B120091DE64019E
:1053100060032153DD9000650CE0FF9000650BE019
:10532000FE75F0EA900008D412008F65E07003214A
:1053300053DD9000092212009207759300EF1200CE
:105340008FF9FEA3E04E60032153DD900057C0E0CB
:1053500060032153DD9000650B1200900CC083C0E8
:10536000829000650CE0759300D082D08312008F8C
:10537000F9FCA3E064014C70649000650BE0FE1240
:10538000008F9EC083C0829000650CE0FD75930085
:10539000D082D0831200901DE4F0A304F075F0EAEF
:1053A000EE12008FB9120090C6E4F0A3F0EF1200E5
:1053B00092719000650C75F006120090F7900065F0
:1053C0000BE012008FA9C083C0829000650CE075CD
:1053D0009300D082D0831200905E7F00227F022251
:1053E000CEEFCE1201C96590006545EFF0EE600387
:1053F0002154B8E0FF120165BDEF70032154B8904D
:10540000006545E01200BDA81200BC8F7003215456
:10541000B890005C0BE090005D011200BEC630E465
:105420000CE490006545F0A37404F0800D900052E8
:1054300000E090006545F004A3F090006546E0FFB1
:1054400090006545E0FEC39F506E900051E3E03050
:10545000E43FEE602A90005D0DE0FF90006545E0BE
:105460001200BDA81200BF0EEE1200BF16C8E9C898
:10547000FC7D011200BD0A7E007F08120035A2905B
:10548000006545E0FF1200BC881200BF227020803A
:10549000187B827AD17916900065451200BE5412AD
:1054A00000448190006545E0FF7DFE1201C4BF907D
:1054B000006545E004F0808222C0E0C0F0C093C0E7
:1054C00083C082C0D0E8C0E0E9C0E0EAC0E0EBC041
:1054D000E0ECC0E0EDC0E0EEC0E0EFC0E0783C768C
:1054E00000A69EE6FF30E64875960708A6977596D3
:1054F0000808A69718E6FE5418603590005DCDE0C8
:10550000FD1201BC977402F0ED75F003A424CFF5F1
:1055100082E4345DF583759300EEF008E6FE9000BA
:105520005DCDE01201BCA8EE1201BCB94002E4F06E
:10553000EF30E22E75E21390006140E5E3F0E0FF0A
:10554000540F601E20121B90005DCDE0FE1201BCC6
:10555000977401F0EE1201BCA8EF1201BCB9400231
:10556000E4F0783CE630E70412015147D0E0FFD088
:10557000E0FED0E0FDD0E0FCD0E0FBD0E0FAD0E0EF
:10558000F9D0E0F8D0D0D082D083D093D0F0D0E062
:10559000327829E62470F582E4344712014D5590A3
:1055A00000654DF0E0FF12014CD5E0FE54607068DC
:1055B00012014CF3E0FCA3E04C600321564690003E
:1055C00042EFEEF0EF12014D2612014D969000656C
:1055D0004D12014D9DE4900047F0F075F009EF1277
:1055E000014D3112014DA412014CD5E0FE20E41E04
:1055F0009000654DE0FD12014D12E0FAA3E0FB754D
:10560000F009ED12014CF7EAF0A3EBF0803812013B
:105610004CD4EE54EFF0802E12014DA412014CD563
:10562000E030E62212014CF3E0FEA3E04E7017904A
:1056300000654DE012014D12E0FCA3E0FD12014CAB
:10564000F3ECF0A3EDF012014DA412014CD5E030C3
:10565000E5061201BB1180037829067929E7C37892
:105660002B964004E47829F622CCEFCCEB448090D2
:1056700000322C12013D4A12013CAAEFF0EC12015B
:105680003D1E12003857EC12013CAA7406F090003F
:10569000614DE0FEA3E09000322E12013CFAEC12C4
:1056A000013CAAEBF0CAEECAEA9000322F12013D8B
:1056B0004A12013CAAEFF0E47003EA640370199007
:1056C00000614EE0900061537005F0A3F0801A7401
:1056D00004F0A37409F080119000614FE0FFA3E093
:1056E00090006153CFF0A3EFF090006153E0FEA370
:1056F000E09000323012013CFAEC12013CAAEBF0CF
:105700009000323112013D0312013CAAEFF09000EB
:105710006151E0FEA3E0FB75F078EC9000323212AC
:10572000003857EC12013CAAEBF090003233120122
:105730003D0312013CAAEFF0CFECCF1201BA1422C4
:10574000900062E8EFF0900062ED7401F075F048AF
:10575000ED9000019C12003857E0900062E91201C0
:105760000FDB75F0789000321C12010EEAE0540F46
:10577000900062EAF0E4900062ECF0900062EAE0EF
:10578000FF900062ECE0FDC39F4003215816A3E0A8
:1057900025E0FFF0900062E9E05F607012010FDC2D
:1057A00075F0789000321D12010EEAE0FF601312CE
:1057B000010FEA8002C333D8FCFF900062EDE06F76
:1057C000704A12010FDC1201103C1201B945900021
:1057D00062E812010EE17402F07B017A6279EB1249
:1057E0000186F9BF013012010FDC75F078900032AC
:1057F0003412010EEAE0FE75F078EF900032771275
:10580000010EEAEE12010FDB0201C937900062ECD3
:10581000E004F021577B229000624E120038839002
:1058200000624DEFF0FD90006253E0FF9000625285
:10583000E0FB12012C98EF70032158E990006251AF
:10584000E0FF12007E72C083C0829000624DE0755E
:105850009300D082D08375F01812003857C083C0EF
:105860008290006252E0759300D082D08375F0037D
:1058700012007C8BEF1200365290006251E0FF7EE6
:105880000012007E72C083C0829000624DE075936A
:1058900000D082D08375F01812003857C083C082C0
:1058A00090006252E0759300D082D08375F00312AD
:1058B000007C8BE92402F9E43AC8E9C8FCCDEBCDC1
:1058C0009000624E12003863120035A290006253BD
:1058D000E0FF9000624DE0FD90006252E0FB90001E
:1058E00062BB7410F0120198E72290005F98740F69
:1058F000F0C2E8E4F5C6AFC7EF4420F5C7E4F5C64B
:10590000D2E8FE7F04FD7B017A5F798F12003A8135
:105910007B017A5F798B1201507A7B017A5F796B18
:10592000120150807B017A5F797A120150807B01ED
:105930007A5F796712003A817B017A5F7999120167
:10594000507A7B017A5F799412003A81E490005F8B
:1059500093F0C23990005F80F090005F7EF090007D
:105960005F8AF07B827AA8794A1201BF3990005F82
:1059700082EFF07B827A4E79A11201BF3990005FED
:1059800078EFF07B827AC079B41201BF3990005F62
:1059900079EFF07B827AC179E71201BF3990005F1D
:1059A0007FEFF07B827A4279FA1201BF3990005F73
:1059B00070EFF07B017A5F798102019E0F900064A5
:1059C000D2EFF0642970207B827AD1797F900064D5
:1059D000D41200BE54120044811201C86190005DCF
:1059E0004C1200BE7B804A900064D2E0642B70456C
:1059F0001201CA0CEF60040201C8617B827AD1797E
:105A00009A900052001200BE54120044811200BD50
:105A1000511200BDA81200BF06F583758208C0832D
:105A2000C082FDEF1200BF16FA7B01D0E0FFD0E08C
:105A3000FE02003A811200BE2D900064D2E01200F6
:105A4000BEF9704B1200BE2DF46044EFF4FFE41277
:105A500000BEF9603A7B827AD179B8900064D212A4
:105A600000BE54120044811200BE2D900064D3E0A9
:105A7000FE1200BC88FDEF4D90005D4CF09000647C
:105A8000D2E0FF74292EF582E4345D1200BF0E22AD
:105A9000782EE624F1F582E4344712014D5590004A
:105AA000654EF0E012014CD5E0FF54606003215BCD
:105AB00045900047F07403F09000654E12014D1DB3
:105AC00012014D969000654E12014CE0E0900042AC
:105AD000ECF09000654E12014CFFE0900042EEF0B9
:105AE0009000654E12014D9D900042F112014D163D
:105AF00012014D399000654EE0FF12014CD5E0FED9
:105B000030E74012014CD4EE547FF0782DE6C39478
:105B10003F5011900049C112014D5C4002E4F678FB
:105B20002D06802B7B827AD179CF9000654EE09054
:105B30000042F112014D2AE090005FA0F0120044F3
:105B400081800280009000654EE0FF1201BAAD78BE
:105B50002DE6600116782E06E6C394404002E4F676
:105B6000229000325EEF75F07812003857EF2583EF
:105B7000F583759300E02290006343E0FFA3E0FD0E
:105B8000A3E0FB1201B1CC90006347EFF0FB900063
:105B90005200E0FF90006343E02274AA2EF582E4F5
:105BA0003412F583759300E022E0FE246DF582E463
:105BB000344BF583759300E493FFEE22900063432A
:105BC000E0FF75F07822900042EAE02454F582E488
:105BD0003408F583759300E4F02212003857EE255F
:105BE00083F583E5822FF582E4358322F09000521D
:105BF00000E0FF22900050AEE04401F0900050AA77
:105C0000EFF07D1E22900050A9E0FF7D01227B0174
:105C10007A5079B37F487E01221201C6E690006473
:105C2000E8EFF02290006343E0FF2290005200E092
:105C30006F2290006441EFF07E01120127D0120123
:105C40002785E06003215CC7EBB420087B017A5F05
:105C500079DC80067B017A5F79E390006442120070
:105C600038839000644212003863E92403F9E43A6F
:105C7000FA12003620FF90006441E0FE75F0EA124F
:105C80000128B954F0FCC4540F4F1200365275F07D
:105C9000EAEE120128B9540FFF9000644212012865
:105CA0009AEF1200365290006441E0FF7410120126
:105CB000287F7407F090006442120128317B0212A1
:105CC000016D307E04803890006441120127CE12AD
:105CD000012785E0FF640D6004EFB40C10900064B0
:105CE00041120128A612012785E054F7F07B007AC3
:105CF000007900900064411201277C12003883CFA4
:105D0000EECF227E087F547D007B017A007900125D
:105D1000003A817E117FA07D007B017A31790712E4
:105D2000003A817F607B017A2F797B12007ED77FDA
:105D3000BA7B017A2D79AF12007ED71200DD167B77
:105D4000817ADA79BD1201BF39900030F5EFF07B2E
:105D5000817A9379A21201BF39900030DCEFF07B99
:105D6000827A4479031201BF39900042E8EFF07B58
:105D7000817AF4797A1201BF3990002DAEEFF07B71
:105D8000827A1D79E41201BF3990002F72EFF07B07
:105D9000827A8479461201BF3990002F71EFF07B2F
:105DA000817AB279821201BF3990003104EFF07B21
:105DB000827A6E79A11201BF39900042E7EFF0C2FA
:105DC000361201C916E4900030DBF01201BBD50297
:105DD000010530900062DC12003883900062DFED34
:105DE000F0E4FF900062E17408F0900062E0EFF0F0
:105DF000900062E1E0FF900062E0E0FEC39F40039C
:105E0000215E9412009C9BEE12009C0CE020E77A2D
:105E1000900062E0E0900062DC12009F777E017FDC
:105E200078EEC0E0EFC0E07F00EFC0E0900062E0FD
:105E300012009DFBD0E0FDD0E0FFD0E0FE12003A62
:105E400081900062E0E09000310712009C03E04482
:105E500080F0900062DFE0FE75F078EF900031088E
:105E600012009C07EEF0900062E0E0FFC394024055
:105E70000F75F078EF9000310F12009C077408F056
:105E800090005ADFE004F07F0122900062E0E0041D
:105E9000F0215DF07B817A4A79A51201C19D7F00D6
:105EA0002290005CF7E064026003215F6390005D74
:105EB00002E064026003215F637B827AD0794590BF
:105EC000005CFF1200BE541200448190005CFFE0B1
:105ED000120038FD5F3F015F43025F17095EFF0A52
:105EE0005F1B0B5F490F5F51105F39115F07125F36
:105EF0000F135F4D145F29155F5B1600005F63127F
:105F000000BED70201C5E11200BED70201B4C8121B
:105F100000BED70201B5BD0201C2FD7B827AD079F5
:105F20005112015F64E4FF800C7B827AD0796E129B
:105F3000015F647F010201C6687FFF02018C1BE4E0
:105F4000FF80027F010201CA3D438F02220201C984
:105F5000AD90005D3CE0FF020159BD1200BED712BA
:105F600001A93922120044817F011201CA9A2290AC
:105F70000042EFE0540FFF90006533F0900042EADA
:105F8000E090006534F075F078EF90003107120171
:105F90000EEAE020E70321603712010FF1A3E0FDD4
:105FA0001201BDABEF700321603B12010FF19000B5
:105FB00060AAF0A37401F090006534E0FD75F078FC
:105FC000EF9000323912010EEAEDF012010FF112DA
:105FD00001102212010EEAE004F012010F82740493
:105FE000F07B031201B9459000653312010EE17494
:105FF00003F075F078EF9000321F12010EEAE09086
:10600000006534F0E090002DAF12010FC9E030E7D9
:106010000B547FFF90006533E06F601112010FF1A8
:106020007B017A657934120186F9BF010E12010FE6
:10603000F11201C93780001201C99122900062C497
:10604000EFF0900062C6EBF0900062C8EDF09000B7
:1060500062C6E0FE900062C8E0FFD39E400321616B
:1060600006900062C7E060041201C618900062C486
:1060700012010A5512010AE112010B5CC2329000B2
:1060800062C9F0900062C412010A55900062C8E033
:1060900075F02312010A49A312010A45E92402F905
:1060A000E412010A866030D232900062C412010A02
:1060B0005512010AE17E0029F9EE12010A86FF90CD
:1060C0000062C9E004FE7401C8EEC8088002C33350
:1060D000D8FC4F12003652900062C9E004F0E06430
:1060E0000770A0900062C4E0FF900062C8E0FD303D
:1060F000320612019AF6800412019953900062C888
:10610000E004F021604E229000653FEFF0A3EDF037
:106110007B827AD0799A1200BE8FA3EDF0120044F0
:10612000817B827AD079AA90005CF71200BE5490ED
:10613000005D02E090005FA1F012004481900065D4
:1061400040E0FFC394E0403CEFD394E7503690002A
:10615000653FE0FB701390005D59E0FE1200BDF951
:106160001200BC8FFDEE4D8016EBB4011790005D60
:1061700059E0FF1200BDF91200BC8FF4FEEF5E90F3
:10618000005D59F090005CF7E0701790005D59E0F9
:1061900070081200BDBF120153E01200BDBF020122
:1061A000B87190005CF7E0B401081200BDBF0201B5
:1061B00011F590005CF7E0FEB402081200BDBF02CA
:1061C00001B076EEC3940340081200BDBF1201A5D2
:1061D00073229000652312007AAEE0FEFDEF1200FC
:1061E0007C84E92D12007A700490006524F0900000
:1061F000652312007B32E0D39E403690006524E098
:10620000FE90006523E0FD12007AB2E02EF07A00E5
:106210007B04EAC0E0EBC0E075F016ED12007AB541
:10622000E0FDEF12007D3BD0E0FFD0E0FE02003A3F
:10623000819000652312007AB0E0FE75F016EF122F
:10624000007B08E0C39EFF90006524E0FED39F40E2
:106250000FEE9FFF90006523E012007AB2EFF0226C
:1062600090006524E0FF90006523E0FE12007AB202
:10627000E02FF075F016EE12007B08E0FF75F016C7
:10628000EE12007AB5E0FEC39F401090006523E057
:1062900012007AB2C3EE9F759300F022900042EA9A
:1062A000E0FF90006513F0900042EBE09000651471
:1062B000F075F078EF9000310712008F84E020E74E
:1062C0000321636490006513E0FF75F0789000325D
:1062D0003C12008F84E0603590006514120091BC80
:1062E000900008F412008FE32E12008F6CE0640619
:1062F000601790006513120091D512008FE32E12E3
:10630000008F6CE0B4070280000201C99F90006515
:1063100013120090E4E9C0E090006513E0FF7E00F6
:106320007C017D7812003666744B2FF974323EC8BA
:10633000E9C8FC7D01D0E0F97E007F08120035A29B
:1063400090006514E0FF9000651312009045120064
:106350008F657401F0900042E8120090A0FB7F036B
:1063600012012DD922900064E1EFF0E4A3F0900037
:1063700064E2E0FFC39404400321642C1201C8A12D
:10638000EF6003216410900064E2E0FF1200FC81E2
:106390001200FBFEFEFD74AB2FF582E4345B1200AD
:1063A000FBFEFF745C2DF582E4344B1200FBFE5FB4
:1063B000605E90004B69E0FD5F705590004B68E0B7
:1063C0006E604D900064E2E0FC1200FCD91200FB0C
:1063D000FEFEED4E90004B69F090004B56E0700AC7
:1063E00090004A31E090004B56F090004B56E0FD93
:1063F000900064E1E0FB90006162ECF0A3E4F0A3A4
:1064000004F0A3E4F0A304F0E4FF12012DD98012FC
:1064100090004B68E0FF900064E21200FC801200E4
:10642000FCE9900064E2E004F021636E221201CAEC
:1064300049E4FF12013411E490006551F0900065C9
:1064400051E0FFC394045027745A2FF582E4344F6F
:1064500012015BD27D011201C2B990006551E0FFCB
:106460007D011201C0DD90006551E004F080CEE4B2
:1064700090005200F0900050B0F0900050ABF0A3AC
:10648000F0FDFF1201C2B9C214E4900050ADF0A3B8
:10649000F0C213900051FFF0D212900050A8F0907B
:1064A000005202F07B817A3079471201BF399000A7
:1064B0005201EFF07B817AC879B81201BF399000A0
:1064C0005206EFF07B827A6B79011201BF3990009E
:1064D00050B1EFF07B827AC7794A1201BF39900040
:1064E0004F5EEFF07B827AB379501201BF39900092
:1064F0004F59EFF022E490004CA5F0A3F090004C2F
:10650000E3F0A3F090004CE1F0A3F090004CA7F072
:1065100090004CA3F0A3F090004CDFF0A3F09000AB
:106520004CDDF0A3F07E01FFFD7B017A4E794C1229
:10653000003A817E017F007D007B017A4D793F1218
:10654000003A8190006143E0B4801090004F54E025
:10655000900064C2F090004CD2800E90004E47E054
:10656000900064C2F090004CB8E0FFA3E09000649B
:10657000C0CFF0A3EFF07B017A6479C21201926080
:106580007F071201B9797B017A4D791590005FA0E0
:10659000120038837B827AD6790012004481900001
:1065A00064C0E0FEA3E0FF900061C17417F0E4A3B3
:1065B000F07B277D03120168C30201C94790006484
:1065C000CC1200BE281201C061900064CEEFF0F43E
:1065D000700321667D1200BC87FE1200BDA212006E
:1065E000BC8F5E600D900064CDE0FD12017E7E7F69
:1065F00000221200BDA2F583C083C082759300E023
:10660000FE900064CEE0FD1200BC88FCEE4C759359
:1066100000D082D083F01200BE8F1200BF72A3128E
:1066200000388390005FA4EDF07B827AD079F2127B
:10663000004481900064CE7402F0900064CEE0FFCC
:10664000C394085035900064CC1200BD3F1200BFC7
:10665000791200BC8F701A900064CDE0FFA3E0FDBA
:10666000EE1200BD412DF582E435831200BF0E808D
:1066700009900064CEE004F080C07F01227F0022F8
:1066800090006401EFF0A3EDF0A3EBF0A3E014F0B1
:10669000EB6401704912010A5190006402E090001D
:1066A000640412010A3BE92404F9E412010A86FE9B
:1066B000600F90006402E0FFCDEECDE4FB120030ED
:1066C0006F12010A519000640275F02312010A480A
:1066D0009000640412010A7A54FD120036529000B0
:1066E0006403E0FFC394104048EFD394145042E099
:1066F00024F0F012010A5190006402E075F02312B8
:10670000010A499000640412010A45E92402F9E4EF
:1067100012010A86FF90006403E025E0242FF58231
:10672000E43430F583759300740193F45F120036FE
:106730005290006401E0FF12010B7F1201603C7F68
:106740000022900064FEEDF0900064FDEFF075F023
:10675000789000314F12008F84E0FF900057C3E023
:10676000FED39F4035120093619000310A12008FD2
:1067700084E0FCA3E064087003EC64046003216817
:106780000075F078EF9000310C12008F84E0FCA3CC
:10679000E064017003EC6430706612009361900055
:1067A000314D12008F84E06E603090005200E0FEA8
:1067B000900064FEE06E7022EFC39402401C9000D3
:1067C00057C3E0FD900064FDE075F0789000314D16
:1067D00012008F84EDF01201C5A9900057C3E0FFAD
:1067E000900064FEE0FE900064FDE075F0EA900029
:1067F00008D412008FE32E12008F6CEFF07F00227E
:106800007F0222900062E2EFF0A3EDF0C3941290B9
:106810000062E7F0E0900062E41201141B90006255
:10682000E3E090002DB512011432120114579000CC
:106830002DB1120114D3900062E4120113DD240380
:1068400012011408900062E2E0900031511201142C
:10685000B8ED120113BEE030E7041201148D900070
:1068600062E3E090002DB9120114322404120114E5
:106870005990002DB9120114D35403FF1201143D95
:1068800024051201140875F078ED9000310712000C
:106890003857ED120113BEE0900062E4120113FEBE
:1068A0001201143D120114A374FF1200365212019A
:1068B000143D1201149C74F812003652900062E7E5
:1068C000E0FF22900061BDEEF0A3EFF0A3EDF090A9
:1068D000004CDCEBF0900061C374801201925912FD
:1068E00001697C900061BDE0FCA3E0900061C4F010
:1068F000ECA3F074011201924DE4FF1201B9797B0F
:10690000017A6179C512019260FF1201B979900094
:1069100061C3E0547F120192591201697C900061B9
:10692000BFE0547FF07B017A6179BF120192607FF2
:10693000031201B979900061C1E090004CA0F054BD
:10694000F9F07B017A6179C1120192607F02120134
:10695000B9797B017A6179C2120192607F041201D8
:10696000B979E4900061C4F0041201924D7F1012D5
:1069700001B979E490004CA1F0A3F0227F03120149
:10698000B97922900062A11200388390005200E091
:10699000FE900062A4E0FD6E75F0166012EF9000AC
:1069A0002F8712003857E5822D12012B898004129F
:1069B000012BAEE0784DF675F016EF90002F8D129A
:1069C000012BF512012C61900062A5F012012C231D
:1069D000E0FEE6C39E4002E4F6E4FE900062A5E01D
:1069E000FDEEC39D503475F016EF90002F8D12010F
:1069F0002BF512012C61FD900062A112003863E9B1
:106A00002EF9E43AFAED1200365212012C23E0FD81
:106A1000E6C39D4002E4F60E80C1784DE690006228
:106A2000A412012BC9E5822D12012B8912012C9091
:106A3000FCED6C700612012BABEEF0900062A5E04D
:106A4000FF22EF75F07812003857EF2583F5837534
:106A500093002275F0EAED900008CC12003857E55B
:106A6000822FF582E43583F583759300E022F0757B
:106A7000F0EAEF900009181200385775930075F08E
:106A800002ED12003857E4F0A3F07B017A4A792432
:106A90009000090475F0EAEF02003857F9E43AFA79
:106AA0007401120036529000094012003863E92246
:106AB00090006357E0FF22E0FEA3E0FF90006359DF
:106AC00012003863E92275930075F002ED12003868
:106AD00057E4F0A3221200388375F078EF2290007B
:106AE00060AFF0A3E4F0A37408F022F9E43AFAEE00
:106AF0008FF00200370875F0031200385702003893
:106B000083900050ADE020E203216B89900051FC9E
:106B1000E475F001120036CE900051FCE0C313FE84
:106B2000A3E013FFD3900050B8E09F900050B7E06F
:106B30009E503CE4900051FCF0A3F0900050A9E07E
:106B4000FF7B017A5179FB1201BB73EF606D12017B
:106B50005C051201C2B9900051FBE0FF900050A902
:106B6000F0E4FD1201C2B912015C0502019CEA9039
:106B70000051FDE0900050A930E006E0FF7D01806B
:106B800004E0FFE4FD0201C2B912015C051201C27A
:106B9000B9900050AEE020E01E12015BEDE4FD1262
:106BA00001C2B912015BED7D0112019CEA7B817A81
:106BB0004A79871201C19D1201C99122F9E43AFA7A
:106BC000EE120036529000647B12003863E9229086
:106BD0000008AF75F0EA12003857E5822EF582E41E
:106BE0003583F58375930022ED75F0C090000FAAF0
:106BF000120038577593002275F0031200385702BF
:106C0000003863F9E43AFA02003620900008AF1227
:106C1000003857E582227B017A6479EE7401F07DB9
:106C20009822900060B30200386312003863E924B0
:106C300001F9E43AFA227B017A6479F07401F07D7B
:106C4000982212003863E92FF9EA3EFA221200383E
:106C500063E92DF9EA3CFA22E0FDA3E090006235F9
:106C6000F0229000085912003857E02275F0021205
:106C7000003857EFF0229000655DEFF075F0EAED17
:106C80009000085A12003857C083C0829000655D9A
:106C9000E0759300D082D08375F00812008FE32B4B
:106CA00012008F6CE4F075F0EAED9000087A1200A3
:106CB0003857C083C0829000655DE0FF759300D0B7
:106CC00082D08375F00812008FE32B12008F6CE4E2
:106CD000F075F0EAED9000089A12008FE31200912F
:106CE0005BC083C082759300E0FF7401C8EBC808E5
:106CF0008002C333D8FC4F759300D082D083F0CF8D
:106D0000EDCFEFC454F04BFF90000FA9E0FD9000D1
:106D1000655DE0FB90006162EFF0A37401F0A37485
:106D2000F4F0A37401F0A374F4F0E4FF02012DD990
:106D30009000617DEFF0CCEBCCA3EDF0E0FF75F0BF
:106D40001190002DB9120127C27408F090006182E1
:106D5000E0FAA3E0FBEF1201284E75F011ED1201ED
:106D600027BEF09000617D1201285F120127851275
:106D7000012825120127857409F090006181E0FE49
:106D800090006180E0FBEB9000617D120127F2ED45
:106D90001201278AEEF0A3EFF0CFEC12012800EDEC
:106DA0001201278AE4F0A3EFF090006182E0FEA3D5
:106DB000E0FF9000323212012805ED1201278AEE21
:106DC000F0A3EF1201280D12018B9D900061841237
:106DD0000038639000617D1201277C120038839097
:106DE00000617EE0FD1201BA14229000610F1201D1
:106DF000829390006114E014601014601314601604
:106E0000240370247F007EF080107F007EF4800ACF
:106E10007F007EF880047F007EFC7D017C00900076
:106E200061171200384B800A7B827AD579B902004B
:106E30004481E490006115F0A3F09000610FE0FC44
:106E4000A3E0FD90006115E0FEA3E0FFC39DEE9C72
:106E5000504EE4FCFDA31200383F12003724E42F0B
:106E6000FFE43EFEED3481FDE43CC9EFC9CAEECA41
:106E7000CBEDCB12003620FF900061111200386379
:106E800090006115E0FCA3E029F9EA3CFAEF12005A
:106E9000365290006115E475F001120036CE809AEA
:106EA0002212007E179000649CF012007C481200B1
:106EB000798BE030E76F9000649E7401F0E49000FD
:106EC000649DF09000649C12007F051200798BE0B5
:106ED000540FFE9000649DE0FDC39E504812007A5E
:106EE000A212007D192D120079A9E0B403269000AA
:106EF000649CE075F0789000314E1200798BE0FED2
:106F00009000649EE0FDEE5D600A9000649DE0FDEF
:106F10001201C5C59000649EE025E0F09000649DDC
:106F2000E004F0809E9000649CE004F0C3940C5058
:106F300026E0FF12007C481200798BE030E7E690F3
:106F40000042E712007CF1EF12007A8DA3F0A3F06B
:106F5000FB7F0312012DD922C0E0C0F0C093C08393
:106F6000C082C0D0E8C0E0EEC0E03098509000523F
:106F700015A3E0241BF582E43452F583759300E5F4
:106F800099F0900052151201C3BBE490005215F025
:106F9000A3E0540FF090005DCDE075F003A424CE83
:106FA000F582E4345DF583759300740AF090005D1A
:106FB000CDE004F0C394204002E4F0C29830993B45
:106FC000900052191201C3BB90005219E05401F015
:106FD0009000521774FFF5F0120036CED390005295
:106FE00018E0940090005217E0940040061201C38C
:106FF000A3800690005212E4F0C299D0E0FED0E0E7
:10700000F8D0D0D082D083D093D0F0D0E0329000AE
:107010006412EDF0A3EB12007FBB5F606F12007F84
:10702000D31201C8A1EF707212007FD312007C2628
:10703000FE90006413E0FD90002F9012007C69E048
:107040005E705775F016ED12007DD7C083C082E0E8
:10705000FE74AB2F12007C28FCEE4C759300D0829E
:10706000D083F0EFC4333354C0FFED4FFF90006581
:1070700050E0FD90006414E0FB90006162EF1200AC
:107080007A8DA3F0A3F07F0302012DD99000520066
:10709000E0FF90006412E06F608E12007FD3A3E0E7
:1070A00075F01690002F8312007F52120079A9E02C
:1070B000FD75F016EE90002F8712007F53120079B5
:1070C000A9EDF0229000621E12003863E92CF9E469
:1070D0003AFA22FFE075F008A42436F582E4345E23
:1070E000F583E5822FF582E43583F583759300E01F
:1070F0002290006221E0FFA3E0FCC39F22FD7B0100
:107100007A6379E77401F022FD7B017A6379EB748D
:1071100001F0221200365290006229E004F0227B36
:10712000007A0079467401F0227B017A6279BC749E
:1071300001F022EFF074762DF582E4345E229000A7
:107140006222E004F02212003883A2E9E433FEC296
:10715000E9EF1422E490006222F022E49000622918
:10716000F022E0FFA3E0247EF582E4345E22EFF01B
:10717000A3EDF0A3EBF0E422900064F7EFF0A3EDB1
:10718000F0900064F7E0FF75F0EAED12008F61E027
:107190006402600E900064F8E012008F5EE0640408
:1071A0007076900064F7E0FDA3E0FF1200904712B4
:1071B000008FE32D12008F6CE070067B010200F25D
:1071C0008C12008F55E0B4040B75F0EAEE12008FBC
:1071D000617407F0900064F8E09000322B12008F89
:1071E00080E0FF64096044EF6041900064F8E0FFD4
:1071F00075F0789000321F12008F84E0FE90005BE3
:10720000B3E0FDCBEECB90006162120090ACA3F036
:10721000A3F07F0402012DD912008F55E0B4060BB4
:1072200075F0EAEE12008F61740AF0229000641D7E
:10723000EFF0A3EDF09000641D12007F3B12007987
:107240008BE0FE9000641FF075F078EF9000321C28
:107250001200798BE0C4540F90006420F012007A81
:10726000EAEE120079901200386390006420E01278
:10727000007DDFE4120036529000641DE0FF120032
:107280007C481200798BE0547FFF1201C6339000D6
:10729000641DE0FF1201C9279000641EE06040A356
:1072A000E0700BA3E0FF7D967C000201A1609000DE
:1072B0006420E0C454F04404FF9000641FE0FE1218
:1072C000007F3312003857EE12007990740C1200D0
:1072D0007CECEEF012007A88FB7F0312012DD9229C
:1072E000900064BDEFF0A3EDF0900064BDE0FF7589
:1072F000F0EAED12013D8B5420900064BFF075F070
:1073000078ED12013E8612013DC9E0FF5420FE9047
:107310000064BFE06E602912013E9012013DA97524
:107320009300EF54DF12013DA4C083C08212013EDE
:107330006AD082D083F0900064BEE0FF0201C58D68
:10734000900064BDE0FFA3E0FE12013D8854109060
:107350000064BFF012013DA5759300E0FF5410FEDC
:10736000900064BFE06E602712013E9012013DA9BB
:10737000759300EF12013DA2C083C08212013E6AE4
:10738000D082D083F0900064BEE0FF1201C571226C
:107390009000633412018293E4900050B3F0A3F0A4
:1073A0001201087CEFF4FFEEF4900050B3F0A3EF6D
:1073B000F01201B506EF4E604C90006334E0FEA37E
:1073C000E0FF54076010EF54F82408FFE43E9000FB
:1073D0006334F0A3EFF01201822E7EF012017406E6
:1073E0007EF47D017C00120199BD1201822E7EF88F
:1073F000120174067EFC7D017C00120199BD900093
:10740000654B740FF0227F007D017C00120199BD55
:107410009000633612003863CFE9CFCEEACE7C000D
:10742000E4FD900060CF1200384B90006334E0FF21
:10743000A3E0900060D3CFF0A3EFF07F0022900094
:10744000622512017146602D14604A14606724039E
:1074500060032174E18DA61201715B900062281215
:107460000170F5507C90006225120170C8E5A712EA
:1074700001711380E68DAE1201715B9000622812DB
:107480000170F5505C90006225120170C8E5AF12E2
:1074900001711380E68DB61201715B9000622812B3
:1074A0000170F5503C90006225120170C8E5B712DA
:1074B00001711380E6CFEDCF8FBE1201715B90009A
:1074C0006228E0FFA3E0FDC39F50169000622512E2
:1074D000003863E92DF9E43AFAE5BF12017113802F
:1074E000DDCFEECFEE24FF92E922900064C9EFF0E9
:1074F000900064CBF0E4900064CAF01200BE4DC36B
:1075000094044003217594900064C9E0706E1200E9
:10751000BD9330E03E900051E3E030E41F90006402
:10752000CA1200BC87FF90005CF4E05F6006900028
:1075300064CB8015E4900064CBF080101200BD5144
:10754000900064CAE06F6004A37401F01200BE4DA5
:10755000A38031900051E3E030E4081200BE4D7D7D
:1075600001802390005200E0FE1200BE4D6E6004C8
:107570007D0180061200BE4DE4FD800A1200BE4D62
:10758000900064C9E0FD1201C2B9900064CAE00431
:10759000F02174FB22900042EFE0540FFF90006353
:1075A000E1F0900042EAE0FE54F0C4540FFD900078
:1075B00063E2F0EE540FFEA3F0FB120192C49000C0
:1075C00063E4EFF06077900063E1E0FDA3E0FF7516
:1075D000F0EA9000089A1200C0602DF582E435832D
:1075E000F583C083C082759300E0FE900063E3E002
:1075F000FC7401C8ECC8088002C333D8FCF45E7583
:107600009300D082D083F074AB2CF582E4345B120B
:1076100000C04FFBE490006350F012019BC11201C7
:10762000C99190005200E0FF900063E1E06F700D9F
:10763000A3E0FFA3E0FDA3E0FB1201B793229000BB
:107640006577EFF01200BD1A1200BC8FFEA3E0FFB9
:1076500064957003EE640B6035EFF47002EEF46035
:107660002D1200BF91900051E8120038571200BF50
:10767000801200BD1A1200BF3E1200BF911200BE60
:10768000201200BF801200BCD71200BF3E22900023
:107690006577E0240D120176D61200BD1A1200BDE6
:1076A000D8ED241C120176D61200BCD71200BDD82A
:1076B0001200BF9B1200BC8A1200BD111200BC8FC9
:1076C0001200BCC11200BC8F1200BE18EEF0A3EF76
:1076D000F01201C90422FF1201C423120049EF90E5
:1076E000006577E0FD22900064EBEFF0A3EDF06021
:1076F00030900064EBE014601214601714601C24D6
:1077000003701E75A74075A698801675AF4075AEBC
:1077100098800E75B74075B698800675BF4075BEE7
:1077200098900064EB1200C1051200BFC430E03035
:107730001201CA191200C2C8120178D91200C2C8B7
:107740007B08E4FD12010382900064EBE0FDE4FF9E
:10775000120145071200C2C87B01E4FD1200306F20
:10776000900064ECE0602590000858E0FD90006413
:10777000EBE090006162F0A3E4F0A374C8F0A3E42E
:10778000F0A37464F0E4FBFF12012DD92290006392
:1077900062EDF090006361EFF012007984E07065B3
:1077A00090006361E0FF75F078900032511200792B
:1077B0008BE0FDA3E090006364CDF0A3EDF07E00CC
:1077C00012007D0812007F9212018B9D9000636170
:1077D000E0FF7E0012007D0812007F92EBC0E0E027
:1077E000FFA3E0FD90006364E0FBA3E090006275FE
:1077F000CBF0A3EBF0D0E0FB120178349000636390
:107800007404F080281200797EE0FF640D6004EFBC
:10781000B40C0D1200797EE4F090006363F0800DEB
:107820001200797EE4F0900063637402F0900063CC
:1078300063E0FF2290006270EFF0A3EDF0FCE0FD4A
:1078400075F01190002DB912013CF27408F090000F
:107850006275E0FEA3E0FF12013D2712003857EEEB
:10786000F0A3EFF0EC12013D1312013CF2F0E9C07D
:10787000E090006270E0FF7E007C017D78120036AF
:1078800066742C2FF974323EC8E9C8FC7D01D0E043
:10789000F97E007F08120035A290006270E0FE754C
:1078A000F0789000322B12003857EE12013CAA7487
:1078B00001F090005BB3E0FD90006271E0FB90008E
:1078C0006162EEF0A3E4F0A304F0A3E4F0A304F0FB
:1078D000E4FF12012DD97F012290006475EFF0E4DE
:1078E000A3F090006476E0FDC39408503A900064E1
:1078F00075E0FF1201C481E490006477F0900064A9
:1079000077E0FBC39408501690006475E0FFA3E095
:10791000FD1201C08B90006477E004F080DF9000DE
:107920006476E004F080BBE490006476F09000643C
:1079300076E0FFC39410504475F016EF90002F7B53
:1079400012003857E030E72B90006476E01200C157
:107950000FC083C082E0FF90006475E024AFF58221
:10796000E4345B1200C04FF4FEEF5E759300D082EA
:10797000D083F090006476E004F080B12290006142
:10798000331200388390006136EDF0FFA3E0FDA3D1
:10799000E0FBE49000623BF01201A1BA9000613A72
:1079A000E4F0A3EFF07B017A61793C90006136123C
:1079B000016C5890006138E090006236F0E4A3F06A
:1079C00012014DBC90006139E06017D39000613B1B
:1079D000E094089000613AE094004006E4F0A3745B
:1079E00008F0E4FFFED39000613BE09F9000613A15
:1079F000E09E40219000613C12016C421200362052
:107A0000FD9000613312016C42ED120036520FBF3F
:107A100000010E80D09000613AE0FEA3E0FF2290CA
:107A2000006405EFF0A3EDF075F0789000310712D7
:107A3000003857ED12010A6EE020E703217AC0906A
:107A4000006405E0FEA3E0FF75F0EA900008CC12A8
:107A5000003857E5822E12010AD530E0637B017AA7
:107A60006479089000625F120038837B017A6419A0
:107A70001201C38290006405E0A312010AC554FEFE
:107A8000F09000640712010A55EF75F02312010A05
:107A9000499000640812010A45E92402F9E4120140
:107AA0000A8644041200365290006407E0FF9000FA
:107AB0006405E0FBFD900062C77401F01201603CB8
:107AC000229000653BEF1200BEC654307003217B4C
:107AD000619000653BE0FF1200BC88FE90005D17DE
:107AE000E05E7067745A2FF582E4344F1200BC8F49
:107AF000FF90005CF5E0FEEF6E6050E49000653CA6
:107B0000F09000653CE0FFC39403503F74AB2F122C
:107B100000BC8AFE90005CF5E05E60121200BE6D53
:107B20001200BC8F5E701B1200BC83FD801012001F
:107B3000BC83FD1200BE6D1200BC8F5D600412019B
:107B4000A31D9000653CE004F080B690005D17E056
:107B5000FF9000653B1200BC87FEEF4E90005D1762
:107B6000F022900064F9EFF0A3EDF0900064F9E0EA
:107B7000FF75F0EAED12008F61E06402600E900084
:107B800064FAE012008F5EE064047011120091ACA0
:107B9000FD748012009148120198E78042900064C1
:107BA000F912008F59E06403600C75F0EAEE1200E0
:107BB0008F61E0B40512900064FAE0FF900064F970
:107BC000E0FD7B010200AB8A120091ACFD12008F38
:107BD0005EE0B4071674201200907712018E8B12AB
:107BE0000091AC12008F5E740AF022120091ACFD7D
:107BF00012008F5EE0640A60081200931112018E79
:107C00008B2290006269EFF0A3EDF090002DB91285
:107C1000013CEF740812013D2612013CF212013DB5
:107C20001112013CF2F0ED12013CEB7440F0CEEB8E
:107C3000CE75F078EF9000322C12013CA5EE1201C7
:107C40003D1C12013CA57403F09000626C12017C93
:107C50009890006269E0FD9000322E12013CFCED2C
:107C600012013CAAEEF0A3EFF09000626E12017CCC
:107C7000989000626912013D3E9000323012013C42
:107C8000A5ECF0A3ED12013C9CE4F0A3F09000629F
:107C90006AE0FD1201BA1422E0FEA3E0FF1201CA5D
:107CA0005E22C23BE49000656DF07B827AD579EB71
:107CB00090005E881201BECB90004CDFE0FFA3E095
:107CC00090005FA2CFF0A3EFF01200448190004C2F
:107CD000DFE0FEA3E0FF90005E88E06E7003A3E0AB
:107CE0006F605E7B827AD579F590005E861201BE68
:107CF000CB1201BEB590005FA2F012004481C222F7
:107D00001201A04B1201BEB5FF90005E86A3E024D5
:107D10008BF582E4345EF583759300EFF090005E9E
:107D2000861201BED990004CA31201BED990004C1E
:107D3000A3E4F090005E881201BEDA90005E88E451
:107D4000F022900061551200384B900061591200EA
:107D500038839000615512003833EF5407FFE4FE7A
:107D6000FDFCEF6003E4FF22E47B08FAF9F89000E1
:107D70006155120038331200376D9000615CEEF0EF
:107D8000A3EFF07B017A61795C1201C44E1201B855
:107D9000DD9000615E7403F07B017A61795E12010F
:107DA000C4581201B8DD1201BF8FEF4E7003FEFF01
:107DB000221201C447E4FFFE9000615912003863AB
:107DC000E92FF9EA3EFAE5D4120036520FBF00015E
:107DD0000EEF64084E70E1A22492AF7E007F012274
:107DE0009000651BEFF0A37402F09000651CE0FFAB
:107DF000C394084003217E7D12007C471200798BDA
:107E0000E030E76F9000651CE012007E58120079A8
:107E10008BE030E05E1201C7D9EF60579000651C1F
:107E200012007E561200798BE020E74775F078EF5C
:107E3000900032591200798BE0FF9000651BE0FE44
:107E4000EF6E602FA3E0FF75F078900032591200BA
:107E5000798BEE12007C701200798B740112007C19
:107E6000ECEFF0A3E4F0A30412007A8DFB7F031281
:107E7000012DD99000651CE004F0217DEA229000DC
:107E800065411200BE281201C061EFF47003217F2A
:107E90001A90006541E01200BDA8F583C083C0823E
:107EA000759300E0FE74AB2F1200BC8AF4FFEE5F06
:107EB000759300D082D083F07F029000654112005C
:107EC000BD3F1200BF791200BC8FFD90006542E0FB
:107ED000FCED6C700FEE1200BD411200BF79120074
:107EE000BF0680050FEFB408D11201CA0CEF602A5B
:107EF00090006541E07023780E7C5D7D011200BF2B
:107F000072FE7F03120035A278D47C5C7D011200E2
:107F1000BD0A7E007F18120035A2227F007E807D80
:107F2000AA7C43900056E51200384B7F007E807D8E
:107F30002A7C44900056E91200384B900056E51216
:107F40000038331200307F900056F1EEF0A3EFF0CE
:107F5000900056E9120038331200307F900056F33B
:107F6000EEF0A3EFF07B017A567925E4FF12017F52
:107F7000B17A5679557F0112017FB17A5679B57F72
:107F8000031201C9747B017A5679857F021201C9F7
:107F9000747F011201C668E4FD7F051201C8B6E4D2
:107FA000FF1201CA3D7F011201CA9A7F010201CA74
:107FB0009E1201C9747B01229000620E1200388368
:107FC00090006211ECF0A3EDF07B827ACF79C312BE
:107FD00000448190006211E07002A3E060749000A0
:107FE000621174FFF5F0120036CEE490006213F0D7
:107FF000A3F090006211E0FEA3E0FFA3E0FCA3E089
:10800000FDC39FEC9E50299000620E12003863E978
:108010002DF9EA3C1201C8817B827ACF79C5120022
:10802000448190006213E475F001120036CE80C2E4
:108030009000620E1200386390006213E0FEA3E02D
:1080400029F9EA3E1201C8817B827ACF79CC1200ED
:108050004481229000621E12017146602814604320
:1080600014605E2403707912017154120170F15092
:1080700010120170C412003620F5A71201713E8063
:10808000EA8DA6805B12017154120170F15010123A
:108090000170C412003620F5AF1201713E80EA8DE6
:1080A000AE803D12017154120170F1501012017036
:1080B000C412003620F5B71201713E80EA8DB680F9
:1080C0001F12017154120170F15010120170C4128C
:1080D000003620F5BF1201713E80EACFEDCF8FBE92
:1080E000CFEECFEE24FF92E922900063F9EFF0A3E8
:1080F00012003883900063FA12003863E92402F911
:10810000E43AFA120036E4FFAEF01201CA5E9000C3
:1081100063F9E0FD90003116120091EAED12008F34
:1081200089EEF0A3EFF0900063FA1200386390003C
:108130003118120091E9ED12008F89120038831274
:1081400000907FED12008F89E0FEA3E0FF900032E7
:108150000D120091E9ED12008F89EEF0A3EFF012FD
:1081600000907FED12008F89E0FCA3E0FD9000639A
:10817000F9E0FFA31200386302007275900063A259
:1081800012012792F075F011EF90002DB512012722
:10819000C27440F0900063A21201285F120127858B
:1081A0001201282512012785740AF0EBFE90006366
:1081B000A5E0FDEDFF1201CA5E900063A212012747
:1081C000F3ED1201278AEEF0A3EFF0900063A6E032
:1081D000FF7E001201CA5ECCEECCCDEFCD900063E5
:1081E000A2E0FF75F0789000323012012785ECF0A4
:1081F000A3EDF075F078EF9000323212012785E49C
:10820000F0A3F0900063A3E0FD1201BA1422F8126B
:10821000003724900060641200384B9000606412B4
:10822000003833E4FDFC900060640200384B90009D
:10823000633612003863CFE9CFCEEACE7C00E4FD8E
:10824000900060CF1200384B90006334E0FFA3E051
:10825000900060D3CFF0A3EFF02290006064120092
:10826000383378100200380D900060640200383F07
:10827000900060720200386390006064020038333E
:108280009000629D020038637B017A5079B37F4889
:108290007E0122EEF0A3EFF0A30200388390006588
:1082A0000F120092C6FC24FE6007146011240270B5
:1082B0006812009254A3E0FDC3EC94018051900039
:1082C00057C3E0D394035017120092541201A375C0
:1082D000CEEFCE12009254A3E0FDEE2402803012C5
:1082E000009254C394025019900057C3E0FC9403C9
:1082F00040047E02803190006510E0FDEC24028095
:108300000E12009254A3E0FD900057C3E02402FB3C
:108310001200D0DCCEEFCE800E9000650FE0C3944B
:10832000027E0350027E02CFEECF227401C8EDC858
:10833000088002C333D8FC90006374F0EB75F078CA
:108340006023EF9000315012007C3CC083C0821249
:10835000007FB0FCEE4C759300D082D083F0EDC46A
:1083600054F0FB8027EF9000315012007C3CC0831A
:10837000C08212007FB0F4FCEE5C759300D082D016
:1083800083F0CEEDCEEEC454F04401FBEFC3940273
:10839000402690006373E06401701D12007C71122E
:1083A00000798B740912007CECEFF0CFEB12007AAD
:1083B00087FB7F0312012DD92274FC1200C1B07D0E
:1083C0009912018432FF1201840A7F021201840A89
:1083D0007D997F031201805374821200C1B07D9891
:1083E00012018432FF1201841E7F021201841E7D5D
:1083F000987F0312018053D2E97B827A75799512B6
:1084000001BF3990000FA9EFF0227D99120180532E
:108410007B017A657956900062217401F0227D9883
:10842000120180537B017A657956900062217401B4
:10843000F022E4FF120180537B017A6579569000A7
:1084400062217401F02212007E17900064991200DC
:108450007F5B9000649B12007C461200798BE030B9
:10846000E76E90006499E0FF12019339EF6002809B
:108470001590006499E0FF7B017A64799A12018675
:10848000F9EF640160040201C99F90006499120031
:108490007F311200798BE0FE12007DA51200798BEE
:1084A000EEF09000649912007D821200798B740CBA
:1084B000F090002F7212007CF1EFF09000649BE0CE
:1084C000FF9000616312007A89FB7F0412012DD9AD
:1084D00022900064D81200388312019CA3E9240181
:1084E00012019C92FE12019C877C0090005D451257
:1084F000019C9AE9240312019C92FE12019CA3E9BB
:10850000240412019C9290005D4812019C9A120171
:108510009CDF240512019C9290004A24F012019CD9
:108520008790004A2512019CA2E9240112019C9225
:1085300090004A2612019CA2E9240412019C929008
:10854000004A2712019CA2E9240312019C92900088
:108550004A2812019CD77D800201C9FF900063D197
:1085600012003883900063D4EDF0900063D11200C4
:108570003863900063D4E075F005A429F9EA35F07A
:10858000FA12003620FFB4FF03C21022EF64F0603D
:10859000191201BC372401F9E43AFA120036E4FD5D
:1085A000E4FF1201C5FDE4FF80027F011201BFE379
:1085B0001201BC372403F9E43AFA120036E4FFAEA4
:1085C000F090006165EEF0A3EFF090006163EEF0D3
:1085D000A3EFF09000611BE0FDE490006162F0FB0E
:1085E000FF12012DD9229000643DEFF07E011201AF
:1085F00027D012012785E0703BEBB410087B017A8D
:108600005F79EA80067B017A5F79CD9000643E1243
:108610000038839000643DE0FF74201201287F74CD
:108620000FF09000643E120128317B0212016D3080
:108630007E0480389000643D120127CE1201278508
:10864000E0FF640D6004EFB40C109000643D120173
:1086500028A612012785E054FBF07B007A00790000
:108660009000643D1201277C12003883CFEECF22A8
:10867000E47844F608F675A74075A69875AF40757E
:10868000AE9875B74075B69875BF4075BE987B01BA
:108690007A1379AE1200C0788FA71200C08A120038
:1086A000C1268FA7E4F5A775A6887A14792E120043
:1086B000C0788FAF1200C08A1200C1268FAFE4F5D8
:1086C000AF75AE887A1479AE1200C0788FB71200F9
:1086D000C08A1200C1268FB7E4F5B775B6887A153F
:1086E000792E1200C0788FBF1200C08A1200C126F6
:1086F0008FBFE4F5BF75BE88229000635C12007FD7
:108700008B1201C84B90006360EFF070037F06226C
:1087100090006360E014F07E007F11EEC0E0EFC0D7
:10872000E07D00E075F011A424AFF9742D35F0FA66
:108730007B01D0E0FFD0E0FE12003A819000636040
:10874000E0FD75F01112007F177480F09000635CFB
:10875000E0FF1201A66890006360E0FF9000635C98
:10876000E09000321F120079DFEE12007990EFF0F6
:108770009000635D12003863EF120036527F0122D1
:10878000900061731200388390006176EDF07B01F8
:108790007A61797AA312016C5890006179E09000B7
:1087A0006236F0A37401F012014DBCE47848F6087B
:1087B000F690006176E0FF7848E6FC08E6FDC39F8E
:1087C0007480F86C9850249000617312016C4D1203
:1087D000003620FF9000617A12016C4DEF120036D6
:1087E00052784906E61870C90680C690006176E0A6
:1087F000FFA3E0FDA3E0FBA3E0900061D1F0A37430
:1088000001F002019A8E90006497EBF0900064965C
:10881000EFF012007984E0702090006496E0FF751C
:10882000F0789000314D1200798BE0FB1201B2908C
:10883000900064987404F0804C9000649612007963
:1088400082E0FF640D6004EFB40C2490006497E0B4
:108850009000649612007A94EE12007990120079DA
:10886000B4EE12007990E4F090006498F0801690D5
:1088700000649612007BE91200798B741BF0900063
:1088800064987401F090006498E0FF22EF605C90BF
:108890000050ADE0FEA3E0FFEE20E274EE44049051
:1088A0000050ADF0A3EFF0E4900051FCF0A3F09085
:1088B000005200E0900050A9F0900050B1E0FDE4BB
:1088C00090006162F0A304F0A374F4F0A37401F0CB
:1088D000A374F4F0E4FBFF12012DD9900051FEEFD8
:1088E000F07B817A4A79730201C19D900050ADE01E
:1088F00030E21D900050ADE054FBF0900051FEE0DE
:1089000075F009900042F512003857E4F0A304F026
:1089100022900064FFEFF0A3EDF0900057C3E0D386
:10892000947F4010900064FFE0FFA3E0FD1201C0BF
:108930000D7F0222900057C3E0FF90006500E0FE2B
:10894000900064FFE0FD75F0EA900008C812008F07
:10895000E32E12008F6CEFF075F0EAED9000090045
:1089600012008FE32E12008F6CE044011200930975
:1089700090006500E0FE6F7019900064FFE075F0F4
:10898000EA900008BF12008FE32E12008F6CE054B3
:10899000FEF07F00229000655BEFF0E0FF900009A1
:1089A0002612008FEEFAA3E0FB12008F9D120090BA
:1089B000C6EAF0A3EBF09000655BE0FF12008FB613
:1089C000120090C6E4F0A3F0900057C1120090BDD1
:1089D0008002C333D8FCFE900057C2F012008FDB38
:1089E0002D12008F6CE05E600812009289E4F08026
:1089F00007120092897401F074C72DF9E43457FA14
:108A00007B019000655BE012008FA9CFEDCF1200D3
:108A100092EE120090617F002290006525EFF0A396
:108A2000EDF012007F3D12003857ED12007990E012
:108A3000705F12007FF21201C92790006525E0FFE8
:108A4000A3E0FE75F0EA900008A212007A47E0C3A6
:108A50009407504775F0EAEE900008A212007A479A
:108A6000E0C3940190005F93F0E0FF7D0A7C001268
:108A700001A16090005F807401F0D23912007FF292
:108A800012007C481200798B7480F07D0102019CF9
:108A90002412007FF27D011201722C22900064E505
:108AA000EFF0A3EDF0BDFE2E900064E5E075F00858
:108AB000A4FFAEF024CCF9745C3EFA7B01E9C0E07F
:108AC00074C32FF974493EC8E9C8FC7D01D0E0F9B0
:108AD0001200FD478044900064E51201C12CEFF4C0
:108AE000703A900064E5E0FFE4FD1201C131EFB49B
:108AF000FF0E900064E5E0FF7D021201B5FA7F07EA
:108B0000900064E6E0FE900064E5E01200FC49F5A8
:108B100083E5822F1200FD00EEF0D2272290006341
:108B200066EFF012007984E0701F90006366E0FF4A
:108B30009000626CE4F0EB12007A8CFB12017C0274
:108B40009000636A7404F0804D90006366120079AF
:108B500082E0FF640D6004EFB40C2590006369E0CF
:108B6000FF9000636612007A95EE12007990120071
:108B700079B4EE12007990E4F09000636AF0801608
:108B80009000636612007BE91200798B741BF090F1
:108B900000636A7401F09000636AE0FF2290006451
:108BA0007B12003883E9240212016C03FF12016B6F
:108BB000C5240312016C03FE12016BC524021201CD
:108BC0006BBC2403F9E43AFAEF12016BC1240412DE
:108BD000016C03FF12016BC5240512016C03FE1228
:108BE000016BC5240412016BBC2405F9E43AFAEFC9
:108BF00012016BC1240612016C03FF12016BC52424
:108C00000712016C03FE12016BC5240612016BBC36
:108C10002407F9E43AFAEF02003652900064CFEFED
:108C2000F0E4900064D1F0900064D0F012018C82E6
:108C30001200BD1A1200BDD812018C82FD1200BCB8
:108C4000D71200BDD81200BF9B1200BC8A1200BD13
:108C5000111200BC8F1200BCC11200BC8F1200BEEA
:108C600018EEF0A3EFF0900064D0E004F0E0C394BD
:108C70000440B91201915E1201C904E4900064CF6E
:108C8000F022900064D1E004F0E0FF1201C423124E
:108C90000049EF900064D0E02290006469EFF0A3F7
:108CA000EDF0A3EBF01201C9E5EF70699000646983
:108CB000E0FFA3E0FDA3E0FB1201C4629000646941
:108CC000E0FA1200FCD91200FBFEFE90004B5BE0C4
:108CD000FD5E704190006469E0FC1200FC3B1200F4
:108CE000FBFEFB74572CF582E4344B1200FBFE6B49
:108CF0006023ED4E90004B5BF090004A22E0FD9027
:108D0000006162EAF0E4A3F0A3F0A3F0A3F0FB7F1C
:108D10000312012DD9229000645112003883E924F6
:108D20000112019C9214601D24F5601924057062E3
:108D300012019CCB5401FF90006454F012019C8FEF
:108D4000FD0201A89A12019CCB540124609000649A
:108D500054F0E9240112019C9290004A23B40105C9
:108D60007401F080037404F09000645112019C8B34
:108D700090004A25F09000645112003863E9240302
:108D800012019C9290004A2412019CD7E4FD12012A
:108D9000C9FF22C2ACC28EE490005210F0A3F09042
:108DA000005219F0A3F090005217F0A3F090005277
:108DB00012F09000520EF0A3F090005215F0A3F0C4
:108DC00090005213F0A3F07E02FFFD7B017A5279EE
:108DD0002B12003A817E007F107D007B017A527950
:108DE0001B12003A81758780C29FD29ED29C7589E2
:108DF00020E58F54802480600424807008438E1006
:108E0000758DF38003758DE6D2ACD28EC299229017
:108E1000006547EFF0ED14601614601F14603824ED
:108E20000370611200BC6A1200BC962404804C12CC
:108E300000BC6A1200BC962406804090005D47E0AA
:108E4000B403081200BEEC7002801A1200BC6A1251
:108E500000BC962408802490005D47E0B403121201
:108E600000BEEC700C1201987A90006548EFF0801B
:108E7000131200BC6A1200BC96240A1200BD6A904C
:108E8000006548F090006548E0FF22900063ED1215
:108E900001716E7847F6EB6024E0900063EE1201FA
:108EA00070D3FD900063EDE0FF9000622812017125
:108EB0001F1201743E18E630E30308764090006309
:108EC000EFE07847467946F7A3E0FF30E60518E67D
:108ED00054BFF6EF30E3067846E64408F6900063A8
:108EE000F0E030E5067846E64420F6900063ED12A7
:108EF000017162120170EAFD900062211201711F7E
:108F0000020180539000642D12013CB27440F09035
:108F100000642D12013D7A12013CA5740112013D3D
:108F20001C12013CA5740B12013D731201CA5E9024
:108F300000642DE0FD75F0789000322E1200385755
:108F4000ED12013CAAEEF0A3EFF090006430E0FFD8
:108F50007E001201CA5E9000642D12013D3E900019
:108F6000323012013CA5ECF0A3ED12013C9CE4F080
:108F7000A3F09000642EE0FD1201BA14229000616B
:108F8000B4EEF0A3EFF0A3ECF0A3EDF0A3EAF0A3AE
:108F9000EBF07E617FBB4A6016900061B6E0FCA3F7
:108FA000E0FD900061B4E06C7003A3E06D7004E438
:108FB000FEFF22A2AFE433F9C2AF900061B6120106
:108FC000AABEE4F5DB75DA02900061B41201AABE14
:108FD000E4F5DB75DA06900061B81201AABE75DA15
:108FE0000A75DB01E4F5DA1201C2DBCEE9CEEE242C
:108FF000FF92AF7E0022782AE624B0F582E434475F
:1090000012014D559000654FF0E012014CD5E0FF84
:109010005460703E900047F07404F09000654F1269
:10902000014D1D12014D969000654F12014CE0E07C
:10903000900042ECF09000654F12014CFFE0900070
:1090400042EEF09000654F12014D9D75F00912013E
:109050004D319000654FE0FF1201BAAD782A06E667
:10906000C394404002E4F67828E66001162290009E
:1090700064E9EFF0E4A3F0900064E9E0FE1200C1BF
:10908000A81200C04F60037F012275F0EAED900046
:1090900008CC1200C0602E1200BFBF30E02090004C
:1090A00064E9E0FF75F0EAED900008CC1200BFB86B
:1090B00030E50B900064EA7401F012017A1F900011
:1090C00064E91200C1051200BFC430E0121200C0F2
:1090D000B11200BFC430E1071201B44C7F022290EC
:1090E0000064EAE0FF22900063F112003883E4900C
:1090F0000063F4F0900063F4E0FFC39408505C75E3
:10910000F0EAEF12016C6220E748900063F1120070
:109110003863EF120036527E007FEAEEC0E0EFC007
:10912000E07D00900063F4E075F0EAA42459F9743E
:109130000835F0FA7B01D0E0FFD0E0FE12003A8162
:10914000900063F4E075F0EA12016C624480F07FF5
:109150000022900063F4E004F080997F01229000E7
:1091600051E3E030E454E490006572F090006572E1
:10917000E0FFC39404505E1200BD9330E0339000D2
:109180006572E0FB2401FFE433FE7C007D64120085
:10919000366690006163EEF0A3EFF090005CF6128B
:1091A00000BF64EBF0900061651200BDB612012DA6
:1091B000D990006572E004F080B290005CF6E0FDAA
:1091C00090005200E01200BED0E4F074C81200BD5E
:1091D000B312012DD922900061C6EFF0CEEBCE1272
:1091E000012BD8E92402F9E43AFA900061CB12008D
:1091F00038837F01900061CAE0FCEFC39C5013A349
:1092000012003863E92FF9E43AFAE4120036520FFB
:1092100080E2900061C9E0FF900061CB12003863EA
:10922000EF12003652900061CAE0FF900061C6E084
:1092300012012BD8EF12003652900061C6E0FFCB2E
:10924000EECB900062BB7410F0020198E77B017ACC
:109250006179C4900063B5F022F07B017A6179C333
:10926000900063B57401F022E475F001020036CE7F
:1092700090004CE3A3E0244CF582E4344EF5837572
:1092800093002275F003A424CEF582E4345DF583C7
:1092900075930022D390004CE2E0940090004CE1E2
:1092A000E0940022CFEECFEE24FF92EA7E007F0111
:1092B0002212003883A2EAE433FEC2EA22F09000D0
:1092C0005DCDE02290006478EFF0A3EDF075F0EA58
:1092D0009000085A12003857C083C082900064780A
:1092E000E0759300D082D08375F0081200C0602B27
:1092F0001200BFBFFFCEEBCE90006479E01200C039
:10930000A5C083C08290006478E0759300D082D0BD
:109310008375F0081200C0602E1200BFBFFEEFD3AD
:109320009E400774FF9F2E048003C3EE9F9000644D
:109330007AF09000647AE0FF2275F078EF120079FD
:1093400087E06007640D60037F012212007BAF128B
:1093500000798BE060037F022275F078EF90003295
:10936000371200798BE060037F032275F078EF906D
:109370000032381200798BE060037F042212007DF6
:10938000A51200798BE060037F052275F078EF90DD
:1093900000323C1200798BE060037F062212007ECF
:1093A000FC1200798BE07F00B40A027F0722900054
:1093B00064B2EDF0A3EBF0900064B1EFF075F078DB
:1093C00090003268120085F7120087AF120085CE38
:1093D000FF7E007D1E12019FED12008871900064D7
:1093E000B1E09000325F120085F3120088D4900043
:1093F000325F120085F7120086E66024900064B2A6
:10940000E0C454F0FFA3E04FFF900064B1E090008F
:10941000325A12008858EE120085FCEFF07F0122CC
:109420007F0022CBEDCBCAECCA900064ABEFF01208
:109430000114F0120113B9E0F9FF7E00D3EB9FEAAB
:109440009E500122E9FD7C00CFEBCFCEEACE120088
:109450003678CFEDCFEF6028C3EB9FFFEA9400FE94
:10946000900064ABE0FD120114F012003857ED12C9
:109470000113BEE07C002FFFEC3E900064AC80083E
:10948000CFEBCF900064ACEAF0A3EFF0900064ACB7
:10949000E0FEA3E0FF229000651AEBF09000651952
:1094A000EFF012007984E0701390006519E0FF90EE
:1094B000003106E0FB1201AA717F042290006519B9
:1094C00012007982E0640D702D90003106E0448036
:1094D000FE75F078EFA31200798BEEF09000651A1C
:1094E00012007BAD1200798BEEF075F078EF120070
:1094F0007987E4F0FF229000651912007BE91200E1
:10950000798B741BF07F0122900064251200388350
:10951000E490006428F090006428E0FFC3941050A9
:109520005612009CA7E020E74590006428E09000D8
:10953000642512009F777E007F16EEC0E0EFC0E04A
:109540007D0090006428E075F016A4247BF9742F48
:1095500035F0FA7B01D0E0FFD0E0FE12003A8190B6
:10956000006428E012009CA87480F07F0122900023
:109570006428E004F0809F7F00229000643512018F
:109580002792F0900064351201285F12012785129E
:1095900001282512012785740BF090006438E090B3
:1095A000006435120127F2ED1201278AE4F0A3EFDF
:1095B000F0CFEB12012800ED1201278AE4F0A3EFAF
:1095C000F075F078ED9000323212003857ED12014C
:1095D000278AE4F0A31201280D12018B9D900064EC
:1095E00035E0FFA3E0FD1201BA142290006563EF9D
:1095F000F012007AD5EE12007990E4F075F078EE72
:109600009000323E12003857EE12007990E0FE12C0
:10961000007EFC1200798BEEF0900008FC12007DB9
:109620004AE5822D12007A4EE4F012007BF7120018
:10963000798B12007B791201C64E12007D9B90003F
:10964000656312007A331200798B12007D1090004E
:10965000323C1200798BE4F022C2AF78307601E41C
:10966000F5D57580FF7590FF75A0FF75B0FFE58F8C
:1096700054807012E490006143F07592021201CAA6
:109680005475E35D8012900061437480F07592031D
:10969000E41201CA5475E3BBF5E375E28090006102
:1096A00042E592F075910875911030DA0B75EBAACE
:1096B00075EB55C2DA438F02D2EC75D5FFE490000A
:1096C0006140F0D2AF2290006509120091DE706017
:1096D00090006509E0FF12008F9EC083C082900059
:1096E000650AE0FE759300D082D0831200901DE4DD
:1096F000F0A30412008FB412009019E4F0A3F090CC
:10970000006509E075F0EAA424D4F9740835F0FA8C
:109710007B01A3E0FF7C0029F9EC3AFA900065098F
:10972000E012008FA9120092EE120090617F0022D9
:109730007F0222CEEFCE75F0EAEE900009211200F2
:109740008FF1900057BDF075F0EAEE9000092012FD
:10975000008FF1547F900057C5F0EE120092A812CE
:10976000008FF1900057C3F0EE12008FEA9000577F
:10977000C2F075F0EAEE9000092512008FF190001A
:1097800057C1F09000092412009207CFEDCF7593D6
:109790000075F008EF12003857E0900057C0F02233
:1097A000900064A6EDF0A3EBF0900064A5EFF0BF8D
:1097B00001127B017A5A79D4120197FE12009D346E
:1097C0007F488035900064A5E0B402127B017A5B8B
:1097D00079A2120197FE12009D5A7F6E801B7B01B9
:1097E0007A5A79D8900064A6E0FDA3E090006388DF
:1097F000F01201B38F12009EE31201B48A22A3E09B
:10980000FDA3E090006388F01201B38F2275E40598
:10981000AFE5EF30E1028016EF30E2028010EF306A
:10982000E302800AEF30E4028004EF30E7089000A2
:109830004CA11201926890004CA1E07002A3E0607C
:109840003890004CA0E0F9440EF5E575E40275E4AB
:1098500024AFE5CDEFCDAFE5E9440654F7F5E57566
:10986000E402C390004CA2E0946490004CA1E09408
:10987000004006E4F5E575E4012290005D45E0FE58
:10988000A3E0FFC3EE94004016900056F11200BF13
:10989000809DEE9C50091200BC6AE924018038903A
:1098A0000056F1E0FEA3E0FF1200BE3F401890001A
:1098B00056F3E0FEA3E0FFED9FEC9E50091200BCC2
:1098C0006AE924028011900056F31200BCE34010B4
:1098D0001200BC6AE924031200BD6A90006570F0B2
:1098E00090006570E0FF22900062B81201716E90E6
:1098F0000062BDF0EB602C900062BAE0900062B9AB
:10990000120170D3FD900062B8E0FF90006228124F
:109910000171291201743E900062BCE030E304A39F
:109920007440F0900062BAE05407FFA3E04FFF904C
:109930000062BDE04F900062BCF0900062B812017E
:109940007162120170EAFD90006221120171290218
:1099500001805390006490EFF0A3EDF090006490CC
:1099600012010B9F12010A69E090006492F075F0F9
:10997000EAEF12010A59E9248CF9E43AFA900064FA
:1099800091E012010B3790006490E090006178F054
:1099900090006492E090006179F07D01120187806F
:1099A00090006491E0FF90006490E0FD900064926C
:1099B000E0FB900062BB7480F0020198E7900060C9
:1099C000CB1200384BE4FFFEFDFC900060D5120086
:1099D000384BE4900060D9F0900060D3E07002A3AF
:1099E000E07003FEFF22900060CF1201AADD7F022B
:1099F0001201C554900060CB1201AADD7F0612014E
:109A0000C5547C607DD37B027F0A1201C55490004F
:109A100060D97421F07C607DD97B01E4FF1201C51F
:109A2000541201C2DB22EF64407030D3ED9410EC8D
:109A3000940050037F0022D3ED9440EC9400500337
:109A40007F0122D3ED9480EC940050037F0222D357
:109A5000ED94C0EC940050337F0322D3ED9408ECD6
:109A6000940050037F0022D3ED9410EC9400500337
:109A70007F0122D3ED9420EC940050037F0222D387
:109A8000ED9440EC940050037F03227F0022CEEB44
:109A9000CE12016BE875F018EE12003857C083C083
:109AA00082900061D1E0FD759300D082D0831201D5
:109AB0006BF8900061D31200388375F0EAEE120162
:109AC0006C0B2D12016BDDE030E704D22E8002C258
:109AD0002E900061D2E07007A312003863801190CD
:109AE0000061D3302E0612016C2A80041200386304
:109AF000EF12003652229000648DEFF0A3EDF0904B
:109B000000648D12010B9F12010A69E09000648FBE
:109B1000F075F0EAEF12010A599000648E12010A02
:109B2000E512010B379000648DE090006178F090B1
:109B300000648FE090006179F07D011201878090D0
:109B400000648EE0FF9000648DE0FD9000648FE083
:109B5000FB900062BB7410F0020198E71201C7AAE3
:109B6000900051E4E030E35890005D43E0702590B0
:109B7000005CC81200BECD04F0A374F4F0A374011D
:109B8000F0A374F4F0E4FBFF12012DD9EF04900070
:109B90005D43F02290005D43E0C39401FFE4940034
:109BA000FE900042F575F009EF12003857EE75F09F
:109BB00009A42583F5837593007401F0A374F4F070
:109BC000229000634FEBF09000634DEFF0FEA3EDA9
:109BD000F0FFE490006351F0EE90006228120091D3
:109BE000FA1201743E90006350E0600DA3E0FF9014
:109BF00000634FE0FEEF4E800F90006351E0FF9056
:109C000000634FE0F4FEEF5E90006351F09000635C
:109C10004EE0FF9000634DE090006221120091FA47
:109C200002018053900064A2EFF0A3EDF0E4A3F0F2
:109C3000900064A4E0FFC39410503990002F7B1271
:109C4000007FDA30E725547FFF900064A2E06F7058
:109C50001A7B017A5A79D4900064A4E0FD900064E4
:109C6000A3E090006388F01201B38F900064A4E039
:109C700004F080BC7B017A5A79D49000639C740410
:109C8000F07F480201B48A900064D812003863E97A
:109C90002402F9E43AFA020036202400FFEC3EF0F8
:109CA000A3EFF0900064D80200386312003863C854
:109CB000E9C8CCEACCCDEBCD22EF75F003A4241893
:109CC000F582E4345DF583759300229000645112AF
:109CD00000386302003620F07B017A4A7923221291
:109CE00000362090004A23F0E92290006472EFF0E1
:109CF000A3EDF0E4A3F09000647412015BA990005E
:109D00004B7193FD7B0112010BB390006474E0046E
:109D1000F0E0C3940440DF90006473E0B4012C9041
:109D2000004F5EE0FD90006472E090006162F0A37D
:109D3000E4F0A37432F0A3E4F0A3740FF0E4FBFFAB
:109D400012012DD9900050A8E004F022E490005CAC
:109D5000F0F090005CEFF090005CF2F090005CF1AD
:109D6000F090005D4EE054F0F090005D4DE0FEA3F9
:109D7000E0FF30E42730E6041200BE34EF30E7089D
:109D8000E490005D45F0A3F0EE30E0041200BDCD9C
:109D9000EE30E108E490005D48F0A3F0EE54F8FEE8
:109DA000EF542FFF90005D4DEEF0A3EFF0229000F6
:109DB00062EFEDF0A3EAF0A3EBF0900062EEEFF0BB
:109DC00012010F6B12010EEA12010F2E1200362043
:109DD000FF603BE4900062F0F0A3F0A3F0A3EF1269
:109DE000010FB112010EEAE0547FFF1201C6339059
:109DF0000062F3E0FF1201C927900062EE12010F2A
:109E00006912010EEA12010F2EE41200365222905E
:109E10000064631200388312003620FFE924011227
:109E2000014D8EFD12014D76240312014D8EFBEB88
:109E3000C0E012014D76240412014D8E9000616243
:109E400012014D75240512014DB290006163E5F0D9
:109E5000F0A3EB12014D75240712014DB290006181
:109E600065E5F0F0A3EBF0D0E0FB12012DD9227EE6
:109E700002900057C2E064037027900057C1E0646D
:109E800001701A9000091012016A9412016AC674D6
:109E90000312016A6E759300ED12016AF6E4FE800A
:109EA0002A900057C2E06401702175F0EAEF90003B
:109EB00009101200385712016AC612016A6ECFEDFE
:109EC000CF759300EF12016AF6E4FECFEECF22E4E5
:109ED00090005D3DF0EFC39459400FEFD394615073
:109EE00009C3EF94592431F0803EEFB46202801828
:109EF000EFC3941E400EEFD394265008C3EF941E78
:109F00002431801FEFB4270990005D3D7430F0804C
:109F100017EFC394044011EFD3941D500BC3EF947B
:109F200004244190005D3DF090005D3DE0FF2290F3
:109F30000050B57401F0A37448F0A3E4F0A37405D5
:109F4000F0A374FFF0A3742CF0900050BD7402F0E5
:109F5000900050BB04F0E4A3F0900051E37402F0D1
:109F6000E4A3F0900051E3E04480F0900051E5E07C
:109F700064037004A3E064E96013900051E5740386
:109F8000F0A374E8F0120182881201739022EFC3EB
:109F900094594056EFD3945C505090005CFFE064BD
:109FA000166002E4F090005D3BE0FEB4550E9000B8
:109FB0005CFFE064166021740AF0801CEEB457095F
:109FC00090005CFF7412F0800F90005D3BE0B4568F
:109FD0000790005CFF7413F090005CFFE0600BD210
:109FE0001AC3EF9459A3F07F01227F0022900063EF
:109FF00031EDF09000632FEEF0A3EFF07D017C00D7
:10A000001201AD1990006332EEF0A3EFF04E600440
:10A01000EF4E702DE490006332F0A3F07B827ACD96
:10A0200079D590006331E090005FA0F09000632F3D
:10A03000E0FFA3E090005FA1CFF0A3EFF012004497
:10A040008190006332E0FEA3E0FF2290005E8AE090
:10A05000702A90005E9BE0FDE490006162F0A30432
:10A06000F0A374F4F0A37401F0A374F4F0E4FBFF24
:10A0700012012DD9EF0490005E8AF02290005E8AD2
:10A08000E0C39401FFE49400FE900042F575F009EE
:10A09000EF12003857EE75F009A42583F583759308
:10A0A000007401F0A374F4F022CBEFCBC2AC9000AB
:10A0B0005217E0FCA3E0FDD2AC7003EC640260EC4C
:10A0C000CFEBCF90005210E0FCA3E0242BF582747C
:10A0D000523CF583759300EFF0C2AC90005217121A
:10A0E00001C3BBD2AC900052101201C3BB9000520E
:10A0F00010E05401F090005212E0700604F01201DA
:10A10000C3A3CFEBCF22900064F5EFF0A3EDF030C6
:10A11000E00E900064F5E0FD7B01E4FF1200306F7B
:10A12000900064F6E030E1067F011201A153900037
:10A1300064F6E030E2067F021201A153900064F65B
:10A14000E030E30E900064F5E0FD7B017F03120038
:10A15000306F22900064F5E0FD7B011200306F2229
:10A1600090006537ECF0A3ED1201510B1201507312
:10A17000041201510B12015073540FF0748F2F12FF
:10A1800001506E4401F0E490005F80F090005F7831
:10A19000E0FD1201510C12015073FB90006162EF5F
:10A1A000F090006537E0FFA3E090006163CFF0A37B
:10A1B00012015101E4FF02012DD9CEEBCEE4FCEFF8
:10A1C00012016BE975F018ED12016BF075F003EEFA
:10A1D00012016BFB9000623C12003883ED12016BA0
:10A1E000CFE030E704D22F8002C22F9000623BE024
:10A1F0007007A31200386380119000623C302F0674
:10A2000012016C2A80041200386312003620FCCF41
:10A21000ECCF229000651FEFF012007984E07024EB
:10A22000EB54F0C4540FFEEB540FFB9000651FE09D
:10A23000FF90006430EEF012018F049000652074EE
:10A2400004F080219000651F12007982E0FF640D08
:10A250006004EFB40C08E490006520F080079000E3
:10A2600065207401F090006520E0FF2290006531C8
:10A27000EAF0A3EBF0ED90002DB912010F23740862
:10A28000F075F011ED90002DBB12003857EAF0A3E5
:10A29000EBF075F011ED90002DB712010F26F09044
:10A2A00000614D7429F0A3E4F0A3F0A3F0900065E1
:10A2B00031E0FBA3E090006151CBF0A3EBF07B20F9
:10A2C000120156692290006560EFF0CEEBCEE4FCFF
:10A2D00075F078EF12007987E0702690006560E0F5
:10A2E000FF9000315E12007E61EF120079A2E0FB68
:10A2F000E4900063A5F0A3EEF01201817C7C048061
:10A30000189000656012007982E0FF640D6004EF30
:10A31000B40C04E4FC80027C01CFECCF22900064FA
:10A32000C6EFF0A3EDF0E4A3F0900064C8E0FFC333
:10A330009403504074AB2F1200BC8AFF900064C796
:10A34000E05F6027EF24FE601024FE601424037099
:10A350001A1200BF5D7D53800E1200BF5D7D3980F3
:10A36000061200BF5D7D471201C4BF900064C8E0C3
:10A3700004F080B522900057C3E0FC604B120091BE
:10A38000C312008F8412003863E9240EF9E43AFA0C
:10A390009000648A120038837D01EDC39401FFE4CC
:10A3A0009400FE9000648A12003863E92FF9EA3EB7
:10A3B000FA12003620FF900057C3E06F7005CCED15
:10A3C000CC80050DEDB404D2CFECCF229000651106
:10A3D000120092C6B4221390006511E0FFA3E0FDC5
:10A3E000900057C1E02406FB801F900057C2E0B4E4
:10A3F000212090006511E0FFC3940240047E038099
:10A400001D90006512E0FD7B211200D0DCCEEFCE66
:10A41000800C90006511E0C3940240027E03CFEEF1
:10A42000CF229000646012003883E4FF12014D4D8A
:10A43000F4603CE4FE7401C8EEC8088002C333D85F
:10A44000FCFD12014D4D5D702112014D4D4D759376
:10A4500000F0EF33333354F82EFF900064601200A5
:10A460003863EF120036527F01220EEEB408C60F99
:10A47000EFB410B87F00229000646F12003883128E
:10A4800000FC1654F0C313FF9000646F1200386391
:10A490001200362054074F120036529000646F129B
:10A4A000003863E924021200FC21F4041200365241
:10A4B0001200FC16540FF40412003652D394F750D5
:10A4C0000A1200FC16540F1200365222CCEFCC7543
:10A4D000F078EC12009C9FEC12009C0CE030E73FFF
:10A4E000ED241290006566F0FB7F02120137AF7514
:10A4F000F078EC9000325412003857EC12009C0CAB
:10A50000E0B4011B90005BB3E0FD90006566E0FBEA
:10A5100090006162EC12009CC27F0412012DD922CE
:10A52000E4FFFE782BE6FDEEC39D504612014D8000
:10A53000E0FD900042F512014CD9E0FAA3E04A6038
:10A540000DED12014CF474FFF5F0120036CEEF70F1
:10A550001E75F009ED12014CF7E0FAA3E04A700F06
:10A56000ED12014CD5E020E6067829EEF67F010ECB
:10A5700080B122EF6401704690005D02E014F0E0CB
:10A58000FF70061201C7F08011EFB4010D90005C5E
:10A59000F77401F0E490005D3CF0E4FF743B2FF5AC
:10A5A00082E4345D1200BC8F6D700D743B2FF58218
:10A5B000E4345D1200BF06220FEFB402DF229000E8
:10A5C0005D02E004F0227E157FAE7D007C18120152
:10A5D000B1007E027F007D007B017A1379AE12000C
:10A5E0003A817D027B017A1279AA1200C2737D0042
:10A5F0007B017A0879541200C2731201867012012D
:10A600002F19120183B97B827ABA79DF1201BF391F
:10A6100090000858EFF022900063EAEBF09000639E
:10A62000E912017133120170EAFE900063ECF090C0
:10A63000006228120171081201743E900063EAE082
:10A640007007A3E0547FF08008900063EBE0448043
:10A65000F0900063E9E0FF900063ECE0900062217D
:10A66000120171080201805375F011ED12007F177D
:10A67000E04F759300F075F011ED90002DB11200D0
:10A680007CCB75F078EF900031511200798BE0307F
:10A69000E71075F011ED90002DB112003857E0442D
:10A6A00040F075F078EF9000310F1200798BE0FFE9
:10A6B000ED12007CC4A3EFF022EF602D900051E476
:10A6C000E020E345E4FF1201ADAC900051E4E0541A
:10A6D000F3F04428F07B827ACF79D31200448112C0
:10A6E00000BD5112019B5C8016900051E4E0FF30E8
:10A6F000E31754F3F07B827ACF79EE120044817B2A
:10A70000817A4A794B1201C19D22900064E7EFF0F3
:10A71000900050BBE030E425900064E7E004FF7D4A
:10A720000412015C196002800E900064E7E0FDE411
:10A73000FF12015C196022E0C3940180179000644D
:10A74000E7E004900050AAF0C394044002E4F090C3
:10A750000050AAE0FF1201C6B42290006564120006
:10A760007AAEE4F075F016EF12007B37E4F0FE7F6E
:10A7700004EEC0E0EFC0E07D009000656412007D53
:10A780003AD0E0FFD0E0FE12003A817E007F04EE76
:10A79000C0E0EFC0E07D0090006564E012007EED57
:10A7A000D0E0FFD0E0FE02003A8190006565EFF056
:10A7B000C39402504212009E1112009C2F20E737D2
:10A7C00090000004C083C0827D00EF75F004A424D3
:10A7D00073F9742F35F0FA7B01D0E0FFD0E0FE1260
:10A7E000003A8190006565E012009E13F583759331
:10A7F000007480F07F01227F0022CCEBCC75F01139
:10A80000ED90002DB9120127C27408F0900063AAE0
:10A81000E0FAA3E0FBED1201284EED120127BBF098
:10A820009000614D7422F0A3E4F0ECFBA3E4F0A3EC
:10A83000EBF0900063AAE0FBA3E090006151CBF045
:10A84000A3EBF07B011201566922E49000656AF0E7
:10A850009000656AE0FFC39404503BEF90003039EC
:10A8600093FF90005F98E05F60239000656AE0FFCF
:10A870001201B58090005F98E0FF9000656AE0905B
:10A8800000303993F4FEEF5E90005F98F090006521
:10A890006AE004F080BA0201C9919000644DEFF0C3
:10A8A000A3ED1200BEC65430600CE49000644FF07B
:10A8B000A37404F0800D90005200E09000644FF00B
:10A8C00004A3F090006450E0FE9000644FE0FFC3EA
:10A8D0009E50169000644DE0FDA3E0FB12018C99A0
:10A8E0009000644FE004F080DA22900063E6EBF021
:10A8F000900063E512017133120170EAFE9000636B
:10A90000E8F090006228120170FD1201743E900080
:10A9100063E7E05480F0E0FF900063E6E0FEEF4E76
:10A92000A3F0900063E5E0FF900063E8E090006230
:10A9300021120170FD0201805390006579EFF0E073
:10A94000900057BCF07B827AD5799590005FA0F09B
:10A95000120044817F011201CA9A7F031201C66866
:10A9600090006579E075F030A42425F9745635F02F
:10A97000FA7B01EBC0E078857C56CDEBCDD0E0FBD7
:10A980007E007F30020035A2CCEBCC12013D3512A7
:10A99000013CF27408F09000642CE0F9FB12013DD8
:10A9A0002712013CF2EB12013D1112013CF2F0EFD3
:10A9B000C0E0CFECCF74039000614DF0A3EFF0E462
:10A9C000A3F0A3F0E9FFA3E4F0A3EFF0D0E0FFE4ED
:10A9D000FB1201566922CBEFCB90004CE1E0FCA3C7
:10A9E000E0FDF44C60F3CFEBCF90004CA512019248
:10A9F00074EFF090004CE11201926890004CA512A7
:10AA000001926890004CA5E4F090004CA7E0701013
:10AA100004F0C2EA12019270E0F5E5E4F5E4D2EA4E
:10AA2000CFEBCF229000650DEFF0A3EBF0E4FF90A9
:10AA300000650EE09000650D701A120091BC900048
:10AA400008CC12008FE32E12008F6CE0FEEDF4FCB8
:10AA5000EE5C8013120091BC900008CC12008FE3D2
:10AA60002E12008F6CE04D759300F00FEFB408BF0D
:10AA7000229000652912013CB27440F090006529D3
:10AA8000E0FF9000322012013CA27408F0900032E6
:10AA90002C12013CA112013D1B12013CA5740512B0
:10AAA000013D731201CA5E9000652912013C65E404
:10AAB000F0A3F09000652AE0FD1201BA1422E0FD37
:10AAC000A3E08F828E83759300CDF0A3EDF090000C
:10AAD00061BCE0F5DB900061BBE0F5DB22120038E1
:10AAE00033780812003820900060D51200384B7C73
:10AAF000607DD57B03228D828C83759300E5822B4C
:10AB0000F582E43583F5837593002290005C92E032
:10AB1000900056F5F090005D45E0FCA3E0FDEC9060
:10AB20000056F6F0EDA3F090005D48E0FCA3E0FDD8
:10AB3000EC900056F8F0EDA3F090005C98E09000E7
:10AB400056FAF0900057BBE030E10C7B017A567961
:10AB5000F57D061201CAAE229000637FEF12009CC1
:10AB6000C212009FA99000638804F01201B38F9075
:10AB700000637FE0B4010C12009FA912009E347F95
:10AB800044801C9000637FE012009FA99000639CAA
:10AB9000B402077404F07F6A80057401F07F3612F6
:10ABA00001B48A22CCEFCC900050BBE030E43D747D
:10ABB000AA2F12015B9D540190006552F0ED6011C7
:10ABC000E0702690005200E06C701E1201A70A800F
:10ABD0001890006552E0700A7B817A4A795F120111
:10ABE000C19D90006552E0FF227F00227F012290EC
:10ABF00000655AEFF0E0FF75F0EAED900008D01222
:10AC0000016C0F2FF582E43583F583C083C0827514
:10AC10009300E0FF7401C8EBC8088002C333D8FC7E
:10AC20004F759300D082D083F09000655AE0FF907A
:10AC30000062BB7440F0020198E79000656BEBF096
:10AC40006410701612013E0D64074A703575F0EA03
:10AC5000ED12013D8B4440F080289000656BE0646C
:10AC600020701F12013E0D640F4A701675F0EAED58
:10AC700012013D8B4440F090005200E06F60037F72
:10AC800000227F03221201C3C3E490004B5BF090CB
:10AC9000004B69F090004A23F07B817AD8796112E9
:10ACA00001BF3990004A22EFF07B817AEA796D1278
:10ACB00001BF3990004A31EFF090004B56F07B8194
:10ACC0007AD579F01201BF3990006550EFF02290EB
:10ACD000005CCAE06004E4F0800790005CCA74077E
:10ACE000F090005D4BE004F0E0C3940A4021900036
:10ACF0005200E01200BE731200BC8FFF90005CCACD
:10AD0000F012003067E490005D4BF01201C99190A1
:10AD1000005CCAE0FF0200306790006459EEF0A3C7
:10AD2000EFF01200366690006459EEF0A3EFF012D7
:10AD3000014AF19000645BEEF0A3EFF04E7003FE69
:10AD4000FF2290006459E0FEA3E0FF7D00A3E0FA3B
:10AD5000A3E0F97B0112003A819000645BE0FEA35E
:10AD6000E0FF227F207B017A4979C31200FCE17F5A
:10AD7000087B017A4A79291200FCE17B017A4B7940
:10AD8000571200FD6F7B017A4B79521200FD6FE480
:10AD900090004B68F0FE7F08FD7B017A4B796012D2
:10ADA000003A81C227E490004C9FF022EF602B7B99
:10ADB000827AD0791C12004481E490005CF4120085
:10ADC000BEC64470F0A3E054F7F0E4FF120174EA49
:10ADD0007B817A4A799B0201C19D7B827AD079314D
:10ADE00012004481900051E3E0548FF01200BD51F5
:10ADF0001201C7AA2290006517EFF0A3EDF09000B2
:10AE00006517E0FF12016A5330E01B90006518E0FF
:10AE100075F0EA12016A5730E50990006517E012F3
:10AE200001B44C7F012290006517E0FFA3E075F0AC
:10AE3000EA12016A577F0030E1027F01229000652B
:10AE40001DEFF012007984E070139000651DE0FFA3
:10AE50001201B2909000651E7404F080219000658C
:10AE60001D12007982E0FF640D6004EFB40C08E469
:10AE70009000651EF080079000651E7401F0900040
:10AE8000651EE0FF2212007C471200798BE0547FA0
:10AE9000D394045004C239802C75F078EF900032BE
:10AEA0001B1200798B12007C061200798BE0B4092A
:10AEB00014EFC39402400E75F078EF9000321D122B
:10AEC00000798BE4F01201C4A00201CA8F900062E5
:10AED0008CEDF075F078EF90003265120085F71276
:10AEE00000386390006290120088D490003268129B
:10AEF0000085F7120038639000628D12003883904D
:10AF000000629012003863E924101200867E640605
:10AF100045F07F0122900064E3EFF0A3EDF0BDFE69
:10AF20001C900064E3E01200FD3BC8E9C8FC7D0111
:10AF30007B017A5D79511200FD47D227229000648F
:10AF4000E31201C12CCEEFCEEEF4600F900064E36B
:10AF5000E0FFCDEECD1201B5FAD2272290006505B3
:10AF6000EFF07E02E0FF12008FEA90006506F0121B
:10AF70000092A712008FF1FC90006505E0FF6401CC
:10AF80006008EC700EA3E0B4020912019E6FCEEFD0
:10AF9000CE800C90006505E0C3940240027E03CF92
:10AFA000EECF2290006562EFF07E0112007984E01E
:10AFB000702012007E037401F0CFECCF7E00A3144A
:10AFC000F0A3EFF090006562E0FF12010D497E04EE
:10AFD00080149000656212007982E0FF640D6004C5
:10AFE000EFB40C02E4FECFEECF2290006445EFF008
:10AFF0007E01120127D012012785E07018900064AD
:10B0000045E0FF90006448E090006438F01201953C
:10B010007A7E04801890006445120127CE12012721
:10B0200085E0FF640D6004EFB40C02E4FECFEECFC8
:10B030002290006561EFF07E0112007984E0701EBD
:10B0400012007E037403F0CFECCFA3E4F0A3EFF083
:10B0500090006561E0FF12010D497E0480149000AC
:10B06000656112007982E0FF640D6004EFB40C02A8
:10B07000E4FECFEECF22EF6401702B90005D3BE049
:10B080006D700DF090005CF774031200BEB714F001
:10B0900090005D3CE06D702290005CF704F0E412DB
:10B0A00000BEB314F02290005D02E004F090005C5A
:10B0B000F77403F090005D3DEDF022900042EAE06D
:10B0C00070147B827AD079C112004481900051E3E0
:10B0D000E0547FF08026900051E4E030E308120055
:10B0E000BD511201C7AA900051E3E0FF20E70D44D3
:10B0F00080F07B827AD079D4120044810201C99118
:10B10000EF4E7008FE7F01ED1D70011C900062067D
:10B11000EEF0A3EFF0A3ECF0A3EDF090006206E0F8
:10B12000FEA3E0FFF5828E83759300E4F0A3F0C3E5
:10B13000ED9404FDEC94008F828E83759300A3A39D
:10B14000F0A3EDF022900061217423F0E4900061FF
:10B1500024F0C2EBA2EA33FFC2EA75E323E4F5E28E
:10B16000F5E375E201D2EBEF24FF92EAC20EC20FC3
:10B17000E4FF1201BFE3C2107B827AC2792E120172
:10B18000BF399000611BEFF0229000631812003865
:10B190008390005622E09000631BB40C0812003824
:10B1A00063740480061200386374031200365290F0
:10B1B00000631B12019CCFFF7E00900063181201F8
:10B1C0009CAB7B017A567921020035A275F078EFAD
:10B1D000900031C512003857EF2583F583CFEDCFAE
:10B1E00075930075F006EF12003857CFEBCF7593CB
:10B1F0000012015BE312015B70541F75F0169000A2
:10B200002F7D12003857E054F0C4540FFF229000F5
:10B210006568EFF012016803E4FE90006568E09055
:10B2200000322C120114B8ED2583F583E5822E122D
:10B230000113A5E0FD75F048EF120114DDE5822E43
:10B24000120113A5EDF00EEEB408CF0201C6FF9077
:10B250000064D51200388312019CDF240112019C86
:10B260009290004A24F0900064D512019C8B9000CB
:10B270004A25F0900064D512003863E924031201D6
:10B280009C9290004A2612019CD7E4FD0201C9FF5E
:10B290009000652F12013CB27440F09000652F12AF
:10B2A000013D7A12013CA512013D1B12013CA5741F
:10B2B0000912013D731201CA5E9000652F12013C14
:10B2C00065E4F0A3F090006530E0FD1201BA1422AD
:10B2D00090006571EFF0E02402F0E0C394044004B4
:10B2E000E024FCF090006571E0FD24AA1200BD96F8
:10B2F00030E01A90005D4EE04410F01200BF2A7D4D
:10B300000A1201C69B90006571E004FF227F0022B3
:10B310007B827AD1794E12004481E4FF1201C66823
:10B32000E4FF1201CA3D7F011201CA9EE4FF12012F
:10B33000C5E1E490005D4CF0FE7F04FD1200BF7299
:10B3400012003A8190005D591200BE7B02003A81E2
:10B35000301207C21212015BC622900042EAE0FFDF
:10B360001201C403EF6011900042EAE0FF1201C332
:10B37000E3E490005202800D90005202E004F0C31A
:10B380009414400AE4F012015BC61201C9912290A4
:10B3900000638412003883ED131313541FFFED5420
:10B3A00007FE7401C8EEC8088002C333D8FCFE90C3
:10B3B000006388E090006384600712009DDF4E8088
:10B3C0000812009DDFFFEEF45F120036522290005B
:10B3D0006527EFF0C394025008E0FD7B01E4FF8095
:10B3E0002790006527E0FFC39412500DC3EF94022D
:10B3F000A3F0FD7B017F01800F90006527E0C394DF
:10B4000012A3F0FD7B017F02120197A0229000633E
:10B41000BB12003883900063BEEDF0E4A3F090000F
:10B4200063BEE0FFA3E0FEC39F5020900063BB1209
:10B43000003863E92EF9E43AFA12003620FF1201CF
:10B44000A9D6900063BFE004F080D3229000655538
:10B450001200C1031200BFC444041200C0B01200A5
:10B46000BFC454FDF090006555E0FF7B017D0212E2
:10B4700001B47FE4FB7D011201B47F0201BE891299
:10B4800001AA2490006555E0FF2290006399120004
:10B490003883A2E8E433FEC2E8E4FD9000639CE058
:10B4A000FCEDC39C50179000639912003863E92D9E
:10B4B000F9E43AFA12003620F5C70D80DE8FC6CFC8
:10B4C000EECFEE24FF92E82290006574EFF0E0FFEB
:10B4D0001200BC881200BF22602B7B827AD17924B3
:10B4E0001200BE8F1200448190005CF4E0FF9000D7
:10B4F00065741200BC87F4FEEF5E90005CF4F0E42B
:10B50000FF120174EA229000645D743EF0A3E4F03F
:10B510007B017A64795D1201C44E1201B8DD90009E
:10B52000645F7451F07B017A64795F1201C4581230
:10B5300001B8DD1201BF8FEF4E7003FEFF227E00C7
:10B540007F0122900057C1120090BD8002C333D802
:10B55000FCFD75F078EF9000314E12008F84E05DB5
:10B56000601B900057C2E0FD75F078EF9000315EEF
:10B570001200903112009122EDF07F00227F022212
:10B58000900064B7EFF0A37420F0E4A3F09000649F
:10B59000B7E024AAF582E4345A120150737B017A91
:10B5A0006479B8120150D71201B48A7B827ACC79BF
:10B5B000B6900064B71201511502004481900065F5
:10B5C00075EFF0E0FF1200BC881200BF22702A7BEA
:10B5D000827AD179381200BE8F1200448190005CCB
:10B5E000F4E0FF900065751200BC87FEEF4E9000FE
:10B5F0005CF4F0E4FF120174EA22CEEDCEEEC394C7
:10B60000075029EF75F008A424C4F582E43449F505
:10B6100083E5822E1200FBF9FDEF1200FC49F58351
:10B62000E5822E1200FD00EDF00E80D1EF1200FD3C
:10B630002F1200FC912290006557EFF0ED30E705E6
:10B64000547F4420FD7F01900065571200C0C6E082
:10B65000FEEFC39E501990006557E01200BFB15431
:10B660002F6D7008EF120036527F01220F80D87FB5
:10B6700000229000622DE09000622FF09000622E78
:10B68000E090006230F0CEEBCEEE25E0FE742E2D81
:10B69000F582E4345E120170EA2EFEFD7B017A62CF
:10B6A000792F900062217402F002018053900063B0
:10B6B0002B12003883A2AF9223C2AF8FE2900063B7
:10B6C0002EE0FF14F0EF601A9000632B1200386335
:10B6D0009000632EE029F9E43AFAE5E312003652CD
:10B6E00080DBA22392AF22E4FE12009C9BEE1200AC
:10B6F0009C0CE030E7239000310812009CCDEE1244
:10B70000009C0CE06F701212009CE1EE12009C0C89
:10B71000E0C3940840037F01220EEEB40CCB7F00FF
:10B7200022C220E92404120085CE60079000628BBB
:10B73000E014F09000628BE0FF7E009000628812BF
:10B74000003863120089407B817A4B7933120039CB
:10B75000F7EF3395E04F7002D22022900063F5128C
:10B760000091A3A3E0900063F5B40113E0FFA3E010
:10B77000FDA3E0FB900062BB7440F0020198E7E09B
:10B78000FFA3E0FDA3E0FB900063F07440F0120122
:10B790008E8B22EF7034E4FEEE12009CA8E030E7BE
:10B7A00024547F6F701F75F016EE12009D2CE0542C
:10B7B000F0C4540F6D700E75F048EE9000019B12AE
:10B7C000003857EBF00EEEB410CE22900051E4E0BA
:10B7D00030E325900052001200BD261201C297EFFF
:10B7E0009000520060081200BD26E4FB80061200A3
:10B7F000BD267B0102010BB3E490005D43F0120112
:10B80000C9912290005621EFF0A3EDF0EAA3F0EBEE
:10B81000A3F0900057BBE030E220ED90006578B4D3
:10B820000C057404F080037403F07B827ACA79A655
:10B8300090006578E0FD1201CAAA22EF04FEEEC373
:10B840009404500C12015B9A30E00280110E80EEDD
:10B85000E4FEEEC39F501212015B9A30E008EE1234
:10B860000036527F01220E80E9EF120036527F002F
:10B8700022EF7032ED6455600EED64476009ED64AF
:10B88000576004EDB4561F90005D3BEDF0E4A3F06B
:10B89000D218D21A90005CF704F01200BE88A3F010
:10B8A00090005D0204F022CCEFCCE490005CEFF05D
:10B8B00090005D4EE04410F012011F50CDEFCDEF2F
:10B8C00060141D1200BF2A900050AAEFF07D1E12D6
:10B8D00001C69B7F012212019D4C7F0022900063D4
:10B8E0003A1201C4439000633DE0FE14F0EE601A8A
:10B8F0009000633A120038639000633DE029F9E458
:10B900003AFA12003620F5D280DB8FD1A22492AF12
:10B91000229000633F1201C4438FD190006342E044
:10B92000FF14F0EF601A9000633F1200386390003C
:10B930006342E029F9E43AFAE5D21200365280DB9C
:10B94000A22492AF22CCEFCC900063A0E0FFA3E052
:10B95000900060A8CFF0A3EFF09000609BEBF09018
:10B960000060A7EDF075F078EC90003275120038A9
:10B9700057EC12010EEFE4F022900063B212019234
:10B98000B1900063B5E0FD14F0ED601A900063B271
:10B9900012003863900063B5E029F9E43AFA120026
:10B9A0003620F5E580DB8FE4120192A4229000633B
:10B9B000B7120192B18FE4900063BAE0FF14F0EF88
:10B9C000601A900063B712003863900063BAE029F0
:10B9D000F9E43AFAE5E51200365280DB120192A44E
:10B9E0002290006553EFF0900050AEE020E02290EE
:10B9F000006553E0FF12015C2B6016E4FD1201AB01
:10BA0000A4EF600D90006553E0FF1201C6B47F0102
:10BA1000227F0022CEEDCE75F078EF9000322B120F
:10BA20000113B97401F090005BB3E0FDCBEECB9055
:10BA3000006162EFF0E4A3F0A3F0A3F0A3F07F04B1
:10BA400012012DD97F01229000652B12013D301289
:10BA5000013CF212013D0F12013CF212013D26128F
:10BA6000013D657401F0A3E4F0A3F0A3F09000653C
:10BA70002B12013D5512015669229000652D1201CD
:10BA80003D3012013CF212013D0F12013CF2120155
:10BA90003D2612013D657402F0A3E4F0A3F0A3F08B
:10BAA0009000652D12013D551201566922EF1313C6
:10BAB00013541FFEEF5407FD7401C8EDC80880023F
:10BAC000C333D8FCFD74312E12014D50FEEDF4FD50
:10BAD000EE5D759300F012014CD4E04420F0221288
:10BAE00001C991900042EAE01460111460151460DD
:10BAF000192403701B75A78275A6982275AF8275ED
:10BB0000AE982275B78275B6982275BF8275BE98B9
:10BB1000221201BAADC3782BE69401FF7829E6FE24
:10BB2000EEC39F501874712EF582E43447F5837587
:10BB30009300E0FD12014D80EDF00E80E3782BEFD5
:10BB4000F622CEEDCE1200FCC61200FBFEFD120066
:10BB5000FCB42D1200FD00EE1200FCC51200FBFE2D
:10BB6000041200FCC51200FBFEC394404004120006
:10BB7000FC8922900050BBE0540CFE7017EF0412B9
:10BB800000365212003620C394044005E4120036F9
:10BB9000527F0122BE040A1201B83BEF60037F010D
:10BBA000227F0022900065541200C1031200BFC41E
:10BBB00044021200C0B01200BFC454FBF0900065F4
:10BBC00054E0FF7B017D011201AA2490006554E03E
:10BBD000FF0201BE5D7B817AEE79A11201BF39902F
:10BBE00000609FEFF07B827A5F796F1201BF39901E
:10BBF00000609DEFF0E49000609CF0900060ABF07E
:10BC0000900060AAF022900064B412003883ED64C2
:10BC10000C700E1200897FAEF0EE30E31944F08014
:10BC200011CFEDCFEF6408700D1200897F30E70669
:10BC300074FF1200876B22900063D4E075F005A4B6
:10BC4000FF900063D112003863E92FF9EA35F0FA6A
:10BC5000E922F5E3E4F5E2D2EBCFEECF22C2EBA28C
:10BC6000EAE433FEC2EA22786C7C637D017B817A50
:10BC70003079277E007F04120035A290005200E048
:10BC80009000636BF07B017A63796CE4FF12013FF3
:10BC9000BD7F010201636575F003A424CEF582E443
:10BCA000345DF5837593002275F003A424D0F582EA
:10BCB000E4345DF58375930022F090005DCDE004DF
:10BCC000F0C3942022E0FE2475F582E43460F5830D
:10BCD000759300E0FF747B2EF582E43460F5837584
:10BCE0009300E022E0FF90006348E0247FF582E4C7
:10BCF00034602290006481120092BA12003620FD56
:10BD000075F078EF9000311112008F84E4F0A3ED0C
:10BD1000F0120091C312008F84120092BA02013A0D
:10BD20001012009CD5E0FE44806023EE547FFE900C
:10BD300000321F12009CCEEE12009C0CE4F01200A8
:10BD40009CD5E4F075F011EF12009C3EE4F022E483
:10BD5000FF1201ADACE4FF1201A6B91200BEE590DE
:10BD6000005200E06F700A7B817A4A799B1201C110
:10BD70009D1200BEE51201C6B40201C991740D2FD7
:10BD8000F582E4345D1200BC8F601F90005CFE12EF
:10BD900000BF64EFF0A3E4F0A37430F0A3E4F0A3D9
:10BDA0007430F0E4FBFF12012DD922900060ABE06B
:10BDB000601E900060AAE06F701375F078EF90003D
:10BDC000323912010EEAE06D60067F00227F002208
:10BDD0007F013039027F0022EF6029E4FF1201C6A3
:10BDE00068900051E3E020E405A3E030E3167B8295
:10BDF0007AD0790812004481E4FF1201CA9AE4FF64
:10BE00001201CA9E22C0E0EFC0E0C2EC759110AFF3
:10BE100087EF20E2035387FCAF9CEF600CE5913085
:10BE2000E407759110AF9C80F1D2ECD0E0FFD0E038
:10BE300032E4900049C2F07829F6782BF6782EF695
:10BE400008F6782AF6782CF6C22508F67828F6FE49
:10BE50007F10FD7B017A48793102003A81900064BD
:10BE6000EDEFF09000622812016C161201743E9002
:10BE70000064EEE04404F0900064EDE0FF900062A6
:10BE80002112016C1602018053900064EFEFF090D4
:10BE900000622812016C361201743E900064F0E0DA
:10BEA0004408F0900064EFE0FF9000622112016C02
:10BEB000360201805390004CA3E0FEA3E0243FF53E
:10BEC00082744D3EF583759300E022E0FFA3E0907D
:10BED000005FA0CFF0A3EFF022E475F0010200367E
:10BEE000CE9000630C120038839000630C12019C0A
:10BEF000AB7B017A5679ED7E007F04120035A2906B
:10BF000000630F120038637404020036529000631D
:10BF100012120038839000631212019CAB7B017AED
:10BF20005679F57E007F06120035A2900063151247
:10BF3000003863740602003652900049C2E0FEC326
:10BF4000948040037F002275F003EE900048411278
:10BF500000385712003883900049C2E004F0E0C373
:10BF60009401FF22E4FD74017E00C8EDC80880053D
:10BF7000C333CE33CED8F9FF9000609CE0FBEF5B7B
:10BF80007005ED2408FF220DEDB408DA7F00227B56
:10BF9000017A65794C900063427401F07F081201C8
:10BFA000B9119000654CE0FF30E0E4EF541E6004EE
:10BFB000E4FEFF227E007F0122ED131313541FFFC6
:10BFC000ED5407FE7401C8EEC8088002C333D8FCE4
:10BFD000FEE92FF9E43AFA120036205E7F00600293
:10BFE0007F01221201BC5DEF900061217009E044E5
:10BFF00080F054BFF08007E04440F0547FF09000A0
:10C000006121E01201BC52EE24FF92EA22CEEFCE73
:10C0100075F0EAEE900008F412008FE32D12008F05
:10C020006C7408F0CFEDCFCDEECD900062BB7440C4
:10C03000F0E4FB020198E7900064C312003883909B
:10C040000064C31200386312003620FF600E120134
:10C05000A9D6900064C41201926880E37E007F013B
:10C0600022E4FEEF602274292EF582E4345D120092
:10C07000BC8F6D7004CFEECF2274AB2E1200BC8A41
:10C08000F45FFF0EEEB408DB7FFF22CCEFCCEB4475
:10C090002890006558F0747E2DF582E4345E12011C
:10C0A00070EAFD7B017A657958900062217401F095
:10C0B0000201805390005AD3E0FF90005F7EE06F52
:10C0C000701690005F8AE004F0C39403400EE4F021
:10C0D0001201C991438F02221201C99122CEEFCEE3
:10C0E000CCEDCC747F2EF582E4344B12015BB29020
:10C0F000004B8393FDCEECCECBEECB12010BB3E421
:10C10000FF020174EA9000655FEFF012007C5012AC
:10C1100001CA5E9000655FE0FD9000320D12007A6A
:10C12000CEED12007990EEF0A3EFF022E0FFA3E055
:10C13000FD7E02EF1200FC49F583E5822E1200FB22
:10C14000F96D7004CFEECF220EEEC3940840E47F69
:10C15000FF22E4FE900009401200386375F023EFDF
:10C1600012010A4975F005EE12010A7E54FB120015
:10C1700036520EEEB408DD22900050BCE030E01CD8
:10C18000900050ABE06F600690005203EFF090001B
:10C1900050B0E06F600690005203EFF022200F08CD
:10C1A000900050BBE030E019201016E490006125AB
:10C1B000F09000611C12003883D210E4FD1201855A
:10C1C0005C22EFC39402401ECEEDCEEEC454F04B81
:10C1D000FE12007C711200798B740F12007A78FBCA
:10C1E0007F0312012DD9221201C991900030F5E090
:10C1F000FD900042EAE090006162F0E4A3F0A3F059
:10C20000A3F0A3F0FB7F0402012DD9C0E0E8C0E059
:10C21000784C7600759108A6D9E630E10B78430694
:10C22000E67003784206D225D0E0F8D0E0327F01F4
:10C230001201BFE390006125E004F09000611C1240
:10C2400000386390006125E0FD1201855C0201C9A0
:10C2500091900064FBEFF0FBA3EDF01200919712B8
:10C26000019A8E900064FCE0900064FB1200914300
:10C27000020198E7120164F5E490005E86F0A3F0F5
:10C280007B827AC779921201BF3990005E9BEFF0F2
:10C29000E490005E8AF022EFB48004AE808016EF56
:10C2A000B49004AE90800EEFB4A004AEA08006EF70
:10C2B000B4B002AEB0EE5DFF22CEEFCECCEDCC74CA
:10C2C000762EF582E4344B12015BB290004B7A93E8
:10C2D000FDCEECCECBEECB02010BB37C657D6C7B4F
:10C2E000017F011201C5379000656CE0FD30E2046A
:10C2F000E4FEFF22ED30E0E37E007F01221201CA5E
:10C300000CEF7F0070027F0190006576EFF0BF01B7
:10C31000041201C86190006576E0FF0201CA9EEF39
:10C32000B40C0BEC30E307ED20E7037F0122EFB400
:10C33000100BEC30E707ED20E7037F01227F00229E
:10C34000900042EA1201BCC5FD1201C297EF700DC8
:10C3500078317669087661087670438F020201C9E8
:10C360009175F0EAED900008C812016A5B70037FD6
:10C37000012212016A535421FFBF01037F01227F72
:10C380000022E412003652EF25E02437F582E4342F
:10C390006012007C2DFF9000625F12003863EF0294
:10C3A00000365290005219E0FEA3E0242BF582746F
:10C3B000523EF583759300E0F59922E475F0010291
:10C3C0000036CE90005F24E0FF90005200E0900025
:10C3D000302393FEEF4E90005F24F0A3E04EF00276
:10C3E00001AD631200C0B11200BFC4540660131245
:10C3F00000C0B11200BFC454F9F0E4FB7D03120188
:10C40000AA24227B017A6479F1900062287402F0F8
:10C410007D9E1201743E900064F2E07F0030E502E0
:10C420007F0122EF75F07BA4FF90005CFAE02FFF04
:10C4300090005CF9E035F0FEEF2480FFE43EFE0260
:10C44000004A3112003883A2AF9224C2AF2290007A
:10C45000633D7402F07F04229000633D7401F0E4B8
:10C46000FF22CCEFCCCFEDCFEFC454F04481FECF10
:10C47000ECCFFD1201BB42CEEBCECDEECD0201BB27
:10C4800042E49000655912017134120170EAFD7B9B
:10C49000017A657959900062217401F0020180539C
:10C4A00090003106E0FFC394084013EF9408120196
:10C4B0000FE38002C333D8FC4E9000609CF02290C2
:10C4C000006543EFF0A3EDF0FBE4FD12018C9990C1
:10C4D000006543E0FFA3E0FB7D0102018C99CEEDF6
:10C4E000CE12009FA2CDEFCD90006388EEF0120136
:10C4F000B38F12009E2E7F520201B48A900051E346
:10C50000E020E71590005D031200BF647401F0A302
:10C51000E41200BDB012012DD922900064DC740138
:10C52000F0900064DB7490F07C647DDB7B027F0C18
:10C530001201C554D2EB22A2AF923AC2AF8FDACF2A
:10C54000EBCF1BEF60091201AAF6E5DBF080F0A249
:10C550003A92AF22A2AF923AC2AFCEEBCE1BEE60C0
:10C56000091201AAF6E0F5DB80F08FDAA23A92AF69
:10C570002212007ECF401512007C711200798B745C
:10C580000212007A78FB7F0312012DD92212007E5D
:10C59000CF401512007C711200798B740312007A5F
:10C5A00078FB7F0312012DD92212007ECF40151295
:10C5B000007C711200798B740E12007A78FB7F0375
:10C5C00012012DD92212007ECF401512007C71126B
:10C5D00000798B740612007A78FB7F0312012DD943
:10C5E0002290006573EFF0E4FF1201ADAC7F011201
:10C5F00001BDD890006573E0FF0201B9E11201BCF2
:10C600005D90006121E054C0FCF0EF4D4CF0120150
:10C61000BC52EF24FF92EA221200C0B11200BFC444
:10C6200030E40F1200C0B11200BFC430E1041201A7
:10C63000B44C22EFC39408401474F82F12010FE396
:10C640008002C333D8FCF45E9000609CF022EF4E71
:10C650006015C3EF94AEEE9415400CEF94AEEE94DB
:10C660002D50041201198622EFC3940350131201B6
:10C670009CB912003863E94A4B600690005D47EFB1
:10C68000F0227E007F607D007B017A5D79CE120012
:10C690003A81E490005DCCF0A3F02290005209EFC3
:10C6A000F0CFEDCFA3E4F0A3EFF07B017A52790550
:10C6B00002019E0F12015C2B601212015BF4120149
:10C6C000C69B900050AAE0FF1201C1782212015CC3
:10C6D0002B601212015BF41201C69B900050AAE07D
:10C6E000FF1201C17822EFC39D501174AA2F1201CD
:10C6F0005B9D30E004EF04FF220F80EA7F00229070
:10C70000006567EFF0FD7F021201AB58900065678E
:10C71000120114F8020197A090005D17E0FE74ABBF
:10C720002F1200BC8AF4FDEE5D1200BF49E05DF0FF
:10C7300022900051E3E030E71090005D031200BE4C
:10C74000CD1200BDB012012DD922900042EA120193
:10C750005BA990004B7193FDE4FB12010BB3020146
:10C76000C991E4FF1200C0B11200BFC420E1037FF1
:10C7700000220FEFB404ED7F0122E4FF1200C28B10
:10C780001200C04F7004EF04FF220FEFB407ED7FDB
:10C79000002220220AD221E490005E86F0A3F0124B
:10C7A00001C991E490005E8AF0229000656FEFF07D
:10C7B0007F01120174EA9000656FE0FFE4FD020161
:10C7C000C2B9E4900064E0F07B017A6479E0900003
:10C7D000633D04F0FF0201B8DD75F078EF900032A0
:10C7E0006F1200798B12007DFB7F0060027F0122B7
:10C7F000E490005CC9F090005CF7F090005CFFF002
:10C80000A3F0A3F0C21A2290005D01E06F700E1237
:10C8100000BCF612003A81E490005D01F02274AB96
:10C820002F1200BC8AFF90005D17E05F6006900049
:10C830005CF5EDF022900050BCE0FE30E10C20E60B
:10C8400003201306D2131201C6B4227F1212009CD9
:10C85000D5E020E704EF04FF220FEFB41AEF7F00CA
:10C86000227B827AD17965120044817E007D00129C
:10C8700000BCF802003A817B827ACE793802003817
:10C8800083FA1200362090005FA0F022740D2FF57D
:10C8900082E4345D1200BC8F60067DFE1201C4BFCD
:10C8A0002274AB2F1200BC8AFF90005CF4E05F7F23
:10C8B0000060027F0122ED900057BBB40104E04FFD
:10C8C000F022E0FEEFF4FFEE5FF022EF600F900049
:10C8D0005200E06D6007CFEDCF1201C6B4227B821B
:10C8E0007AD3790E90005FA0E4F0A3EFF002004449
:10C8F00081900051E3E020E405A3E030E3037F00F2
:10C90000227F01227B827AD579DD120044811201D7
:10C910005C0E020173907B827A1C79711201BF391F
:10C9200090005953EFF02290005F73EFF07B017A93
:10C930005F796F02019E0F900060A2EFF07B017A99
:10C9400060799E02019E0F7B017A4C79DC12019284
:10C9500060FF0201B97990005CEEE054CEF0E49003
:10C96000005D05F0221201CA0CEF60037F00221265
:10C9700000BD5122EFC39403500812019CB912006C
:10C98000388322E47843F618F6900064DDF0A3F0D3
:10C9900022900049C1E012014CD5E04420F02290E1
:10C9A0000049C1E012014CD5E04480F02278317694
:10C9B00069087661087670438F022212009F9744BF
:10C9C00003F5C7E4F5C6D2E82212009F974401F5AB
:10C9D000C7E4F5C6D2E8221200BEE57D0112017659
:10C9E000E60201C991900050ADE07F0030E2027F85
:10C9F0000122900050ADE07F0030E2027F0122CFA3
:10CA0000EDCF12013FBD7F0102016365900051E34C
:10CA1000E07F0030E4027F01221200C0B11200BFAB
:10CA2000C454F9F0221200BEE51201C88C0201C9FB
:10CA3000917E007D001200BE7F02003A81EF7004FB
:10CA40000201C7311201C4FC229000654B740FF043
:10CA50000201C7C2F58EF5D275D102F5E322EFFAD5
:10CA6000EE2400FFE43AFE2212014CD4E04420F010
:10CA700022784A76000876402290006468E024FF1D
:10CA800022C2B1C28CD28C32E4FE1201A0A922E4EF
:10CA9000900060ABF022020161070201A6B9020119
:10CAA000ADAC0201C6B4EA494B22EA494B22EA493D
:10CAB0004B2222415F285248293A503A25642C28BB
:10CAC00053743D3078253032782C43683D307825DA
:10CAD000303278293D3E00666F726365004F76659F
:10CAE000722063757272656E74206F636375727302
:10CAF0002C20506F7274203D202562750A0D004D68
:10CB00006F6E69746F72204843206163746976693F
:10CB100074792E2E2E0A0D00436C65617220506FC1
:10CB200072742E2E0A0D004F766572206375727234
:10CB3000656E7420636C6561722C20506F72742076
:10CB40003D202562750A0D0040436F6E6E6563746B
:10CB50005F4368402C436F6E6E6563743D25730AB6
:10CB60000D0059004E004E6578743D3E5265736568
:10CB7000740A0D004F7665724D617844657669637D
:10CB800065733D3E49676E6F7265202562780A0DB8
:10CB900000536B69700A0D0040506F72745F456EF0
:10CBA00061626C655F4368402C456E61626C653DF7
:10CBB00025730A0D00404F7065726174696F6E3D98
:10CBC0003E526573657420506F72740A0D004050B8
:10CBD0006F72745F53757370656E645F4368402C49
:10CBE00053757370656E643D25732C00456E7465D6
:10CBF000722053757370656E64204D6F64650A0D05
:10CC0000004C656176652053757370656E64204DC8
:10CC10006F64650A0D0040506F72745F52657365F2
:10CC2000745F4368402C444F4E45002C456E616252
:10CC30006C653D25732C436F6E6E6563743D257383
:10CC40002C00446576696E783A2562642C4E6578CE
:10CC50007428456E756D6572617465290A0D00450D
:10CC600072726F7220436F6E646974696F6E0A0D21
:10CC700000425F285248293A503A25642C285374C0
:10CC80003D3078253032782C43683D30782530327D
:10CC900078293D3E00436F6E6E6563742043686182
:10CCA0006E6765640A0D00526573657420436861A0
:10CCB0006E67650A0D0055534248433A40506F7203
:10CCC0007428256275292C506F7765724F6E0A0D96
:10CCD000003055534248433A506F727428256429F6
:10CCE0002C52657365742025642054696D65732E1C
:10CCF0002E0A0D003155534248433A506F72742842
:10CD00002564292C52657365742025642054696D4F
:10CD100065732E2E0A0D0055534248433A43616E07
:10CD200063656C20726573657420666F722064653C
:10CD30007669636520646973636F6E6E656374659D
:10CD4000640A0D002D2D2D2D2062746E5F737461A9
:10CD500074653A256278202D2D2D2D0A0D00504F37
:10CD60005254315F322053637265656E20526F6199
:10CD70006D696E67204D6F64650A0D00504F525407
:10CD8000335F342053637265656E20526F616D6945
:10CD90006E67204D6F64650A0D00504F52545F411D
:10CDA0004C4C2053637265656E20526F616D696EE5
:10CDB00067204D6F64650A0D00504F52545F414C1F
:10CDC0004C2053637265656E2053594E43204D6F5E
:10CDD00064650A0D00212121206D5F6D616C6C6F0F
:10CDE0006328256275293D25643A4552524F522CDD
:10CDF0006E6F7420656E6F756768206D656D6F72FC
:10CE000079207370616365202121210A0D000A0DCC
:10CE1000415349583638303034204B4D282573293A
:10CE2000202D2056657273696F6E3A25732C44610C
:10CE300074653A25730A0D00322E312E332E3400DC
:10CE4000323032332D30352D323400436869702052
:10CE50005265766973696F6E3A202562780D0A0013
:10CE60000A0D002053797374656D20496E666F72E8
:10CE70006D6169746F6E3A0A0D00202028762920B2
:10CE8000555342204B4220446174612050617273BB
:10CE9000657220456E67696E6520537570706F729C
:10CEA000740A0D00202028762920555342204D4F2A
:10CEB000555345204461746120506172736572203E
:10CEC000456E67696E6520537570706F72740A0DD8
:10CED000002020287829205553422053746F726116
:10CEE0006765204465766963653A4E4F0A0D0020F8
:10CEF000202878292055534220417564696F2044C9
:10CF000065766963653A4E4F0A0D00202028762920
:10CF1000205553422047656E657269632048494435
:10CF2000204465766963653A5965730A0D00535963
:10CF3000533A4D6F75736520537769746368204D5C
:10CF40006F6465204F6E0A0D005359533A4D6F754B
:10CF5000736520436F6F7264696E617465696F6E8B
:10CF60002052656C6174697665204D6F64650A0DA9
:10CF7000005359533A4D6F75736520436F6F726458
:10CF8000696E617465696F6E204162736F6C757450
:10CF900065204D6F64650A0D004D6F757365204106
:10CFA00063726F657373204D6F64650A0D004D6F7A
:10CFB0007573652053796E63204D6F6465204F6EE5
:10CFC0000A0D005B00253032627820002530326285
:10CFD000785D004D6F75736520526F616D696E6786
:10CFE000204D6F64652053746172740A0D004D6F9B
:10CFF00075736520526F616D696E67204D6F646552
:10D000002053746F700A0D00537769746368204D64
:10D010006F64652053746172740A0D004B4D205388
:10D02000796E63204D6F64652053746172740A0DCC
:10D03000004B4D2053796E63204D6F64652053740F
:10D040006F700A0D005B46756E3D25303262785D6B
:10D050000053696E676C652053637265656E20527C
:10D060006F616D696E67204D6F64650A0D005175C3
:10D0700061642053637265656E20526F616D696EE5
:10D0800067204D6F64650A0D005B53656E64203A3E
:10D090002025303262785D0A0D005B4B202530324E
:10D0A00062782025303262785D005B535F696E6480
:10D0B00065783D2562752C73697A653D2562755DDD
:10D0C00000476F204162736F6C757465204D6F640B
:10D0D000650A0D004D53486F746B6579203A2047FF
:10D0E0006F2052656C6174697665204D6F64650AC6
:10D0F0000D0053657420526570617465204163743E
:10D100006976655B2562755D282530326278293A3B
:10D110002562750A0D00466F726B20506F72743A6B
:10D120002562750053796E6320506F7274204164DC
:10D13000643A2562750A0D0053796E6320506F7250
:10D140007420436C6561723A2562750A0D004D6169
:10D150006E7566616374757265722044656661758B
:10D160006C740A0D0053746F702053796E632052F3
:10D170006570656174205374617475730A0D0043A2
:10D180006C65617220416C6C207265706561742001
:10D190006B65793A2562750A0D0053746F702050E3
:10D1A0006F72743A25627520526570656174205300
:10D1B00074617475730A0D0053657420726570652F
:10D1C0006174206B65793D25303262780A0D005418
:10D1D00041534B5F4576656E745F4D61696E2829DA
:10D1E0003A202121212053595354454D2045525274
:10D1F0004F523A5441534B5F4556454E54204F567B
:10D200004552464C4F575B2562755D202121210A0E
:10D210000D002121212053595354454D2045525290
:10D220004F523A5441534B5F555342204F5645524B
:10D23000464C4F57202121210A0D005441534B5F8A
:10D2400041637469766528293A20212121205359A8
:10D250005354454D204552524F523A5441534B5F1F
:10D260004556454E54204F564552464C4F575B2528
:10D2700062755D202121210A0D00212121205359B1
:10D280005354454D204552524F523A5441534B5FEF
:10D290004D535F494E54455256414C204F564552CE
:10D2A000464C4F57202121210A0D002121212054D5
:10D2B00041534B5F4552524F523A5441534B5F4D8D
:10D2C000616C6C6F6328292C4E4F204652454520D7
:10D2D0004944202121210A0D004040454E5540403F
:10D2E000204552524F523A446576696E783A25622B
:10D2F000642C536B6970204E65787420436C6173A5
:10D300007320456E756D65726174650A0D00555325
:10D31000424843204572726F72282564293A4D6550
:10D320006D6F727920416C6C6F63204661696C751A
:10D3300072650A0D003E204D4F554E543A20284448
:10D34000433A487562505F49643D2562752C4875C3
:10D3500062446576696E783D256275292844657654
:10D36000696E783D2562782C487562506F727449F9
:10D37000643D2562752C436C6173733D30782530B4
:10D38000326278292844435F4D61736B3D307825C4
:10D3900030326278290A0D002D2D2D2D2062746EF9
:10D3A0005F73746174653A256278202D2D2D2D0AE6
:10D3B0000D00504F5254315F322053637265656ED9
:10D3C00020526F616D696E67204D6F64650A0D00B4
:10D3D000504F5254335F342053637265656E205250
:10D3E0006F616D696E67204D6F64650A0D00504F67
:10D3F00052545F414C4C2053637265656E20526FEE
:10D40000616D696E67204D6F64650A0D00504F5263
:10D41000545F414C4C2053637265656E2053594EE6
:10D4200043204D6F64650A0D00436C6561722053A3
:10D4300074617274080D00636C61725F6120005545
:10D44000534248435F434F52455F436C6561725F8F
:10D4500044657669636528293A44783D2562642CE1
:10D4600043623D3078256C78204E6F74204E554CC9
:10D470004C21210A0D00636C61725F622000636CB5
:10D4800061725F632000636C61725F642000636C93
:10D4900061725F652000636C61725F6620004855B1
:10D4A000425F52656D6F7665446576696E783A20A5
:10D4B0004552524F52282562752C25303262782908
:10D4C0000D0A003E204B564D3A446576696E783D14
:10D4D00025627820436C617373202562782C434C5D
:10D4E000454152207265676973746572202E2E0A59
:10D4F0000D005461626C65204E554C4C0A0D005075
:10D500006172736572204661696C3A30310A0D00B0
:10D51000506172736572204661696C3A30340A0D4D
:10D5200000506172736572204661696C3A30350A49
:10D530000D004C4544204E554C4C00636C656172A7
:10D540005F64635F613A2562752000636C65617298
:10D550005F64635F623A2562752000636C65617287
:10D560005F64635F633A25627520000A0D005B56B5
:10D5700069727475616C204855425D20564944209B
:10D580003D20253034782C20504944203D20253042
:10D5900034780A0D004F4E455F544852454520539C
:10D5A000637265656E20526F616D696E67204D6FA5
:10D5B00064653A2562750A0D0057726F6E672070B8
:10D5C0006172746974696F6E206E756D6265722127
:10D5D0000A0D003C503A2562753E0A0D00666C61EA
:10D5E00073682077726974650A0D002825642D25FB
:10D5F00064290A0D007C25642D25303262787C0078
:10D600004052532D323332204020257320627073F4
:03D610000A0D0000
:00000001FF
