:020000040000FA
:1000000002010001020408000101000201B19C008C
:100010000100020004000800100102040849430026
:10002000EF222202015813E4FE120183C4CEEFCE68
:10003000CFCF220201675902016064020118F70262
:1000400001AAB602008CAA02018DB802013756023D
:10005000019AFC0201A9630201AEAA0201A51F9048
:10006000909090010204080FA0A0A0A001100440ED
:1000700055A0A0A0A002200880120128B22222FFD1
:1000800090006714120013CE7810EC4D4E4F7004A0
:100090007CA57DA5C3EC13FCED13FDEE13FEEF1361
:1000A000FF5010EC64CCFCED644CFDEE644EFEEFB2
:1000B00064CEFFD8DF90006714120013E6EE547F81
:1000C000FE2290006714EEF0EFA3F0A374A5F0A356
:1000D000F02275F003A42486F582E43460F583757C
:1000E00093002275F003A42488F582E43460F5833C
:1000F00075930022F090006085E004F0C394202204
:1001000075EBAA75EB55759D02787FE4F6D8FD90E6
:100110000000007F007E807D01E4F0A3DFFCDEFABA
:10012000DDF8750F7E7510FF75814D02001B84414F
:1001300063E9004163F2004163ED004163EC00417B
:1001400063F3004163F10041681C004249C70000AD
:100150004249D400004249D200004149C900424905
:10016000C300004249CC00004249CA00004249C5D0
:1001700000004249D000004249CE00000143004146
:1001800067AA004167AB004147F00060904F320022
:1001900042003E3C3A3B456843413F3D2B35676951
:1001A000E2E188E0141E006A001D16041A1F006BAD
:1001B000061B070821208C6C2C1909171522686D65
:1001C00011050B0A1C23696E00100D1824256A6F97
:1001D000360E0C122726007037380F33132D00719E
:1001E0008734032F2E007239E52830003100940047
:1001F0006493928A002A8B0059895C5F85000062B3
:10020000635A5D5E60295344575B56556147000051
:1002100000004046000000000000000000000060F8
:10022000A54E8D000000000000000000000000004E
:10023000000000BEE60000E4B40000C400000000BE
:100240000000E3C3B900B7000000E7C20000BC0033
:10025000920065C100B800B60000B0C000BFB50094
:100260000000B1BD00000000000000BB0054000011
:10027000B30000BA000000000000000000580000B9
:1002800000B2000000000000006600004D00504A6F
:10029000000000494C51004F52004800004E0046FB
:1002A0004B480004010244453A3B3C3D3E3F40413F
:1002B0001E1F200000000000787665756677747E4A
:1002C000797A7C7D7B7F8180603F4D0602810002D0
:1002D000820002830003B50003B60003B70003CD1C
:1002E0000003E20003E90003EA00038301038A013B
:1002F0000392010394010321020323020324020356
:100300002502032602032702032A024153D6014194
:10031000552E0041527E0041552D004153D80041D9
:10032000527F0049552F0000000000001E001E4EA5
:100330005F610047014700470147F000F100FF00FF
:100340004E5F5100E001E000E001E0F000F100FF4D
:1003500000604F5EDB0924800617150F450001047D
:10036000014501040327203A0331203C0332203B9E
:100370000333203E0334203D0336201D0329204251
:1003800003302043071640130A4500010A0CA00958
:100390000F04160B5E2858040E4828580620201813
:1003A0005E2858FF415F7100415ED600415ED20079
:1003B000415F6000415F7300415EDA00415ED8003A
:1003C000415F5F00415ED500486141001020304030
:1003D0005060704861898081828384858687486106
:1003E00091909192939495969760406149A0A1A2B3
:1003F000A3A4A5A6A7A8A9AAABACADAEAFB0B1B255
:10040000B3B4B5B6B7B8B9BABBBCBDBEBFC0C1C244
:10041000C3C4C5C6C7C8C9CACBCCCDCECFD0D1D234
:10042000D3D4D5D6D7D8D9DADBDCDDDEDF4162F331
:100430000041630900416308004162F20044630423
:1004400000000000526072120101010900000895CD
:100450000B0468120001020301604060322A035657
:1004600000690072007400750061006C0020004893
:10047000005500420020005600650072003A00302E
:10048000002E0030003100000000000000000000DD
:10049000000000000000000000000000006020607C
:1004A000120A034D0054004B002000000000000021
:1004B000000000000000000000000000000000003C
:1004C000005257D01201100100000008950B066879
:1004D000020001020301605457E2090254000301C3
:1004E00000A001090400000103010100092110011D
:1004F0000001223F000705810308000109040100F3
:100500000103010200092110010001226E0007050C
:10051000820307000109040200010301020009210E
:1005200010010001225D0007058303070001603F01
:10053000583A05010906A101050719E029E7150048
:1005400025017501950881029501750881019505C0
:10055000750105081901290591029501750391019D
:10056000950675081500256805071900296881009A
:10057000C0606E587905010902A10185010901A138
:100580000105091901290515002501750195058148
:1005900002750395018101050109300931093815FA
:1005A00081257F750895038106C0C005010980A1DA
:1005B000018502050119812983150025019503751F
:1005C000018106950175058101C0050C0901A10194
:1005D000850319002A3C021500263C02751095017E
:1005E0008100C0605D58E705010902A10185040989
:1005F00001A10005091901290515002501750195BD
:1006000005810275019503810175089501050109B0
:10061000381581257F8106C00901A1000501093037
:10062000150026000435004600047510950181026E
:1006300009311500260003350046000375109501A9
:100640008102C0C044583604030904602259A42220
:10065000034100530049005800200045006C00652C
:10066000006300740072006F006E00690063007325
:1006700000604059642A03560069007200740075D6
:100680000061006C00200048004900440020005632
:1006900000650072003A0030002E0030003100008A
:1006A000000000000000000000000000000000004A
:1006B0000000000000602059440A03410053004933
:1006C00000580000000000000000000000000000D2
:1006D0000000000000000000004430F101020408A6
:1006E0005430DD14034D006900630072006F007325
:1006F000006F0066007400485DB401020408102019
:100700004080445CB31A1C1E20445CAE12141618C0
:10071000425CE90000C11CC11AC11B415CE80041F8
:100720005CB707415CB20049634803000000000069
:10073000000000415E9900602A5EA60081008200F0
:100740008300B500B600B700CD00E200E900EA0181
:1007500083018A01920194022102230224022502CC
:10076000260227022A49623F0000000000006400C0
:100770006449622D0000000000000200024F62A8E0
:1007800020FF803F00000000000000000000004F3C
:10079000628B20FF800000000000000000000000CD
:1007A0000047629A10000F200900004762A1100064
:1007B0000F2000000042670009DA42670290C05A29
:1007C0004FE60001000100010001000100010001ED
:1007D0000004002000640032001900115A4FCC00C0
:1007E0000100010001000100010001000100020000
:1007F0001000320019000C00084D5270080C10183F
:1008000020305E1A1A646464644D51630406080C57
:1008100010182F1A1A64646464424FC900004250D1
:100820000700004250050000414FCB00424FC70077
:100830000042500300004250010000414FC30041FC
:10084000527D00605A500931324D000000384D0091
:10085000000000364D00000000344D000000003361
:100860004D00000000324D00000000314D0000003E
:10087000003932314B00003131354B000039363010
:100880003000003139323030003338343030003508
:10089000373630300000000000000000000000008B
:1008A00000C11FC11DC11E41601100415FAA01416D
:1008B0005FFC01415FB60F415FB800415FA7014196
:1008C0005FF100415F9F47415F7C0041600300444E
:1008D0005FA100000000415F7D00415FF2004160C8
:1008E0000400415FB300485FE10000000000000029
:1008F00000415FA600425FFD0200426000018042AD
:10090000600500004F5FCA0000000000000000000A
:10091000000000000000415FFF00485FD9039C0316
:100920009C00640064485FE9029C0064029C0064CF
:10093000415FAD004157CF0060C0563C0000000051
:10094000000101010001000182484800010101018C
:1009500001020182484800010201010102018248AE
:100960004803010301030103018248480001020317
:10097000000101010001000182484800010101015C
:10098000010201824848000102010101020182487E
:1009900048030103010301030182484801020003E7
:1009A0000101000102010001824848010102010128
:1009B000010101824848010102010201000182484F
:1009C00048030103010301030182484802000103B7
:1009D00002010001000101018248480201010100F9
:1009E000010101824848020100010201020182481E
:1009F00048030103010301030182484860C056FC1B
:100A000000010203000101010001000181F58300E2
:100A10000101010101020181F583000102010101CF
:100A2000030181F583000103010201030181F583C4
:100A300001020300010100010301000181F58301AE
:100A40000102010101010181F5830101020102019D
:100A5000030181F583010103010201000181F58396
:100A600002030001020100010301010181F583027B
:100A70000101010001010181F5830201030102016D
:100A8000020181F583020103010301000181F58365
:100A900003000102030100010001010181F583034C
:100AA0000101010001020181F5830301020101013D
:100AB000020181F583030100010301030181F58334
:100AC00060F0553C00010203030101010001000137
:100AD00081002200010201010101018100220101C6
:100AE000030102010201810022020100010301034E
:100AF0000181002200010203000101010001020145
:100B000081007E000101010101030181007E0201DB
:100B100003010001020181007E02010301010103C2
:100B20000181007E000102030001010100010001BA
:100B300081007E000101010101010181007E0201AD
:100B400003010201020181007E020103010301038E
:100B50000181007E00000000000000000000000095
:100B60000000000000000000000000000000000085
:100B70000000000000000000000000000000000075
:100B80000000000000000000000000000000000065
:100B90000000000000000000000000000000000055
:100BA0000000000000000000000000000000000045
:100BB00000000000C127C126446101000102034278
:100BC00060E800004260E6000042613F00004160D2
:100BD000FF0060386106AA550601CC330000AA5513
:100BE0000602CC330000AA55070301000000AA55F5
:100BF000050401000000AA55050501000000AA55E2
:100C0000050601000000AA55050701000000004884
:100C100064B80000000000000000EDD2E7CD33EC26
:100C20003392D524814006E4FFFEFDFC22FCE4CF94
:100C3000CECDCC24E0501174FF80EDC3CC13CCCDCD
:100C400013CDCE13CECF13CF0470F030D5DE02001B
:100C5000139AF920E73624F950037907E4F42402C3
:100C6000FBE582158270021583DBF6E024FB501B46
:100C7000E96014E4F0E582158270021583E004F067
:100C8000B40A08E4F0D9EE7401F00A22C2D522EDCC
:100C900033EC3392D5FA602AB4FF33EDC2E77B819F
:100CA00060067A0C79B4E4227A0C79BD20D5047AF6
:100CB0000C79B8224E614E002B494E46002D494E0C
:100CC0004600E47A08F0A3DAFC7B00740722C093A4
:100CD000C083C082ECC0E0EDC0E0EEC0E0EFC0E059
:100CE000EA75F010A4CAABF075F04DA42BFBE43507
:100CF000F0FCEA2410FAEB34C5FBEC34D9FCEDC26D
:100D0000E7FF75F056A4F42411C5F0F434C58FF054
:100D1000A42AE5F03BE43CF020E71612001080D056
:100D2000E0FFD0E0FED0E0FDD0E0FC12000FAE808E
:100D300016F40412001080D0E0FFD0E0FED0E0FDF9
:100D4000D0E0FC12000E9CD082D083D093E0FAED6C
:100D5000D2E7CD33EC332482FBE4C3CF33CFCE33A1
:100D6000CECD33CD33DBF37B0775F00A846004F01E
:100D7000A31B0AE5F0F0A38FF0740AA4FFACF08E79
:100D8000F0740AA42CFEACF050010C8DF0740AA48F
:100D90002CFDE435F0F0A3DBDE740722020010FB2B
:100DA000E86480F8E933E83360110460EFED33EC78
:100DB000337009E8FCE9FDEAFEEBFF220460DDD3B5
:100DC000EB9FEA9EE99DE8C2E78CF0C2F795F04000
:100DD0000CE8CCF8E9CDF9EACEFAEBCFFB12001023
:100DE000C685D0F05804700320D5B1E804700850CF
:100DF00002B2D50200110592D5EC0460F6E4CCC035
:100E0000E0C398F8603C94186009400ED0E0FB0203
:100E10000010DDE4FBFAC9FC8028E830E406E4C9F0
:100E2000FBE4CAFCE830E305E4C9CACBFCE854079C
:100E30006010F8C3E913F9EA13FAEB13FBEC13FCA7
:100E4000D8F130F531C3E49CFCEF9BFFEE9AFEED48
:100E500099FDD0E0FBEF4E4D4C701322DB040200F5
:100E60001102EC2CFCEF33FFEE33FEED33FDED30E1
:100E7000E7EA020010DDEF2BFFEE3AFEED39FDD080
:100E8000E0FB50140BBB000402001105ED13FDEE56
:100E900013FEEF13FFEC13FC020010DDEC4D6011AC
:100EA000E8497018ED33EC3304600DE4FCFFFEFDFF
:100EB00022E933E8330470F8020010FB120010C678
:100EC00058046009E4CC2481500728500B0200111B
:100ED0000528400402001102C0E0EB4A7046B980C8
:100EE00007D0E0FB020010F1EF4E701DBD8008EB53
:100EF000FFEAFEE9FD80EAE98DF0A4FEE5F00200DC
:100F00000F8BE9CDF9EAFEEBFFEF89F0A4FCE5F0E9
:100F1000CE89F0A42EFFE435F0CD89F0A42DFEE4B7
:100F200035F08067EF4E7005BD80D780C2EF8BF043
:100F3000A4ACF0EE8BF0A42CFCE435F0F8EF8AF0D2
:100F4000A42CE5F038FCE433CB8DF0A42CFCE5F0C8
:100F50003BF8EE8AF0A42CFCE5F038F8E433CF89B6
:100F6000F0A42CFCE5F038CF3400CE89F0A42FFF9C
:100F7000E5F03EFEE433C98DF0A42EFEE5F039CD58
:100F80008AF0A42FFFE5F03EFEE43DFD33D0E0FB08
:100F900050080BBB001002001105EC2CFCEF33FFD6
:100FA000EE33FEED33FD020010DD02001105EC5DB5
:100FB000046005E859047004020010FB120010C61A
:100FC000580460F4EC4860F0EC7004FDFEFF22C8A9
:100FD00060D82481C8500AC39860025007020011EB
:100FE000029850C6F582E9294B4A7006AB8202008E
:100FF00010F175F0007C1A7880C3EF9BEE9AED99A2
:10100000400DC3EF9BFFEE9AFEED99FDE842F0DC48
:1010100024ACF0D0E0FFD0E0FED0E0FDAB8220E7D2
:10102000101BEB60B8EC2CFCEF33FFEE33FEED331E
:10103000FD020010DDE803F830E705C0F075F000B0
:10104000EF2FFFEE33FEED33FD40B730E7C180A94F
:101050003F8000004120000042C80000447A0000A8
:10106000461C400047C35000497424004B1896802A
:101070004CBEBC205A0E1BCA6753C21C749DC5AE21
:10108000FB6006540760202323120010B3EB543892
:10109000600C1200109E120010AE12000E9CECF8B4
:1010A000EDF9EEFAEFCB22EB120010AE80F05438DF
:1010B00003241C90001050FE93FC0EEE93FD0EEEE8
:1010C000930ECE93FF22E9D2E7C933E833F892D5E5
:1010D000EDD2E7CD33EC33FC5002B2D522EC30E751
:1010E000100FBF000C0EBE00080DBD00040BEB601E
:1010F00014A2D5EB13FCED92E7FD2274FFFCFDFE7C
:10110000FF22E480F8A2D574FF13FC7D80E480EF19
:10111000EB7008E709F608DFFA801B89828A8314DE
:1011200010E70AF593E0A3F608DFFA8009F593E4E7
:1011300093A3F608DFF9ECFAA9F0EDFB2288F0EFB3
:1011400060010E4E60F088F0ED60C51410E7E7CB4B
:10115000700E88828C838B93E709F0A3DFFA80D628
:101160001410E72A89828A83F593ECFAE0A3C8C5B4
:1011700082C8CCC583CCCBC593CBF0A3C8C582C8ED
:10118000CCC583CCCBC593CBDFE2DEE080AA8982DD
:101190008A83F593ECFAE493A3C8C582C8CCC583CF
:1011A000CCCBC593CBF0A3C8C582C8CCC583CCCB70
:1011B000C593CBDFE1DEDF02001138EB7002E722DE
:1011C00089828A831410E704F593E022F593E4936F
:1011D00022BB000327F722F8EB89828A831410E7E9
:1011E00006F593E028F022F593E4932822BB000251
:1011F000F722BB8000500989828A838B931593F074
:1012000022EF8DF0A4A8F0CF8CF0A428CE8DF0A40E
:101210002EFE22BC000BBE0029EF8DF084FFADF046
:1012200022E4CCF875F008EF2FFFEE33FEEC33FC30
:10123000EE9DEC984005FCEE9DFE0FD5F0E9E4CE66
:10124000FD22EDF8F5F0EE008420D21CFEADF07525
:10125000F008EF2FFFED33FD4007985006D5F0F270
:1012600022C398FD0FD5F0EA22C5F0F8A3E028F0DC
:10127000C5F0F8E582158270021583E038F022EBA4
:101280007007E7F5F009E7192289828A831410E7CD
:1012900008F593E0F5F0A3E022F593E493F5F074FC
:1012A000019322BB0006F709A7F01922BB8000506A
:1012B0000D89828A838B931593F0E5F0A3F022EFDA
:1012C0002BFFEE3AFEED39FDEC38FC2275F0087587
:1012D0008200EF2FFFEE33FECD33CDCC33CCC58271
:1012E00033C5829BED9AEC99E58298400CF582EE2D
:1012F0009BFEED9AFDEC99FC0FD5F0D6E4CEFBE415
:10130000CDFAE4CCF9A88222B800C1B90059BA00DC
:101310002DEC8BF084CFCECDFCE5F0CBF97818EF37
:101320002FFFEE33FEED33FDEC33FCEB33FB10D738
:1013300003994004EB99FB0FD8E5E4F9FA227818F9
:10134000EF2FFFEE33FEED33FDEC33FCC933C91054
:10135000D7059BE99A4007EC9BFCE99AF90FD8E086
:10136000E4C9FAE4CCFB2275F010EF2FFFEE33FE58
:10137000ED33FDCC33CCC833C810D7079BEC9AE8CB
:1013800099400AED9BFDEC9AFCE899F80FD5F0DA4C
:10139000E4CDFBE4CCFAE4C8F922C3E49FFFE49E69
:1013A000FEE49DFDE49CFC22E8600FECC313FCED21
:1013B00013FDEE13FEEF13FFD8F122E8600FEFC329
:1013C00033FFEE33FEED33FDEC33FCD8F122E0FCCD
:1013D000A3E0FDA3E0FEA3E0FF22E0F8A3E0F9A371
:1013E000E0FAA3E0FB22ECF0A3EDF0A3EEF0A3EF14
:1013F000F022A42582F582E5F03583F58322E0FB17
:10140000A3E0FAA3E0F922F8E0FBA3A3E0F925F0BA
:10141000F0E582158270021583E0FA38F022EBF0D5
:10142000A3EAF0A3E9F022EB7006E9F80200164304
:1014300089828A831410E706F593020013FEF59360
:1014400002001655BB001CD093D0F0D0E0F8D0E0DD
:10145000C9FBD0E0FAD0E0CBC8C0E0C0F0C0930236
:1014600000164CBB80005022D093D0F0D0E0F8D0D2
:10147000E0C9F582D0E0CAF583D0E0CB14C8C0E063
:10148000C0F0C09388930200141ED093D083D08202
:10149000D0E0D0E0D0E0E473D093D083D082F8E401
:1014A000937012740193700DA3A393F8740193F5D4
:1014B000828883E4737402936860EFA3A3A380DF40
:1014C0008B938A838982159353937FE473EB700C1B
:1014D00087F009E608B5F019DFF6801589828A835E
:1014E0001410E711F593E0F5F0A3E608B5F002DF7C
:1014F000F50200157EF593E493F5F0A3E608B5F048
:101500007DDFF48079CB701388828C838B9387F096
:1015100009E493A3B5F067DFF580631410E7308921
:10152000828A83F593ECFAE0F5F0A3C8C582C8CCB3
:10153000C583CCCBC593CBE493A3C8C582C8CCC527
:1015400083CCCBC593CBB5F035DFDCDEDA802F89D9
:10155000828A83F593ECFAE493F5F0A3C8C582C8B8
:10156000CCC583CCCBC593CBE493A3C8C582C8CCF0
:10157000C583CCCBC593CBB5F004DFDBDED97FFFD1
:10158000B5F0020F2240027F0122020014CD0200BA
:10159000150588F0EF60010E4E60EEED60EC141062
:1015A000E7ECCB701288828C83F59387F009E0A377
:1015B000B5F0CBDFF680C71410E72F89828A83F558
:1015C00093ECFAE0F5F0A3C8C582C8CCC583CCCBB8
:1015D000C593CBE0A3C8C582C8CCC583CCCBC5938B
:1015E000CBB5F09ADFDDDEDB809489828A83F593C8
:1015F000ECFAE493F5F0A3C8C582C8CCC583CCCB84
:10160000C593CBE0A3C8C582C8CCC583CCCBC5935A
:10161000CBB5F004DFDCDEDA0200157EEF4E60228F
:10162000EF60010EEDBB0007F709DFFCA9F022BB5C
:101630008000500E89828A838B931593F0A3DFFC80
:10164000DEFA22E6FB08E6FA08E6F922EBF608EAFB
:10165000F608E9F622E493FB740193FA740293F915
:1016600022E508245EF582E43462F583759300E098
:101670000508229000625B3007049000625EE4750A
:10168000F00112001407020011BB2000E57F2ED2EA
:10169000008018EF540F2490D43440D4FF30040B52
:1016A000EF24BFB41A0050032461FFE5096002155E
:1016B00009050CE50C7002050B3007119000625B08
:1016C000E475F00112001407EF020011ED020000B2
:1016D000277403D2078003E4C207F5089000625B19
:1016E0001200141EE4F509F50BF50CE50960087FFE
:1016F00020120016AB80F4750AFFC201C200C202BC
:10170000C203C205C206C20812001673FF700E3073
:1017100007067F00120016BCAF0CAE0B22B4256387
:10172000C2D5C20412001673FF24D0B40A00501AA6
:1017300075F00A780930D50508B6FF0106C6A4265B
:10174000F620D5047002D20380D824CFB41A00EF5B
:101750005004C2E5D204020019F9D20180C4D200BB
:1017600080BED20280BAD2D580B8D20580B27F20A6
:10177000120016AB2002077401B5090040F01200F8
:101780001661FF120016AB020016EBD208D20680DB
:101790008F12001661FB12001661FA12001661F931
:1017A0004A4B700679067A1B7B8120023DE5096071
:1017B000397E00E9C0E02EF9EAC0E03400FA1200F8
:1017C00011BBF9D0E0FAD0E0C960060EEE650A70F0
:1017D000E2C2D5EBC0E0EAC0E0E9C0E0EE12001AD8
:1017E00061D0E0F9D0E0FAD0E0FB120011BBFF605D
:1017F00096EBC0E0EAC0E0E9C0E0120016ABD0E032
:101800002401F9D0E03400FAD0E0FBE50A0460DA04
:10181000D50AD702001787D202808F12001A3D60C6
:10182000F6E50A70010412000C52A90A600EE50ADE
:10183000600A14F50A12001AF0EF60F2EA30E702CB
:10184000F404C3994004020018D0EAF4250A0430D5
:10185000E701E404F50A800F12001A3D60B9EA05B9
:101860000A250A12000C52EA9000628AF030E70161
:10187000E4250A04D50A042005011412001A61E4C3
:10188000C0E012001AF09000628AE0601420E708BD
:1018900014F012001693802604F0D0E014C0E07F0C
:1018A0000012001693E50A60081200168A150A80D5
:1018B0000D3005041200168AD0E0020016EBD0E0CD
:1018C0000480BD12001A3D6093E50A0412000C5218
:1018D0009000628AEAF0E50A20050260010424040F
:1018E00012001A6174FF04C0E012001AF012001610
:1018F00093E50A20050260041200168AD0E0B50ABA
:10190000E57F451200169D9000628AE07F2B30E74C
:10191000047F2DF404C0E0120016ABD0E075F00A8D
:1019200084C0F012001694D0E01200169402001643
:10193000EB791080027908C206C2088008D2D579F6
:101940000A8004790AC2D5E50A047002F50AE4FAAD
:10195000FDFEFF12001661FC7B0820011612001626
:1019600061FD7B1030000C12001661FE1200166142
:10197000FF7B20EC3382D592D55013C3E4300006B0
:101980009FFFE49EFEE42001039DFDE49CFCE4CB6C
:10199000F8C201EC700CCFCECDCCE824F8F870F38F
:1019A0008017C3EF33FFEE33FEED33FDEC33FCEB7A
:1019B00033FB994002FB0FD8E9EB300105F8D0E08A
:1019C000C448B201C0E00AEC4D4E4F78207B007055
:1019D000C2EAB50A0040BCC0E012001A63D0F0D0E1
:1019E000E0200104C4C0E0C4B201C0F012001694AB
:1019F000D0F0D5F0EA020016EB12001498179153BC
:101A0000193158175E4C175A4219354F193D441970
:101A10003D4917744319435518584618C345181BB8
:101A2000471B235017622D17662E178D2B176A231D
:101A3000178B201B0F2A17204800001783E50AB4D4
:101A4000FF03750A0612001661FC12001661FD12F2
:101A5000001661FE12001661FF9000628302000C06
:101A60008F790AA2D5200314300509B910020404A5
:101A7000B9080104A2D520060250010420026D928B
:101A800002B509005036C0E07F2030031A7F30A233
:101A90000272067205501012001ABCC202C206C2BF
:101AA00005C2087F308010300503E9C0E01200163F
:101AB000AB300503D0E0F9D0E0B509CA3005197F95
:101AC00030B9100D120016AB7F583004077F7880B4
:101AD00003B90804120016AB3002067F2D0200166F
:101AE000AB7F202008F77F2B2006F222920280CCC9
:101AF0007F00B40700500E2483F582E43462F5833E
:101B0000759300E0FF22286E756C6C2900D20112DB
:101B10000016613001F7C201780930D50108F602DC
:101B2000001720120016617F4960087F4310E7020A
:101B30007F5814C0E0EF1200169C743A1200169CF5
:101B4000D0E0600DC0E0C412001694D0E012001680
:101B500094D2037509040200193102010E26E493A0
:101B6000A3F85407240CC8C333C4540F4420C883BB
:101B70004004F456800146F6DFE4800C01020408BC
:101B8000102040809000012FE47E019360CCA3FFE1
:101B9000543F30E509541FFEE493A360010ECF5477
:101BA000E0B4E026E493FBA3E493FAA3E493F9A35F
:101BB000E493C083C082120011EDD082D083A309C8
:101BC000E970010ADFEADEE880BE54C025E0602B40
:101BD000408CE493A3FAE493A3F8E493A3C8C582EA
:101BE000C8CAC583CA759300F0A3759300C8C5829F
:101BF000C8CAC583CADFE3DEE1808DE493A3F8E4BD
:101C000093A34003F68001F208DFF402001B880270
:101C100000200082FF000000000200200082FF0080
:101C20000000000200200082FF00000000020020EF
:101C30000082F0002000320200200082FF0000003D
:101C4000000500200082F0002000640200200082D5
:101C5000FF000000000200200082F0002000640568
:101C600000200082FF000000000500200082FF002D
:101C700000000005002003E8FF0000000005002030
:101C800000C8FF000000000200200082F0002000D9
:101C9000640200200082F000200064020020008224
:101CA000F000200064FF0000000005000803E8F0D9
:101CB000002001F4FF0000000009021900010100EA
:101CC000E03209040000010900000007058103015A
:101CD00000FF04030904220320004D0054004B00C0
:101CE000200045006C0065006300740072006F0006
:101CF0006E006900630073000929071000320100BB
:101D0000FF000000000000000000000000000000D4
:101D100000000000000000000000000000000000C3
:101D2000000101010101010001000700080604147F
:101D3000247484940818288090A0C0900061E7EF74
:101D4000F0A3EDF0A31200141EC20EC20FC210C207
:101D500011C212E4900061F2F0900061F4F0A3F07F
:101D6000C224900061E7E0FF90005E14F0900061F3
:101D7000E8E0FEEF12005BE8EF2583F583E5822EB5
:101D8000F582E435831200588CFF7E0064017004F4
:101D9000D2118060EF64024E6004EF4E7056D21292
:101DA00090005EA2E0FFA3E090006221CFF0A3EFDD
:101DB000F090005EA4E0FFA3E090006223CFF0A3C8
:101DC000EFF07E007F0C7D007B017A5E799A120035
:101DD000161C90006221E0FFA3E090005EA2CFF00D
:101DE000A3EFF090006223E0FFA3E090005EA4CF99
:101DF000F0A3EFF07E007F107D007B017A6179FF18
:101E00001200161C900061E712005805120058FDE0
:101E1000700A7B827ABD7970020016D7900061E764
:101E200012005805120013FE80301200585F120095
:101E300011BBFF900061E8E0FE6F6028E924051205
:101E40000057F9E94A4B70030128AC1200585FE9CA
:101E50002408120057F912005BA4900061F91200E7
:101E6000141E80C61200585FE92405120057F9E9D4
:101E70004A4B70030128AC1200585FE92405120098
:101E800057F9900061F61200141EC8EEC8740108DC
:101E90008002C333D8FCFF900061E7E0FE90003180
:101EA0005012005BECEE12005813E05F70079000D8
:101EB00061EDE060283011117B017A5D79C012007C
:101EC0005AB8900061F27402F03012117B017A5E10
:101ED000791512005AB8900061F27403F01200589C
:101EE0005FE92404120057E56041120058E1120036
:101EF00011BBFF900061F6120013FE120011BB6FC0
:101F00006029E92407120057F9EA494B70030128B8
:101F1000AC900061F612005AD9120057F912005B1A
:101F2000A4900061F61200141E80B21200584512EF
:101F3000019D97900061F6120013FEE9240412003F
:101F400057F912005AB8900061F6120059C61200F3
:101F500057E5900061F2F0E490006215F0900061A6
:101F6000F2E0FF90006215E0D39F40030126CF12FC
:101F70000059BA120057E2FF7E0064077002D211C6
:101F8000301138EF64074E600FEF640C4E6009EFBC
:101F900064014E6003012699EF640C4E6017EF64F4
:101FA000014E60030120311200581C120058936446
:101FB0008045F0707CC211D212800330127312007F
:101FC00059BA120057E2FF6401600DEF640960081E
:101FD000EF640C60030126991200581C12005893FC
:101FE000FFAEF064014E6049EF64804E6043EF64E1
:101FF000024E603DEF64304E6037EF64314E603129
:10200000EF64384E602B120059BA120057E2640C8C
:10201000601F1200581C12005893FFAEF064814EEE
:10202000600FEF64824E6009EF64834E6003012607
:1020300099120059BA120011BB64806003012699FD
:102040002011030124941200585FE9240112005763
:10205000F9E94A4B70357D1F7F10FE120184E112B1
:10206000005A88EBC0E0EAC0E0E9C0E01200585F27
:1020700012005A3B120014441200585FE924011266
:102080000057F9E94A4B70030128AC1200581C2490
:1020900001120057E5600764026003012699D20F20
:1020A000E49000621DF01200581C2415120057E540
:1020B000FF6012120057EE1200127F64E045F070CC
:1020C00016D20E80121200581C240D12005895646E
:1020D000E045F07002D20E3025030126D590005362
:1020E000CEE0900061F3F0EF6046120057EEE92475
:1020F00002120057E51200581B2406120057E52F64
:10210000FFE433FE7803EFCEA2E713CE13D8F890A6
:10211000006214120057EDE92402120057E5120084
:10212000581B2406120057E52F90006219F0801505
:102130001200581C2406120057E5FF90006214128A
:10214000005C1FEFF01200581C2408120057E564D1
:102150000160030123A71200581C2409120057E54F
:102160009000621712005C1FE09000621B12005B7F
:102170002C9000621712005B3940030126999000F1
:10218000621BE02EFF90006213F0900061ECE0FE15
:10219000EFD39E4003012699120058E1900062138C
:1021A000E029120057E5FC70030123A0900062199A
:1021B000E02408FE90006218F01200581C24071258
:1021C0000057E5FDEED39D400AED540790006218DC
:1021D000F08007900062187408F09000621AECF02A
:1021E00012005C2A9000621CF012005C5B9000629E
:1021F0001812005AFBFEC39F40030123A074B42EA3
:1022000012005887FF9000621AE05F700301239963
:102210001200581C2415120057E570030122CA123F
:10222000005C2A12005AFC2F9000621EF0E490001D
:10223000621DF01200581C2415120057E5FF900093
:10224000621DE0FEC39F40030122F2120057EEEE32
:1022500012005BF32912005AE3120057E5FD9000CB
:10226000621EE0C39D4059900061FC120057CDFFF3
:102270009000621EE0D39F5047120057EE9000621C
:102280001DE0FF12005989FD9000621FE5F0F0A3E8
:10229000ED120057EDEF75F004A429120058C52483
:1022A00002120057E5FF9000621EE0C39FFF12007C
:1022B00057EE9000621D12005988FDCEEDCE802CA5
:1022C0009000621DE004F00122331200581C240D1E
:1022D00012005895FFAEF09000621FEEF0A3EFF0F1
:1022E00090006216E0FE9000621CE02E2F900061CC
:1022F000EEF09000621FE07004A3E064E0702E90A6
:102300000061FF12005AFBFE12005885FDEF4D9050
:102310000061FFF0900053CEE04DF074B42E120037
:102320005887FF900061F3E05F7047804190006143
:10233000EEE0120059CEF583C083C0821200587AB5
:10234000FCEE4C759300D082D0831200585EE924D5
:1023500001120057F912005A3B7E00E92FF9EE12E4
:102360000057E7FF74B42D120058875F7004120005
:1023700028AD9000621A12005AFB12005885F4FE34
:10238000EF5E9000621AF07010120058E190006247
:1023900013E029120059F1800712005BFB0121EDC7
:1023A00012005C030121711200581C24081200570E
:1023B000E5640860030126991200581C24061200E7
:1023C00057E59000621312005B2C1200581C240980
:1023D000120057E512005B3A4003012699EEFFA375
:1023E000E02FFFE433FE900061ECE0FDD3EF9D743D
:1023F00080F86E98400301269990006212E0FFA3D6
:10240000E02FFFE433FE120058E112005949FF901B
:1024100000621AF0E4120011EDEF64017004D210B2
:10242000805D9000621AE060561200581C240D1264
:10243000005895FF9000621AE02F900061EEF012B4
:102440000059CEF583C083C0821200587AFCEE4C4E
:10245000759300D082D0831200585EE924011200E7
:1024600057F912005A3B7E00E92FF9EE120057E7A8
:10247000FF74B42D120058875F7004120028AD124B
:1024800000584512019D9730250301269912005CE2
:10249000030123CA201203012699E4900061F4F09D
:1024A000A3F01200581C2401120057E5FF640260DB
:1024B00014EF6406600FEF6460600AEF6007644029
:1024C0006003012660120059BA120057E2640970D5
:1024D00011D224120058D11200FCA490005E9A017F
:1024E0002568D2241200581C12005893FFE5F060B2
:1024F000030125CCEF24CF603514606024FA605CC2
:1025000024B8606C245060030125CC1200581C24B0
:1025100008120057E5120058CC1200FCA490005E8F
:102520009CEEF0A3EFF07B017A5E799C8021120093
:10253000581C2408120057E5120058CC1200FCA4C5
:1025400090005E9EEEF0A3EFF07B017A5E799E90A4
:10255000005E9AE0FD1201A2F201267D120058D120
:102560001200FCA490005EA0EEF0A3EFF001267D27
:10257000120058E1120059B2120028C190006221E5
:10258000EE807790006221E0FCA3E0FD4C70251204
:1025900000581C240C120057E5700301267D9000A2
:1025A0005E99E0440412005C35E490005EA2F0A362
:1025B000F001267D90005EA212005C3C4404F01203
:1025C00000581C240C1200597001267D120058E19D
:1025D000120059B2120028C190006223EEF0A3EF5E
:1025E000F0120059BA120057E264017013900062B1
:1025F00023E0FFA3E090006221CFF0A3EFF08083FF
:1026000090006223E0FCA3E0FD4C70231200581CF4
:10261000240B120057E5602E90005E99E0440812EA
:10262000005C35D224E490005EA4F0A3F080179003
:10263000005EA412005C3C4408F01200581C240BFD
:1026400012005970D2241200581C2401120057E5C0
:102650006460702990005EA4E07002A3E0601E2216
:102660001200581C2401120057E570111200581C6A
:1026700012005893640145F070030125CC9000616D
:10268000F4E07002A3E060030124E2120058451256
:10269000019D973025030128AC1200584512019D79
:1026A000972025211200581C2419120057F9EA49D5
:1026B0004B60121200581C2419120057F912005BCB
:1026C000A412005AB890006215E004F0011F5D30BA
:1026D00010030128AC200F030128AC1200585FE959
:1026E0002401120057F9120011BBFF900061FFE0B6
:1026F0006F700301278D200E0301278DEF60781284
:10270000005C5B12005A25506E1200585FE92401EC
:10271000120057F9120011BBFE74B42F1200588733
:10272000FF5E603C900061FFE05F703490006216D5
:10273000E01200588512005C4E90005527E014F01E
:10274000900053CE12005AFBFE12005885F4FDEFA4
:102750005D900053CEF0EE24E0FD7F011200AF3417
:102760001200585FE92401120057F9120011BB60F2
:102770000612005BFB808C900061FFE0FF120058A6
:102780005FE92401120057F9EF120011ED9000618A
:10279000EF740F12005B31900061EF12005B394063
:1027A000030128AC1200585FE92401120057F91206
:1027B000005A3BEE7E0029F9EE120057E7FF700346
:1027C00001287C90006212E0120059E71200588C38
:1027D0006F700301287C12005C5B12005A254003D5
:1027E00001287C1200585FE92401120057F91200F9
:1027F0005A3B90006212E0FE7C0029F9EC1200576F
:10280000E7FD74B42F12005887FF5D605274002EEC
:10281000F582E434621200588C5F70431200585FF6
:10282000E92401120057F912005A3B90006212E0AD
:10283000FF29F9EC120057E7900062161200588247
:1028400012005C4EEF33333354F82D04900061EEE8
:10285000F0FD90005527E014F07F011200AF341214
:1028600000585FE92401120057F912005A3B120088
:102870005C624F600712005BFB0127DA9000621276
:10288000120059E51200588CFE1200585FE924012D
:10289000120057F912005A3BEF7C0029F9EC3AFA82
:1028A000EE120011ED12005C0301279722900055F3
:1028B00027E004F0900061EEE0FDE4FF1200AF3489
:1028C00022900063101200141E7B017A6179F412C9
:1028D000005C8122900062D9EFF0A3ECF0A3ED122E
:1028E0000051A7E4900062DFF0A374FFF0E49000D1
:1028F00062E2F0A3F012004E88FF900062EF120037
:102900004FDBE9240112004C4C24FC7003012A1512
:10291000147003012BD424E47003012B94241F6052
:1029200003012FA7900062DC120013FEE92FF9EAE1
:102930003EFA900062E61200141EE9240412004CD4
:102940004CFEC3940640097406120011ED7F00226C
:10295000900062D91200511312004B64E04E75933F
:1029600000F0120050CD12004B64E0701D120050B8
:102970009C240512004C4C120050A69000314D12C0
:10298000004C76EE12004B69EFF01200509C2405CB
:1029900012004C4C120050A69000314F12004CB661
:1029A000EE12004B69E0FDEFD39D400F9000314FD8
:1029B00012004C82EE12004B69EFF01200509C2482
:1029C0000812004C4CD3943240067432120011EDC0
:1029D0007E007F04EEC0E0EFC0E0900062E61200EF
:1029E0004C454480FD900062D9E075F0EAA424CC07
:1029F000F9740835F0FA7B01D0E0FFD0E0FE120058
:102A0000161C900062E612004C4512004E99900090
:102A10003170012B8612004E88900062E912004F3F
:102A2000DBE9240212004C4CC3940640037F0022D1
:102A300012004EFC240312004C4C700B900062DF1D
:102A4000F0A3E004F0800A900062E0E0B4FF02E44A
:102A5000F012004EFC240512004C4CFF70211200B5
:102A60004DE212004B64E0FE900062E0E0FD1200D7
:102A70004C9912004F262D12004B82EEF0802A1244
:102A8000004F2E9000315212004B73EFF0ED120008
:102A90004C36ED12004B69E0700F75F078ED1200C6
:102AA0004C39ED12004B69EFF012004EFC2403127A
:102AB000004C4CFF12004F2E75F0789000317112CF
:102AC000004B76E0FCEFD39C400E75F078ED900063
:102AD000317112004B76EFF012004EFC240612000A
:102AE0004C4CFF900062E0E0FE75F078ED90003114
:102AF0005812004B76EFF0900062E912004C4590BE
:102B000000316412004B71EFF012004EFC240412ED
:102B1000004C4C9000317712004B71E0FEEFD39ED9
:102B2000401112004F2E75F0789000317712004B53
:102B300076EFF0900062E912004C456401600301F9
:102B40002FA7900062D91200505D12004B64E04440
:102B500001120051CB5430601590005FF212005109
:102B6000D29000325912004B64EEF0012FA7900072
:102B70005528E02481F582E4345212004E0D1200F3
:102B80004E9990003259120013F2EE12004B69EF89
:102B9000F0012FA712004E8829F9EA3EFAE924072E
:102BA00012004E331201AFB212004F349000320FB8
:102BB00012004CBFED2583F583C083C08212004E06
:102BC000B2D082D08375F002120013F2EEF0A3EFC0
:102BD000F0012FA7900062DFE0D394064003012F9D
:102BE0009D12004E8829F9EA3EFA900062EC12002C
:102BF000141EC238E4900062E1F0900062DFE0FF52
:102C0000900062E1E0FEC39F505E12004E5A240223
:102C100012004C4C547FFF12004F3412004BDAED7F
:102C20002583F583C083C082120050ADD082D0834B
:102C300012004E7375930012004B7FE0547F6F704B
:102C40001E900062D9E0FF9000317112004CCB124F
:102C5000004F262D12004B82E0600DD23880099083
:102C60000062E1E004F0809212004E5A2404120047
:102C70004E331201AFB2900062E4EEF0A3EFF09099
:102C80000062E0E012004E9912004C9DEE12004FDF
:102C9000272F12004B82E06401704712004C35EE82
:102CA00012004B69E06401600C12004C35EE12001A
:102CB0004B697401F0D3900062E5E094C09000622B
:102CC000E4E09400401CE4F0A374C0F0FF7E001226
:102CD00001AFB212004E5A1200500CEE8FF01200EB
:102CE00012A3203803012E6712004BC0EE2583F596
:102CF00083C083C082120050ADD082D08312004EB8
:102D000073C083C08212005035D082D083258212D6
:102D1000004B82E06F7003012DEF12004C35EE1274
:102D2000004B69E064037003012F6112004E5A24C6
:102D30000212004C4C120050A612004BDAEE1200A8
:102D40004B691200511DC083C08212005035D082E1
:102D5000D083258212004B8212004BE5EE12004B0D
:102D6000691200511DC083C082900062E1E0FE75CF
:102D70009300D082D083258212004B8212004DE056
:102D800012004B64E0B4092012004E14C083C082CC
:102D900012004EB2D082D08312004E73759300128F
:102DA000004B7F74F0F0802D12004B9BEE2583F5D5
:102DB00083C083C08212004EB2D082D08312004EF4
:102DC00073C083C08212005035D082D08325821216
:102DD000004B82EFF012004E5A240312004C4C5468
:102DE00003C43354E012004E99900031C5805490D2
:102DF0000062D9E0900031A112004D02EF2583F569
:102E000083C083C08212004EB2D082D08312004EA3
:102E100073C083C08212005035D082D083258212C5
:102E2000004B82E0FF900062E4E0FCA3E0FDD39F52
:102E3000EC94005003012F61CFEDCF12004E9A9019
:102E40000031A1120013F2EE2583F583C083C08206
:102E500012004EB2D082D08312004E73C083C08263
:102E6000900062E1012F5112004BC0EE2583F583E3
:102E7000C083C082120050ADD082D08312004E7346
:102E8000C083C082900062DFE0759300D082D0835F
:102E9000258212004B8212004BE5EE12004B6912A4
:102EA00000511DC083C082900062DFE0FE75930078
:102EB000D082D083258212004B8212004DE0120096
:102EC0004B64E0B4092012004E14C083C08212008B
:102ED0004EB2D082D08312004E7375930012004B15
:102EE0007F74FFF0803112004B9BEE2583F583C089
:102EF00083C08212004EB2D082D08312004E73C0C3
:102F000083C082900062DFE0759300D082D0832579
:102F10008212004B82EFF012004E5A240312004C32
:102F20004C5403C43354E0120050A6FE900031C547
:102F300012004D19EE2583F583C083C08212004E26
:102F4000B2D082D08312004E73C083C082900062E0
:102F5000DFE0759300D082D083258212004B82EF90
:102F6000F012004EFC240512004C4CB4092F120044
:102F70004E5A2406F9E43AFA74FA120011ED1200DE
:102F80004E5A240212004C4C547F120050A690005E
:102F9000327812004D31EE12004B69EFF020380705
:102FA000900062DFE004F0900062EF120013FE1266
:102FB0000011BBFF900062E2E48FF01200126990F2
:102FC0000062DAE0FEA3E0FFC3900062E3E09F90BE
:102FD0000062E2E09E50030128F57F0122120014F6
:102FE0001EA2AF9229C2AF22900066027402F07F47
:102FF0000422900066027401F0E4FF22FFFFFFFF4D
:10300000900062B7EFF0A3EDF0C223E4900062C33A
:10301000F0A3F0900062D704F0900062CB12005A47
:10302000CB12005C6975F078900032651200580E82
:10303000120013FE900062C51200141E1200142725
:10304000900062BC1200141E120057BE240A120027
:103050005895FF900062BFE5F0F0A3EFF012005B1F
:103060001A1200594BFF540304900062B9F0FDC3DB
:10307000900062C0E09D900062BFE09400500301A8
:103080003AF1C222EF54FC900062BAF0E4FFEFC3C1
:10309000940D748094805018EF90001D2E93FE9034
:1030A0000062BAE0FDEE6D7004D22280030F80DE74
:1030B000202224900062B9E012005B03C3900062FA
:1030C000C0E09FFF900062BFE09EFEF0A3EFF04ED5
:1030D0007003013AE3808612005B1A1200594BFF1D
:1030E000540CFECDEECDEF54F0900062BAF090009B
:1030F00062B9E0FF7E00C3940274809480500AE4B9
:10310000900062C1F0A3F08044EF64024E700A1296
:1031100000593112005B448034900062B9E0D394CE
:10312000027480948040261200593112005B449052
:103130000062BC120013FE900062C4E02402120080
:103140005940900062C175F00012001269CFEDCFB6
:10315000EF24FC700301380324FC7003013981243F
:10316000086003013AB1900062BAE0FF2470601574
:1031700024F0700301375124E0700301378A2440A2
:103180006003013AB1120057BE241C120057E5FE3D
:10319000120057BE241D120057E58EF0A4FEEF6406
:1031A00080700B120057BE12005BC2EE800CCFEE97
:1031B000CF120057BE12005B61EF120011D1120056
:1031C00057BE2409120057E554016003013711125C
:1031D000005C69900062BAE0FD900062C1E0FAA371
:1031E000E0FB12010CE6EF700301371112005801E9
:1031F000120058FD70307D20FE12003B2112005A53
:10320000881200580112005AEB9000326C120058DC
:103210000E120058FD70097B827ABD797D0133CE94
:1032200012005801804012005A33120011BBFF9067
:103230000062B8E06F60447D217E0012003B2112E5
:103240000058E97003013AB112005A60EBC0E0EA9D
:10325000C0E0E9C0E012005A33E912005B611200DD
:103260001444900062D4120013FE900062CE12004B
:10327000141E900062B8E0120011ED12005A33E9FA
:103280002405120057F9E94A4B600301330E7D22F1
:10329000FE12003B2812005A88EBC0E0EAC0E0E9C9
:1032A000C0E012005A33E92405F9E43AFA12001496
:1032B0004412005A33E92405120057F9E94A4B70C9
:1032C00003013AB112005A33E92405120057F9906C
:1032D0000062CB1200141E120057BE2413120057B6
:1032E000E512005B68EF120011ED120057BE240ECC
:1032F00012005895FF1200589D120057BE2410125C
:10330000005895FF1200599712005C70806A1200F5
:1033100057BE2413120057E512005B68120011BB60
:103320006F605A7D237E0012003B28120058E9701E
:10333000097B827ABD798E0133CE12005A33E9249B
:10334000041200597012005A60EBC0E0EAC0E0E9D4
:10335000C0E01200599712005BC912001444120019
:103360005A60900062CB1200141E120057BE241344
:10337000120057E512005B68EF120011ED12005CBD
:103380000B900062C5700612005BE0800412005AC8
:1033900095120057E5FF900062C8E4F0A3EFF01229
:1033A0000057BE241D120057E5900062CAF090003D
:1033B00062D7E070030134427D247F1C7E0012013D
:1033C00084E1120058E9700D7B827ABD799F12006A
:1033D00016D7013AB1120059972404120057F9E99F
:1033E0004A4B702D12005A60900062D11200141ED8
:1033F000900062D1120013FEEBC0E0EAC0E0E9C029
:10340000E0120059972404F9E43AFA1200144480B7
:10341000311200599724011200597012005A60EBC2
:10342000C0E0EAC0E0E9C0E012005A432419F9E420
:103430003AFA1200144412005A60900062D112004D
:10344000141E120057BE24AE120057E5FFD312001F
:103450005AC450030136B8120057BE241412005843
:1034600095640C45F06010120057BE240E120058EF
:1034700095640C45F07064EF12003AF2EBC0E0EA9C
:10348000C0E0E9C0E012005A432416F9E43AFA1207
:10349000001444900062D1120057F2EA494B603B9D
:1034A000120057BE24AE120057E512005BF3120063
:1034B00057BE12005A68EBC0E0EAC0E0E9C0E090F5
:1034C0000062D1120057F212005B57D0E0F9D0E051
:1034D000FAD0E0FB1200113D013570120057BE24F6
:1034E000B0120057E5900062BBF0120057BE241CDA
:1034F000120057E56401600E120057BE241D120031
:1035000057E56401707B120057BE24AE120057E5E8
:1035100012003AF2EBC0E0EAC0E0E9C0E012005A63
:10352000432416F9E43AFA12001444900062D112CE
:103530000057F2EA494B6038120057BE24AE120021
:1035400057E512005BF3120057BE12005A68EBC039
:10355000E0EAC0E0E9C0E0900062D1120057F21248
:10356000005B57D0E0F9D0E0FAD0E0FB1200113D4B
:1035700012005905120057BE24AE120057E501375C
:103580000D120057BE24AE120057E5FF900062BB3B
:10359000E0C39F4003013711120057BE241C1200E4
:1035A00057E5FF7E00120057BE241D120057E5901C
:1035B0000062D8F07401120011ED120057BE24AE63
:1035C000120057E5C39401FD900062BBE06D6041BD
:1035D00012005C0B701A120057BE2405120057E54A
:1035E000CCEFCC2CFD120057BE12005BC2ED801D4B
:1035F000900062BAE064907018120057BE2407125F
:103600000057E52F120057BD12005B61EF12001149
:10361000ED12005905E412003B08900062BAE0FF89
:103620007E0064807027120057BE2406120057E502
:10363000FD120057BE2405120059FC900062C8A379
:10364000E0FD120057BE12005BC2ED8029EF6490CE
:103650004E7027120057BE2408120057E51200577B
:10366000BD2407120058A8900062C8A3E0120057BA
:10367000BD12005B61EF120011ED900062D8E01204
:103680000057BD241D120058A8120057BE24B012C6
:10369000005970120057BE24AE120057E5120057B1
:1036A000BD24B0120057E5C39F50030133AE120092
:1036B00057BE120059EF8059120057BE241E120047
:1036C0005895FF12005A431200597A120057BE242F
:1036D0001C120057E56401602F120057BE241D1212
:1036E0000057E5FFD312005AC4401D120057BE24F4
:1036F0000E12005895640C45F0700D120057BE2450
:10370000AE120058A80134DB12005905E412003B48
:103710000812005C0B900062C5701012005BE01292
:103720000057E5120057BD2405800E12005A95126D
:103730000057E5120057BD2407120058A87E007FED
:10374000937D00120057BE12005A681200161C80AA
:1037500022120057BE2409120057E544041200113A
:10376000ED120057BE241212005970120057BE12FB
:103770000059EF120057BE2410120058951200573E
:10378000BD12005A68E5F0013A37120057BE241204
:10379000F9E43AFA12005C36120011BB705E1200B6
:1037A00057BE2409120057E554FA120011ED7E00AD
:1037B0007F0B7D00120057BE2413F9E43AFA120081
:1037C000161C7E007F937D00120057BE12005A68BF
:1037D0001200161C120057BE2405120059F11200E7
:1037E00057BE2406120059F1120057BE24071200DA
:1037F00059F1120057BE2408120059F1900062D707
:1038000001393A120057BE2409120057E5540160ED
:1038100003013AB1900062BAE0440424FC70030151
:1038200038B924F0700301395D24F0700301396F59
:1038300024B0700301394C24E07003013940241096
:103840006003013AB1900062D77401F012005C6924
:1038500075F078900032681200580E120013FE12B4
:103860000011BB12005B4FFDCEEDCE541F4F120076
:1038700011ED12005B50120057BD2413120058A81E
:10388000120057BE2405F9E43AFA7408120011D167
:10389000120057BE12005BC27408120011D1120050
:1038A00057BE12005BC97408120011ED120057BE1A
:1038B00012005B617408013AAD120057BE24091270
:1038C0000057E530E21512005B11120057BD2414B9
:1038D000F9E43AFAEE12005982802112005B1112CB
:1038E0000057BD240EF9E43AFAEE12005982900016
:1038F00062CB120058FD60041200589D900062C116
:10390000E07004A3E0640C6003013AB1900062B877
:10391000E0FF900062B7E09000316412005A6F122D
:10392000005BAC1200588C6003013AB1EE12005BF0
:10393000E812005BACF5837593007401F0013AB1B5
:1039400012005B50120057BD241D800A12005B500C
:10395000120057BD241C120058A8013AB112005B96
:1039600011120057BD2418F9E43AFAEE013A371261
:10397000005B11120057BD241AF9E43AFAEE013A3D
:1039800037120057BE2409120057E5FF54016003A7
:10399000013AB1900062BAE0440824E87003013AA9
:1039A0003B24F07003013A5824206003013AB1EF40
:1039B000900062C130E263E0FCA3E0120057A51260
:1039C0000058C412005A68EC8DF0120012A3900047
:1039D00062C1E0FCA3E0120057A5120058C4120017
:1039E0005A68EC8DF0120012A31200579212005880
:1039F000C4120059FA12005792120058C42421121E
:103A00000059FC120057BE1200596E120057BE2416
:103A1000AEF9E43AFA7401013AADE0FEA3E0FFCD5D
:103A2000EFCD120059972403120059FC120057BE23
:103A30002410F9E43AFAEE8FF08017900062C1E0AA
:103A4000FCA3E0120057A5120058C412005A68ECFB
:103A50008DF0120012A3805912005792120058C420
:103A6000120059FA120057A6120058C4241E120060
:103A7000589512005B4FFDCEEDCEC39F120057BD8F
:103A800024AFF9E43AFAEF120011D1120057A11253
:103A90000058C42421120059FC120057BE120059CC
:103AA0006E120057BE24AEF9E43AFA740112001106
:103AB000D1900062B9E0F912005B03900062BFE0B0
:103AC000FCA3E0FDC39FEC9E4011E9FFED9FFFECDE
:103AD0009E900062BFF0A3EFF08008E4900062BF08
:103AE000F0A3F0900062BFE07002A3E06003013039
:103AF0005D2275F004A4FFAEF07D25120184E1CAB9
:103B0000EECAC9EFC97B01229000638EF09000627B
:103B1000C1E0FAA3E0FB1200C5C6900062D7EFF047
:103B2000227F0B120184E1227F0A120184E122E448
:103B30009000651AF0C23C900047F0E0700412015A
:103B4000B0A1900042EAE090006514F0E0FD900022
:103B5000321F120077C7ED120076BCE090006515A9
:103B6000F0C39412A3F0ED1200774CED120076BC76
:103B7000E020E70301439F120076AAE070030143AF
:103B80009F120076AAE0120014983BAF013BDE02C0
:103B90003CA9033D0D043F76053FD90640A50740EB
:103BA000C408419C0941B40A423F0B000042CC12B8
:103BB0000076AA7402F075F078EF9000325412008B
:103BC00076B77401F012007962120197F012007753
:103BD000159000310E120076B7E4F00142CC1200CD
:103BE00076E6120079076003013C6990006514E0F5
:103BF000FD9000322C12007803ED120076BCE054E8
:103C00008090006517F090003232120077C6ED12F6
:103C10000076BCE0FEA3E04E603A90006517E0B489
:103C20008008120076AA74038030120076AA740508
:103C300012007873120076B7E0640D6003013B81D7
:103C4000D23C120077159000323C120076B7740215
:103C5000F00142CC120076AA7407120079B5120066
:103C600076B7E4F0A3F0013B81120078CF640370D3
:103C700003013EF1EFB40703013EF19000651AE045
:103C8000640B60030142CC120076AA740C12007817
:103C900073120076B7E0640D60030142CC12007726
:103CA000151200784CEF013F2B90006515E0FF12D4
:103CB00000772DE0FCA3E0FD90002DBB120077897A
:103CC00012007A6AFFEE9CFE90006518F0A3EFF0F8
:103CD00090006515E090002DB51200778AE0FCA3F6
:103CE000E0FDC39FEC9E500990006518ECF0A3ED39
:103CF000F012007888120079EBE490006450F01222
:103D00000117CC120076AA7404F00142CC1200769E
:103D1000E6E09000651AF09000651AE06402600326
:103D2000013EB090006515E0FEC39412A3F0EE12C0
:103D300000772D1200795D75F01112007818E0FA05
:103D4000A3E0C39FFFEA9E90006518F0A3EFF07513
:103D5000F011ED120077B1E0FEA3120078589E40FA
:103D600005EEF0A3EFF0120077159000310E12006F
:103D700076B712007872120076B7E0640D706C901E
:103D8000006518E0FEA3E0FF90006514E0FD9000E0
:103D9000324412007A00ED120076BCEEF0A3EFF090
:103DA000E490006517F0120078549400402A120045
:103DB0007A711200782A120076D7FE90006515E01D
:103DC00075F01112007986120013FEE92FF9E43A1A
:103DD000FAEE12007A0780CE120077159000323C7E
:103DE000120076B77403F0D23C804FE49000651760
:103DF000F0120078549400404112007A7112007859
:103E0000D7120076D7FC120079621200772DE0FA03
:103E1000A3E0FBEFF582758300EB2582FFE5833A93
:103E2000FE75F011ED12007986120013FEE92FF9EC
:103E3000EA3EFAEC12007A0780B79000651812008B
:103E4000795D1200772DEE8FF01200126975F01176
:103E5000ED12007818E0FEA3E0FF75F011ED1200FE
:103E60007730E0FCA3E0C39FEC9E502C1200771546
:103E70009000310F120076B7E0FD120077A9E0FA4A
:103E8000A3E0C39DEA9400500675F078EF800D1210
:103E90000076AA7403F0800F120077159000322B81
:103EA000120076B77409F0303C030142CC013B812B
:103EB000120078CF6403703590006514E0900031F3
:103EC0000E120077B9EE120076BCE004F0D3940332
:103ED000400C75F078EE1200770DEE0142221200D0
:103EE0007704EE120076BC7403F0013B81EFB40757
:103EF0000C120078881200770AEF01422212007833
:103F0000CF640B702F12007704EE120076BC740C95
:103F1000F012007791EE120076BCE0640D600301B0
:103F200042CC12007A7B1200784CEE120076BC7400
:103F30000C01405DEF6404702B120077A9E0FEA332
:103F4000E04E60069000651A8026120076AA74037F
:103F5000120079B5120076B7120079695003013B5F
:103F6000810141589000651AE0640C60030142CC65
:103F70007402F0013D1712007715900032341200E0
:103F800076B7E0B40D1775F078EF90003244120068
:103F900076B7E0FFA3E090006518CF80229000651F
:103FA00015E0FF1200772DE0FCA3E0FD75F011EFA6
:103FB0001200781812007A6AFFEE9C90006518F0E3
:103FC000A3EFF012007888120079EB1200EE0A12CB
:103FD0000076AA7406F00142CC120076E61200794F
:103FE00007600301407590006515E090002DBD123B
:103FF00000771FEC8DF01200126990006515E090BB
:10400000002DBB1200771F12007A6AEE9C12007717
:10401000159000322B5009120076B77405F0800716
:10402000120076B77407F012007715900032341240
:104030000076B7E0640D6003013B8175F078EF9086
:1040400000322B120076B7E0B4051890006514E03A
:1040500075F0789000323C120076B77407F0D23CCD
:104060000142CC120077159000323C120076B774F2
:1040700008F0013B81120078CFB40B0301412DEF12
:10408000B4040A120076AA7405F0013B8190006521
:104090001AE0640760030142CC12007888120077AE
:1040A0000AEF01422212007888A3E0FD90006450DC
:1040B0007401F0E4FBFA120117CC120076AA74081E
:1040C000F00142CC120076E612007907701E120051
:1040D000771590003234120076B7E0B40D0B120061
:1040E00079D0120076B77408F0014192120078CFAF
:1040F00064076004EFB4030C120078881200770A9A
:10410000EF014222120078CF640B703012007A7BEC
:1041100012007795EE120076BCE0B40D10900032DC
:104120003C1200777DEE120076BC740CF012007722
:1041300004EE120076BC740CF00142CCEF64047003
:104140002A120076AA7407120079B5120076B71207
:104150000079695003013B811200771590003229E4
:10416000120076B7E4F0A3F0013F059000651AE075
:10417000640C60030142CC120077159000323412B7
:104180000076B7E0B40D0B120079D0120076B77448
:1041900008F0120076AA740DF00142CC1200788863
:1041A000A3E0FDE4FBFA1200EE0A120076AA740AFC
:1041B000F00142CC120076E6120079077028120056
:1041C00076AA740D12007873120076B7E0640D6061
:1041D000030142CC120077159000323C120076B7F2
:1041E0007414F00142CC120078CFB40407120077A7
:1041F00004EE8041EF6407600C9000651AE06403F0
:1042000060030142CC120077159000310E12007647
:10421000B7E004F0D39403401375F078EF12007701
:104220000DEF120076BC740BF0013B811200788810
:104230001200770AEF120076BC7409F0013B81127C
:1042400000771590003107120076B7E020E71F9045
:10425000006514E090003228120078FFEE1200761C
:10426000BCE4F075F078EE1200770DEE805775F033
:1042700078EF90003228120076B7E004F0D3940271
:10428000502E120076AA7401F090005DBCE0FD9003
:10429000006515E0FB9000640CEFF0A37401F0A33F
:1042A00074F4F0A37401F0A374F4F0E4FF01439BF1
:1042B0001200771590003228120076B7120079BFED
:1042C0001200770DEF120076BC740EF0120076AA81
:1042D000E0FF640D600DEF640E6008EF640C600396
:1042E0000143911200771590003228120076B71220
:1042F0000079BF90003254120076B7120078721223
:104300000076B7E024F7601814603424FE6041148E
:10431000604F24FE606824077077900030DC8034A2
:10432000120077159000321E120076B7E0FB900065
:104330005B5CE0FD9000640CEF12007772801A1253
:1043400000771590003238120076B7E06043803D68
:1043500090002F7212007767FB7F0412010BA6807A
:1043600030120076AAE0640D600B120079D01200C2
:1043700076B7740CF012007763FB7F04801D120087
:10438000771590003238120076B7E060041201B061
:1043900046303C0B12007763FB7F0412010BA62210
:1043A000D230E4900063D1F0120098AA24AEF582D6
:1043B000E434121200968E7837120098A924AFF5D3
:1043C00082E434121200968E7834120098A924B038
:1043D000F582E434121200968E7835120098A924E2
:1043E000B1F582E434121200968E7836F618E6FFA4
:1043F0005470FEC4540F7838F6EF540708F678442A
:1044000006E6C394404002E4F67837E6FFC394041E
:104410004003014B4C7834E620E703014928783803
:10442000E69000085912009773E020E7030149283D
:104430001200977B1200968E30E20718E6FF1201F9
:10444000AAD67835E65407600301451608E620E051
:10445000030144F608E6FF08E6FE75F0EA9000085E
:10446000FC1200968260589000322B120098DC12E9
:10447000009717FD64096015ED640A601090003222
:104480003C120098DC1200971764147032120098E6
:10449000B612009682C394A05016120098B2120071
:1044A000968204F07844E67003763F227844162220
:1044B000120098B21200972A2F12009785E4F0128A
:1044C000009816120096FFE6FD08E6900063E1F002
:1044D00008E6A3F0A37401F012015CA5120098167F
:1044E000120096FF12016F4C7838E6FF18E6FD12B5
:1044F000007AB10149367835E6783730E30CE6FFCB
:1045000008E6FD1201528D014936E6FF08E6FD126C
:10451000015D470149367835E620E3030147FA1289
:10452000009707B4091318E6FBCDEBCDE4900065C6
:1045300087F012013F930149367838E66401600341
:1045400001463808E6640170637837E6FA1200978E
:10455000AF12009719FE90004E7EE0FD5E600301F1
:10456000460DE6FC2475F582E4344E12009719FBE3
:10457000747A2CF582E4344E120097196B6023EDA7
:104580004E90004E7EF090004D4512009962EAF088
:10459000E4A3F0A3F0A3F0A3F0FB7F0312010BA6AA
:1045A000806B7837E6FF1201A49780617839E6FFC7
:1045B00064026008EF640360030149367837E6FF60
:1045C000120097AF12009719FE90004E8CE0FD5E2E
:1045D000703B74832FF582E4344E12009719FF90DC
:1045E000004E8BE06F6026E6FCED4E90004E8CF0A6
:1045F00090004E7912009962ECF0A3E4F0A304F06D
:10460000A3E4F0A304F0E4FBFF12010BA67839E663
:1046100024E1F582E43461F583C083C082759300A0
:10462000E0FF7837E69000000393FEEF4E759300AD
:10463000D082D083F00149367839E6FF18E6FE12C1
:104640000098C0120096825460646060030149368D
:10465000120098BF12009682540F783AF6E6FF9047
:10466000002F7C120098EEE0900063D1F09000558E
:1046700028E0FE783766600301474775F016EF12B1
:104680000097DCC083C082E0FD74B82EF582E4346C
:104690005D12009719F4FEED5E759300D082D08311
:1046A000F090002F81120098EDE0FF783AE6FE7559
:1046B000F01690002F82120013F2E06F601090004D
:1046C0005528E07838120098CCEE12004B4D783720
:1046D000E6FF08E675F0EA9000089E12009682FD5B
:1046E0007C0008E6FBC8EBC87E007401088005C3A7
:1046F00033CE33CED8F9FFEE5CFEEF5D4E600301A2
:1047000049367837E6FF08E6FD75F0EA9000089E26
:1047100012009682FEC8EBC87401088002C333D829
:10472000FC4EF0120151D87838E6FF18E6FD7839D2
:10473000120097AE12009719FB900066107401F0FA
:10474000120180B9014936900063D1E0FF7838E664
:10475000FE90003164120097A6120098471200974D
:1047600019640170030147EC9000550BE020E6034B
:10477000014936783AE6FF120097D9C083C082E03B
:10478000FE7837E624B8F582E4345D12009719F418
:10479000FDEE5D759300D082D083F0900063D9E088
:1047A000FE90002F87120098EDE5822EF582E43509
:1047B0008312009719FF783AE6FC75F01690002FE7
:1047C00083120013F2E5822EF582E43583120097FE
:1047D000196F7003014936900063D9E0FF7838E61D
:1047E000FD08E6FBEC12004B4D0149369000550BDD
:1047F000E020E50301493601477312009707640979
:10480000700301493608E6FEEF120098C0120097C7
:104810002A2E120096895460646060030149149046
:10482000005528E0FF7837E6FD6F600301491475F5
:10483000F0C0ED1200983F08E6FF75930075F01880
:1048400012009855900063D21200141E120011BB82
:10485000900063D8F0900063D3E475F00212001268
:104860006975F0EAEF900008B71200972A2E12003F
:104870009689540F783AF6E675F048A4249CF974AA
:1048800001900063D512009969E4900063D9F0901B
:104890000063D8E0FFA3E0FEC39F502D900063D2D9
:1048A000120013FEE92EF9E4120097C7FF9000638F
:1048B000D5120013FEE92EF9E43AFAEF120011EDD9
:1048C000900063D9E004F080C6783AE675F048A419
:1048D0002494F97401900063DA12009969900063DE
:1048E000D8E0FF12009805EF120098F52405F9E4CE
:1048F000120097C754FC120098F52401F9E4120045
:1049000097C74408120011EDE6FDE4FB7F01120198
:104910007CB1D23030301F120098C8900066A77466
:1049200020F0120170C4800E7834E630E7081200DF
:1049300098C81201A2907834E620E303014A59C2D4
:10494000E97837E6FF14601314601914601F24031C
:10495000702275A6987835A6A7801975AE98783517
:10496000A6AF801075B6987835A6B7800775BE9843
:104970007835A6BFD2E97835E630E403014A221241
:1049800000977B1200968E20E003014A227837E6DA
:10499000120097D01200968E54EE1200977A1200F1
:1049A000968E4402F0E6FF08E675F0EA900008BF34
:1049B000120096825401F07D011201A7767837E645
:1049C000FF1200FF5A7837E6FF7B08E4FD1200DE95
:1049D000097837E6FF7B01E4FD1201B1947837E6F0
:1049E000FF7D0112018B7C900053E4E020E66AE435
:1049F000900063D9F0900063D9E0FFC39404501491
:104A00001200977B1200968E20E009900063D9E097
:104A100004F080E1900063D9E0C39404403BC218E5
:104A200080377835E630E4317837E6120097D012D7
:104A300000968E20E0231200977B1200968E440190
:104A4000F0E4FD1201A7767837E6FDE4FF120123BA
:104A5000EB7837E6FF1201AF1D7834E630E21A78C2
:104A600037E6FFE4FD12015A0F7837E6FF1201AD79
:104A7000017837E6FF12015E877834E630E4087883
:104A800037E6FF1201A25F7834E620E503014B4CC4
:104A90007837E6FF701275A699783BA6A7E6442002
:104AA000F6F5A775A699803EEFB4011275AE997818
:104AB0003BA6AFE64420F6F5AF75AE99802878376F
:104AC000E6B4021275B699783BA6B7E64420F6F52F
:104AD000B775B699801075BE99783BA6BFE644209D
:104AE000F6F5BF75BE997837E6FF1200988612007A
:104AF000971970279000528012009962EFF012000F
:104B0000992F1200992FE4FBFF12010BA6EF04FF6F
:104B1000120098831200987CF0802912009883126A
:104B2000009719C39401FFE49400FE900042F575CC
:104B3000F009EF120013F2EE75F009A41200976766
:104B4000120099307837E6FF1201A86022900066C3
:104B500087F0120125EE2290006621E0FF75F078C3
:104B60009000322B120013F2EF2583F5837593002A
:104B700022FFED75F078120013F2ED2583F583E541
:104B8000822EF582E43583F58375930022EFF09051
:104B900000322BEE75F078020013F2900062EC12F6
:104BA0000013FEE92406F9E43AFA120011BBFF9063
:104BB0000062D9E0900031E9FE75F078020013F24E
:104BC000900062EC120013FEE92402F9E43AFA12B2
:104BD0000011BBFF900062D9E0FE9000317D75F0BE
:104BE00078020013F2EFF0900062E4A3E0FBCFEB59
:104BF000CF900031A1EE75F078020013F2EE75F05F
:104C000078020013F2900065907B007A007900E052
:104C1000FF75F0789000322122FFE0900008FCFE42
:104C200075F0EA120013F2E5822FF582E43583F580
:104C30008375930022EE75F0789000311002001316
:104C4000F2900066C1120013FEE92407F9E43AFA73
:104C5000020011BBF090002F71E0FD9000640CEF9A
:104C6000F0CFEECFA3E4F0EFA3F0E4A3F0A3F022A3
:104C7000FFE090003236FE75F078020013F29000EB
:104C80003111EE75F078020013F2EFF0E0FF75F0ED
:104C90001690002F81020013F275F078EF9000312A
:104CA00052020013F290003109ED75F07802001302
:104CB000F2E09000322BFE75F078020013F2EE75F0
:104CC000F078020013F290003272EE75F078020074
:104CD00013F29000658AE0FF75F07822A3E0FDCE24
:104CE000EDCE90006599F09000658BE0FD90006539
:104CF0009A2290006333E075F01690002F8B02002B
:104D000013F2FF75F078020013F290006833E0FFB1
:104D100075F07822ED9000322175F078020013F2E0
:104D200090006333E0FF75F01690002F82020013AD
:104D3000F2FE75F078020013F29000310CED75F080
:104D400078020013F290006333E075F048A4249CCD
:104D5000F9740135F0FA7B0122120013FECEEACE7F
:104D6000CFE9CF22E090003109FD75F07802001301
:104D7000F275F0EA900008D4020013F2900066CCBD
:104D8000E0FFA3E0FDA3E0FB229000659AE0FE7542
:104D9000F078EF90003236229000658AE0FFA3E0C1
:104DA000FDE490006599F0A3229000316A75F078D7
:104DB000020013F2E0FD75F01190002DB212001305
:104DC000F20200141E900066C4E0FF75F0789000B7
:104DD0003236221200141E75F078EF900032212234
:104DE000EFF0900062D9E0FF75F07890003110226A
:104DF00090006764E090000904FF75F0EA02001378
:104E0000F290006336E024B4F582E4345DF58375F6
:104E10009300E022900031E9EF75F078120013F270
:104E2000EF2583F58322F0EF75F0789000310722AB
:104E3000E92402F9E43AFA1200127FFFAEF0229060
:104E4000006333E0FF90002F7C75F016020013F230
:104E5000F075F078EF9000323B22900062EC120087
:104E600013FEE92275F01690002F8D120013F20246
:104E70000013FE75F006020013F2900066D0E0FF0A
:104E800075F0789000323C22900062DC120013FE34
:104E9000900062E2E0FEA3E022FF900062D9E0FE13
:104EA00075F0782275F01190002DB5120013F2E420
:104EB000F022900062E0E075930022FDEF75F0EAC9
:104EC000020013F2FE75F078020013F2EB54F0C406
:104ED000540FFFCEEFCECFEBCFEF540FFFCCEFCC84
:104EE000CFEDCFCDCDCFEECFCBEFCB900065332242
:104EF000F090002F71E0FD9000640C22900062E9B8
:104F0000120013FEE922900066D8E0FF7C017D7854
:104F10001200120174072FF974313EFA22120014A4
:104F20001E75F078EF22EF2583F583E5822290004D
:104F300062E0E0FE900062D9E0FD2290006506E0AC
:104F4000FF90006508E022E075F016A42487F9744C
:104F50002F35F0FA7B0122EF75F0EA020013F2ED33
:104F600075F078020013F27B017A6379399000645E
:104F7000B31200141E90006335E0900064B6F0A3F5
:104F800022F075F078EF900031102290006764E015
:104F9000FF75F0789000323422900066D2E0FF90E6
:104FA0000066D0221200141E7B007A007900227461
:104FB0000FF075F078EF9000323A229000658AE0A9
:104FC000FFA3E0FD2290006508E0FF2275F0EA9063
:104FD000000926120013F27593002229F9EA3EFA1D
:104FE0000200141E7E007C017D7812001201744BB9
:104FF0002FF974323EFA7B012290002F90020013A9
:10500000F275F005A429F9EA35F0FAE92404F9E487
:105010003AFA22E0FF75F0789000321F2212001356
:10502000FEE94A4B22900042EAE0FF22CAEECAC9DA
:10503000EFC97B0122900062E1E07593002275F0D8
:1050400008120013F2E0FEA3E0FF900067F2E0FD1B
:1050500022E090006833FDE09000640C22E0FF75D0
:10506000F0789000310922EE75F078020013F2A377
:10507000F0900066C1020013FE90006505E075F037
:10508000C090000FAA020013F2E4F075F078EF90E0
:1050900000321F22A3F0A3F0FB7F0422900062E6FF
:1050A000120013FEE922FF900062D9E02290006214
:1050B000E0E0FD7593002290006590E0FF75F078C8
:1050C0002290006335E0FF7E00EE22E0FD75F0786F
:1050D000EF9000314D22CEEDCEEFC394022290002E
:1050E0006635E0FF227E017D000200161C7B017AFE
:1050F000637943900064160200141E75F016A42410
:1051000083F9742F35F0FA7B012275F078EF900067
:10511000323422E0FF75F078900031512275F006AC
:10512000ED020013F290002DAF020013F2EFF0A396
:10513000EDF0A3EBF02290003105E075930022E042
:10514000FF75F0789000323B22E0FF75F078900018
:10515000321B22120011ED75F078EF9000311D2204
:10516000FE120013F2E5822F22C874A7C8CC744245
:10517000CCCD7401CD22F0900042EBE0229000668D
:10518000D0E0FF900066D2E0FD22E0FFCEEDCECD74
:10519000CD22E0FF90006333E022120011ED900079
:1051A0006338E004F022EFF0A30200141EE0FF9049
:1051B000006334E02290006338E029F9E43AFA22EF
:1051C000759300E0FE90006634E022F09000550BED
:1051D000E022E0FE75F078EF2290006592E0FEA3F9
:1051E000E0FF22C8E9C8CCEACCCDEBCD2290006626
:1051F000C9E0FF2275F016EF120013F2E0229000D2
:105200006334E0FF2290006764E0FF22900067F7BC
:10521000E0FF2290005CE2E075F003A424EDF5824B
:10522000E4345CF583759300E0900065C1F0A374ED
:1052300008F0E4900065C0F0900065C2E0FF9000C7
:1052400065C1E05F7003015745120132722449F5D0
:1052500082E4346212013234FE900065C3F0743887
:105260002FF582E4346212013234FF900065C4F0FD
:105270007B827AB179BD900065C0E0FD9000625EEE
:10528000E4F0A3EDF0EEFDA3E4F0A3EDF0A3E4F071
:10529000A3EFF012005788B46015A3E070117B8271
:1052A0007AB179E1120016D7900065C47403F090CA
:1052B0000065C4E0FF70030156AE20E3030153779D
:1052C000900065C3E020E30301535E7B827AB179ED
:1052D000E7900065C0120132D6120016D77B817AA2
:1052E0001C79AA1201A8F51201327212019D5DEF1C
:1052F000603FC2E890005CDCE09000623CF0D2E8E5
:105300007B827AB27909120016D790006237E0FDED
:10531000900065C0E09000640CF0A37403F0A374E7
:10532000E8F0A37403F0A374E8F0E4FBFF12010BB0
:10533000A6120132721201322D4408F074522FF578
:1053400082E4346212013234FFC394024029120114
:10535000B0367B827AB27922120016D780197B820E
:105360007AB27931120132F0120057711201322DE6
:1053700054F7F012019C6E900065C4E020E0030138
:105380005436900065C3E030E006120132B4800468
:10539000120132BB120132A17B827AB279520156DC
:1053A000F6120132285401FF900065C3E0FE54015B
:1053B0006F6079EE30E02E90005CE8E0C394085016
:1053C000147B827AB279701200577D7D1E7C0012A8
:1053D00001881F80617B827AB2797E90005CE8123E
:1053E0000132D6804D120132721201322D54FEF07C
:1053F00074572F1201327912013272120132DD120A
:1054000001327E303E0A90006251E06F7002C23E6F
:105410001201324C12013234FFC3940240181201BF
:10542000B0361201324C1201327E800A7B827AB28F
:10543000799B120016D7900065C4E020E103015566
:1054400004900065C3E030E106120132B48004121A
:105450000132BB120132A17B827AB279A2120057CB
:105460007D1201322DFE5402FD900065C3E0FC5414
:10547000026D601CEC30E111744D2FF582E4346252
:10548000120132FA4402F080071201322854FDF072
:10549000900065C3E0FF20E16B5421642170651228
:1054A00001324C12013234FFC39402405790003154
:1054B00007120132861201323430E70D1201324CEC
:1054C00012013234FF1201B0361201324C12013295
:1054D0007E7B827AB279BF120016D7120132722413
:1054E00057F582E4346212013234C39405501590AA
:1054F00000623EE0700E7D1EFC1201881F9000626B
:105500003E7401F0900065C4E030E266900065C32F
:10551000E030E206120132B48004120132BB120103
:1055200032A17B827AB279D8120016D712013228C2
:105530005404FF900065C3E0FE54046F602AEE300F
:10554000E2137B827AB279F6120016D71201322862
:105550004404F0801D7B827AB3790B120016D712B7
:1055600001322854FBF0800A7B827AB2799B1200C8
:1055700016D7900065C4E020E40301572890006529
:10558000C3E05403640360030156A09000623EE050
:10559000C3940250030157287B827AB3792012000A
:1055A0005788FF30E106120132B48004120132BB89
:1055B000120132A1EF30E006120132B48004120170
:1055C00032BB900062611200141E7B827AB379357F
:1055D000120016D71201324C12013234FF600790CC
:1055E0000065C5F080587B017A6579C5900065C07B
:1055F000E0FD12013EC4EF700301569B120133011E
:10560000900065C0E0FE12013251F583759300EF02
:10561000F0EEC454F0FE9000321C120132861201EA
:1056200032FAF0900065C3E030E6131201330190C6
:1056300000315112013287120132344480F090005F
:1056400065C0E0FE0490003106F01201330175F0F0
:1056500078900032341201328AF583759300740514
:10566000F074572E120132799000623EF090006281
:105670003DE0FD9000640C120132C2120132C4E41C
:10568000FBFF12010BA67B827AB3794C900065C5B3
:10569000120132D6120016D7015728C23E015728F0
:1056A0007B827AB37969120016D7C23E807A7B82F8
:1056B0007AB3797B120132F01201326B900065C32C
:1056C00012013266900065C4E0FF90006262E4F06F
:1056D000A3EF12005771120132DD1201323420E0C3
:1056E0001C74492FF582E434621201323430E00D2B
:1056F0007B827AB3799F120016D70153A11201322F
:1057000072120132DD1201323430E41C74492FF57B
:1057100082E434621201323420E40D7B827AB37960
:10572000B1120016D701557D120132722449F5825B
:10573000E4346212013234FE74292FF582E43462BB
:10574000120132FAF0900065C1E0FFA3E0FEF4FD23
:10575000EF5D900065C1F054786015EE25E0A3F090
:10576000900065C0E004F0E0C39404500301523897
:1057700022F0120016D7900065C0E0FF221200163A
:10578000D7900065C0E0FF22120016D7900065C3D5
:10579000E022900062C5120013FEE924AFF9E43A5A
:1057A000FA120011BBFD900062C5120013FEE9243D
:1057B000AEF9E43AFA120011BB75F004A4FF9000B0
:1057C00062C5120013FEE922FF900063101200135D
:1057D000FEE92416F9E43AFA12001427E92FF9EA4F
:1057E0003EFAE92403F9E43AFA020011BBF0900012
:1057F00061FC120013FEE92416F9E43AFA020014DF
:1058000027900062B7E09000326CFF75F0781200CC
:1058100013F2EF2583F58375930022FF900061FC5E
:10582000120013FEE9229000631CE0FF9000631059
:10583000120013FEE92275F004A4FF9000638F129A
:105840000013FEE922900061E9120013FE9000654A
:105850003A1200141E900061ECE09000653DF0905B
:105860000061F9020013FEF9E43AFA1200127FFF18
:1058700090006388120013FEE922759300E0900007
:1058800061F1FEE0FD24B4F582E4345DF5837593A7
:1058900000E0222404F9E43AFA0200127F90006248
:1058A000CB120013FEE92402F9E43AFAEF020011E8
:1058B000ED9000645DE09000645575F004A4FF1263
:1058C0000013FEE92FF9EA35F0FAE92290005E9A1A
:1058D000F0900061FC120013FE9000636912001446
:1058E0001E900061E9020013FECAEECAC9EFC97B2F
:1058F00001900062D41200141E900062D4120013B2
:10590000FEE94A4B22900062B7E0FF900062BAE0E5
:10591000FD900062D1120013FE9000638812001403
:105920001E900062C5120013FE9000638B020014EB
:105930001E900062BC120013FE900062C4E02401BD
:10594000FF900062C3E03400FEE92FF9EA3EFA025C
:105950000011BBE075F004A4FFAEF09000645502A6
:105960000013FEA3F0E4A3F0A3F0A3F0A32224AF5E
:10597000F9E43AFA7401020011D12404F9E43AFA84
:10598000E5F08FF0020012A3E075F004A429F9EA13
:1059900035F0FA0200127F900062CB120013FEE98C
:1059A000229000631CE0C39401FFE49400FE78029F
:1059B000EF229000630D1200141E900061FC0200A3
:1059C00013FE900063B0120013FEE9240122C39479
:1059D00001FF131313541F900061F0F0EF5407A35D
:1059E000F0900061F0E0FF2400F582E434622224AC
:1059F000AEF9E43AFAE4020011ED2420F9E43AFAAF
:105A0000ED020011ED9000630A120013FEE4F5F0C0
:105A1000020012A3F0A3E4F0A37406F0E4A3F0A341
:105A20007408F0A32290006216E0FFC3940874800B
:105A3000948022900062CE020013FEE92401F9E472
:105A40003AFA22900062D1120013FEE922FE900081
:105A5000631BE02EFEC374089EFEC8EEC8EF08224A
:105A6000900062D4020013FE241EF9E43AFA22FEEA
:105A700075F078020013F229F9EA3EFA1200127F5B
:105A8000FF90006313E5F022CAEECAC9EFC97B019B
:105A900022900063B0120013FEE9240822900064F3
:105AA000A8E0FF75F0789000326F22F0A37481F0C7
:105AB000A3E4F0A3747FF022900061FC0200141EA6
:105AC000FF7E00C3940174809480227B007A007969
:105AD000000200141E900063AD120013FEE92407BB
:105AE00022E92FF9EA3EFAE92402221200141E7577
:105AF000F078EF229000631CF0E022E0FF9000625B
:105B000016E022FF7E00900062C3EE8FF0020012CA
:105B100069900062C1E0FEA3E022900062BC120026
:105B200013FE900062C3E0FEA3E029221313135476
:105B30001FF0E490006212F022E0FF90006212E099
:105B4000FEC39F22900062C1FFE4F0A3EFF022FFAA
:105B5000900062C1A3E022C8E9C8CCEACCCDEBCD6D
:105B6000222408F9E43AFA22FF900062CB020013E3
:105B7000FEFF900064AD020013FEFF90006459E048
:105B8000FEEF9E22F09000630D020013FE90006372
:105B90001CE0C394012290006779120013FE1200EA
:105BA000127FFF229000620F0200141EEE2583F583
:105BB00083E5822FF582E4358322900063B60200EC
:105BC000141E2406F9E43AFA222407F9E43AFA22E8
:105BD0007480F0A37406F0227401F0A3E4F0A32211
:105BE000120013FEE92406229000316475F0780259
:105BF0000013F275F004A4FFAEF02290006216E0EC
:105C000004F02290006212E004F022900062BAE0F8
:105C1000648022900063B3120013FEE9241922135A
:105C20001313541FF0900062192290006212E033A7
:105C3000333354F822F074FF020011D1ECF0A3EDDD
:105C4000F090005E99E022FFC374089FFF22F45E8B
:105C5000020011EDFFC3ED94016F22E49000621683
:105C6000F022CEEACECFE9CF22900062B7E0FF2249
:105C70002403F9E43AFA22900064AA120013FEE920
:105C8000229000630A1200141E90006317E4F0A330
:105C900004F0302504E4FEFF221200582C240812E0
:105CA0000057E564016003015F2990006313F0A3CE
:105CB000F012005A05E49000631EF01200582C24E4
:105CC00006120057E5FF90006316F01200582C24CE
:105CD00009120057E59000631DF0EF540790006330
:105CE0001BF0E490006319F090006316E0FF1313BB
:105CF00013541FFE9000631AF0EF540790006315D1
:105D000012005B84E92E120057E59000631CF0122C
:105D100000582C2409120057E5FF7E00D312005AC8
:105D20002C403D9000631DE0FD12005A2C40030101
:105D30005DB49000631CE0FC9000631BE02DFDC38C
:105D400074089DFDC8EDC8EC088002C333D8FC126E
:105D5000005AF4FCC8EDC8088002C313D8FC804F79
:105D6000C3EF9408EE6480948050499000631CE077
:105D7000FF9000631BE012005A598002C313D8FC45
:105D800012005AF4FFC8EEC8088002C333D8FC12D0
:105D9000005AF4FFA3E012005A4D8002C333D8FC2E
:105DA00012005AF4FFC8EEC8088002C313D8FC9052
:105DB00000631CF09000631CE070139000631BE014
:105DC00012005C4790006319E02FF0015EE690003E
:105DD000631512005A294003015EE674B42F1200C5
:105DE0005887FF9000631CE05F7003015ED5900050
:105DF000631EE06003015EC20412005B84900063D6
:105E00001AE029120057E5FEEF12005C4E1200580E
:105E10002C2415120057E5FF12005AC35003015EEF
:105E2000A3EF640170131200582C12005893FFAEB8
:105E3000F090006313EE015EBD1200582C24151281
:105E40000057E5FD120059A6C333CE33CED8F91260
:105E50000057C812005C5490006310603012005765
:105E6000F2EBC0E0EAC0E0E9C0E01200582C2415D3
:105E7000120057E5FD90006319E090006459F0D0DE
:105E8000E0F9D0E0FAD0E012006161801012005712
:105E9000F2900063191200598812005A80F0A3EFA3
:105EA000F0807A1200582C240D12005895FF9000B3
:105EB0006319E02FFFE435F0FE90006313F0A3EFC9
:105EC000F0229000630A120013FEE475F001120044
:105ED00012A301615790006319E004F0900063156C
:105EE000E004F0015DCE9000631BE0540712005CFB
:105EF00047CDEFCDCFCF9000631DE0FEC39F401094
:105F0000CFCFEE9FF0CFCF90006316E02FF080064A
:105F1000E49000631DF09000631DE0700301615781
:105F2000E49000631BF0015CE89000631012001322
:105F3000FE900063691200141E12005B851200FCC3
:105F4000A490006313EEF0A3EFF090006313E0FC65
:105F5000A3E0FDCFEDCF9000631CF04C7003016116
:105F6000531200582C2408120057E512005A2B40F7
:105F7000030160891200582C2406120057E55407CB
:105F8000FF9000631BF0A3E0FE9000631BE0FDC8E0
:105F9000EDC8EE088002C313D8FC12005AF4FEC804
:105FA000EDC8088002C333D8FC12005AF4FE120078
:105FB000582C2409120057E52F12005C47C8EFC87F
:105FC000EE088002C333D8FC9000631CF012005826
:105FD0002C2401120057E564606003016067120021
:105FE0005A05120058262409120057E512005A5487
:105FF0008002C313D8FC9000631CF01200582C24BC
:1060000015120057E512005AC05003016141EF64B8
:1060100001701C90006310120057F212005B8DFF9C
:10602000EE120059ABC333CE33CED8F90160CF1294
:1060300000582C2415120057E5FD120059A6C33351
:10604000CE33CED8F9120057C812005C5460030159
:1060500060F590006310120057F2120059A1C3338B
:10606000CE33CED8F9806812005826240912005782
:10607000E512005A4D8002C313D8FCFF9000631C48
:10608000F090006313E401614D1200582C240112BA
:106090000057E56460600301615312005A05120065
:1060A000582C2415120057E512005AC05003016104
:1060B00041EF6401701F90006310120057F212004C
:1060C0005B8DFFEE120059ABC333CE33CED8F9123D
:1060D000005A7780781200582C2415120057E5FDDD
:1060E000120059A6C333CE33CED8F9120057C812C6
:1060F000005C54603390006310120057F2EBC0E074
:10610000EAC0E0E9C0E01200582C2415120057E55F
:10611000FD12005B8D90006459F0D0E0F9D0E0FAF8
:10612000D0E012006161802590006310120057F2E8
:10613000120059A1C333CE33CED8F912005A77805A
:106140000C1200582C1200589312005A80F0A3EF42
:10615000F0800012005A0590006313E0FEA3E0FFF8
:1061600022FB1200F11290006313EE22C22EE49083
:10617000006825F020190301659D7B827AB8799A21
:1061800090005F71120128C090005F46E0FF12018D
:106190002827120127FDFDA3E09000625FCDF0A348
:1061A000EDF0A3EFF0120016D790005F71E012003F
:1061B0001498644B01644B02648A0564C30664D678
:1061C00007657A0C65820E65251364FB1465451618
:1061D000658C20642B2461F52763E0286409296419
:1061E0001A3062593162B33262FF33634B3463B5A4
:1061F00036000065907B827AB879BD9000552E12EA
:1062000000659E9000552EE014600C14601314601D
:106210001A2403702080247F021201054B7D028026
:10622000227F031201054B7D0380187F04120105B4
:106230004B7D04800EE49000552EF07F0112010585
:106240004B7D01120065B49000552E120128C750F5
:1062500003016590E4F00165907B827AB879E5905E
:1062600000527E1200659E9000527EE01460091478
:10627000601024027016801A7F061201054B7D06FD
:1062800080187F071201054B7D07800EE4900052B5
:106290007EF07F051201054B7D05120065B490006C
:1062A000527EE004F0E0C394035003016590E4F0F3
:1062B0000165907B827AB979079000552D120065AF
:1062C000A99000552DE014600504700C80107F0922
:1062D0001201054B7D09800EE49000552DF07F08DA
:1062E0001201054B7D08120065C89000552DE00491
:1062F000F0E0C394025003016590E4F00165907BE7
:10630000827AB97925900053D8120065A99000537C
:10631000D8E014600504700C80107F0B1201054B4F
:106320007D0B800EE4900053D8F07F0A1201054BDC
:106330007D0A120065C8900053D8E004F0E0C394D1
:10634000025003016590E4F00165907B827AB9798F
:10635000489000527F120128C0120016D7900052B8
:106360007FE014600C14601314601A240370208002
:10637000247F0D1201054B7D0D80227F0E12010539
:106380004B7D0E80187F0F1201054B7D0F800EE4B0
:106390009000527FF07F0C1201054B7D0C7F0112A3
:1063A000019EEA9000527F120128C75003016590B8
:1063B000E4F00165907B827AB9796C9000610512F6
:1063C0000128C0120016D790006105E0FF120105F8
:1063D0004B900060EBE0FD7F0112019EEA016590A9
:1063E0007B827AB9798312012822120127FDFFA34B
:1063F000E0CF120065BB12012822F583759300A33C
:10640000E0FF12019AFC0165907B827AB9799612BD
:106410000016D71201AB930165907B827AB979B0EF
:10642000120016D71201ADE901659012012822125F
:106430000127FDFEA3E04E900053E36007E0440215
:10644000F0016590E054FDF00165901201282212E0
:106450000127FDFCA3E0FDCFEDCFC39401900053D5
:10646000D1F07B827AB979CA9000625EECF0A3ED3C
:10647000F0900053D1E090006260F0120016D71245
:106480000128E51201859C01659012012822120164
:1064900027FDFEA3E04E60197B827AB979F11200E4
:1064A00065CF4401F07B817A1C79191201A8F5802F
:1064B0000D7B827AB979FD120065CF54FEF0D22EA1
:1064C0000165907B827ABA790A120016D77F011291
:1064D000016DC301659012012822120127FDFEA360
:1064E000E0FF900053DFEEF0A3EFF07B827ABA7901
:1064F00024EE120065BBD22E0165901201282212F3
:106500000127FDFEA3E04E900053E36010E0441429
:10651000F01201281B7D0112018B7C8004E054EBFA
:10652000F0D22E806B12012822120127FDFEA3E07B
:106530004E900053E46006E04402F08004E054FD15
:10654000F0D22E804B12012822120127FDFEA3E07B
:106550004E601B900053E4E04440F01201281B24DD
:10656000AA1201283420E00E12018E098008900042
:1065700053E4E054BFF0D22E801612018056D22E82
:10658000800E1201281B12018E098004120128B20C
:10659000302E08120128CF1201560BC21922E090AA
:1065A00000625EF0120016D722E09000625EF012E8
:1065B0000016D7227F0112019EEA229000625EF04F
:1065C000A3EFF0120016D7227F0112019EEA2212D9
:1065D0000016D7900053E3E022900067C8E0A3FFC5
:1065E000E0FE75F0EA900008F4120013F2E5822F45
:1065F000F582E43583F583759300229000674CE0C3
:1066000090003110FF75F078120013F2EF2583F53A
:10661000837593002275F008120013F2E0FCA3E0EA
:10662000FDEF9000091075F0EA020013F275F0EA30
:1066300090000904020013F2F0EF75F0EA900009EF
:1066400018020013F275F005120013F2E0FCA3E04B
:10665000FD90000926EF75F0EA020013F2E0FE90CB
:106660000008F0EF75F0EA120013F2E582229000C4
:10667000092275F0EA120013F2759300ED75F00827
:10668000120013F2E0229000674CE0FFA3E0FD222D
:10669000E0FF9000092675F0EA020013F2759300FE
:1066A000EE75F002020013F290006749E0FF9000DF
:1066B000311175F078120013F2EF2583F5832290E3
:1066C0000064F9E0FF900064F8E0FE75F0EA9000E5
:1066D00008FC22759300EF75F003120013F202001C
:1066E00013FE75F003120013F20200141E900067EF
:1066F0004DE0FF9000674CE0FD7428900066A7F025
:10670000E4FB2290003116ED75F078020013F29050
:106710000064F9E0FF900064F8E0FD22900008A713
:10672000020013F2E0FD9000640CEEF0A3E4F0A38D
:10673000EFF0E4A3F0A3F022759300E0FF90006671
:1067400016E0FEC8EEC874010822759300ED75F0DE
:1067500002020013F290006613E090006612FFE060
:1067600075F0EA900008D022E075F0EAA42420F940
:10677000740935F0FA7B01A375F008E0A429F9EA61
:1067800035F0FA2290006395E0FF90006392E022DA
:10679000900064F5120013FEE9229000323CEE7581
:1067A000F078020013F2E5822EF582E43583F5835A
:1067B000759300229000092575F0EA020013F2F9A2
:1067C000E43AFA020011BBFFE0FD74109000657B13
:1067D000F0E4FB2290006743E0FF75F0EAEE222F21
:1067E000F582E43583F58322E0FB7A00CFEDCFC854
:1067F000EFC87E0074010822E090006612FFE07589
:10680000F0EA900008CC229000674DE0FF9000670E
:106810004C227A5A7974CD7B010200113D249BF5FC
:1068200082E43463F58375930022E490006483F07E
:10683000A304F0E4FF22EFF0A3EDF0A3EBF022902D
:106840000067CAE0FFA3E022900064F8E0FF22E0C6
:10685000FE75F0EAEF2275F078EF90003113229088
:1068600000674AE075930022E075F0EA900008F4B2
:1068700022EFF0EDA3F0900059CEE022ED75F07814
:10688000020013F27B007A007900E0FF2224E0FD91
:106890007B017A6679117401F0229000092075F06D
:1068A000EA020013F275F0EAED020013F2900064C0
:1068B000F9E0FF22900064F9E0FD900064F8E02226
:1068C000759300EC75F002020013F2F074AA2FF534
:1068D00082E43412F583759300E022E4F075F0EA67
:1068E000EE22900067E0E0FF229000674AE0FE752C
:1068F000930022F582E43430F583759300E022752D
:10690000F0EAA424D8F9740835F0FA7B012290004B
:1069100067C4E0FEA3E02275F0EAEE900008AF2223
:10692000900067D4E0FF75F078900031092274D0B0
:106930002DF582E43459F583759300229000674B5E
:10694000E07593002290006488E0FF22EF75F0EA82
:10695000900009232290006745E0FE75F0EA2212BC
:1069600000141E90006746020013FEEFF0A3EDF046
:106970007E02900059CBE02290006749E0FF22EEB2
:106980008FF01200126975F0EAED22FFEE5AFEEF69
:106990005B4E2275930075F003EF229000674EE086
:1069A000640222F090005528E0FF22900066A77450
:1069B00020F0E4FB2290006489E0FE75930022E061
:1069C000FEA3E029F9EA3EFA2290006489E09000F3
:1069D000648822900064F9E0FE75930022900064C0
:1069E000FDE0FCA3E0FD22900064F9E0FC7593005B
:1069F00022F075F078EF9000321F22900067CEE011
:106A0000FF75F07822900059CAE0FF2290006831AB
:106A1000E0FD22900067D9E0900067D822900067DF
:106A200043E0FF22FE75F078120013F2EE22900090
:106A3000674CE0FF229000674DE0FF229000658CDC
:106A40007401F0900042EAE09000658AF012005074
:106A50001312004B64E09000658B12004E2612006A
:106A60004B64E020E703016E8312004CD2900032A9
:106A70003612004B64E0120014986B02026AF503B0
:106A80006B0F046B25056D51066D5D076B4A096C34
:106A9000D00A6CFC0B6C450C6D270D6C290E6CE05C
:106AA0000F6D0C106C55116D36126AB4186B02190B
:106AB00000006E8375F078EF12004B60E060030118
:106AC0006DC09000658AE0FF7B017A65798B1201C9
:106AD0006B299000658AE0BF010D12004DCA1200BB
:106AE0004B647419016C1412004DCA12004B64748B
:106AF0001BF0016DC012004FBB7B02120179330104
:106B00006DA512004FBB7B121200D179016DA51249
:106B1000004FBB900065947405F07B127A00120060
:106B2000D52D016DA512004CD29000320D12004BF4
:106B300064E0FAA3E0FB9000658BE0FD90006594B3
:106B40007409F01200D52D016DA512004CD29000F1
:106B5000311312004B64120013FE9000658D120079
:106B6000141EE9240E12004C4C6003016C199000B5
:106B7000658D120013FEE9240F12004C4C600301D6
:106B80006C1975F078EF9000311B12004B64E4F043
:106B9000A37404F07D06FF7E00120184E112005010
:106BA0002C12004CD29000311D12004B6412004F89
:106BB0001D9000311D12004B64120013FE7404126C
:106BC0000011ED12004CD29000311D12004B6412E6
:106BD0000013FEE92401F9E43AFA74031200515358
:106BE00012004B64120013FEE92402F9E43AFA742D
:106BF000091200515312004B64120013FEE92403E2
:106C0000F9E43AFA7404120011ED12004D8F1200EB
:106C10004B64740CF0E4016DBB12004D98740EF0DF
:106C2000E4FB1200A264016DA512004CD290003169
:106C30001B12004B6412004CDC740CF0E4FB1200DD
:106C4000A264016DA512004D987411F07B0312002F
:106C5000A264016DA512004CD29000310A12004BC3
:106C600064E0FCA3E0645E7003EC64049000658A59
:106C70007041E0FE9000312012004BDEEE12004B1E
:106C800069E4F0A37414F07B017A3079DD9000316F
:106C90002212004BF5EE12004B691200141E9000F8
:106CA000312A12004BFDEE12004B6912004CDC74CD
:106CB0000B8013E0FF75F0789000312A12004B64CE
:106CC00012004CDC740AF07B031200A264016DA573
:106CD00012004D98740FF07B011200A264016DA5A3
:106CE00012004CD29000312012004B6412004CDC98
:106CF000740BF07B011200A264016DA512004D9887
:106D00007410F07B021200A264016DA512004CD237
:106D10009000312512004B6412004CDC7406F07BAD
:106D2000021200A264807E12004D987412F07BEE75
:106D30001200A264806F12004CD290003148120001
:106D40004B6412004CDC7406F07BEE1200A26480EF
:106D50005412004FBB7B07120168FF804812004CA1
:106D6000D29000311012004B64E0FF64016004EF28
:106D7000B4081012004CD29000323612004B64E47A
:106D8000F0803812004CD29000317012004B64E059
:106D900030E51A9000658BE0FDE490006629F07BF9
:106DA0000112016C369000658CEFF0801312004CDC
:106DB000D29000323612004B64E4F09000658CF003
:106DC0009000658A12004B5BE0640E601212004D69
:106DD0008F12004B64E06007641B6003016E791240
:106DE000004CD29000321F12004B64E0FF1201A34E
:106DF000DF12004CD29000323612004B64E0602566
:106E00009000658AE0FE9000322B12004BF6EE12E5
:106E1000004B69740EF09000323612004BFDEE12FA
:106E2000004B69E4F012004F8212004B64E024F83A
:106E30006007146004240870279000658AE0FFE46E
:106E4000FD120111D6EF9000658A6003F0801112E7
:106E5000004B5B740EF012004D8F12004B64E4F097
:106E6000900030F5E09000658A1200505612004CF8
:106E7000691200509402010BA69000658CE070032B
:106E8000016A6922900063331200512DC2399000CB
:106E900063427402F0E4A3F012004E3FE0900063FE
:106EA00036F090002F7D120051F4540F9000634192
:106EB000F012004E01120051AEFE2469F582E43456
:106EC0002F12004E0DFD5F605674692EF582E4347A
:106ED0002FF583C083C08275930012004E01F4FF2A
:106EE000ED5F759300D082D083F090006333E0FFB4
:106EF00075F01690002F9012004EABFC7D04C0E0A0
:106F0000EDC0E075F016EF12004C91E0FD900063CB
:106F10003312004F47D0E0FFD0E0FE1200161C9065
:106F200000633412004DE612004B64E0B4090D908A
:106F3000006333E0FD1201367C0172699000633614
:106F4000120051AD9000316412004EC4EE12004F99
:106F5000272F12004B82E06401600301702F900024
:106F600063447420F09000325F12004CCAEE1200AD
:106F70004B691200501D70030170099000550CE020
:106F800030E1227B827ABB79D8120016D712004DED
:106F900045A3E0FF90006336E0FD900063351200EA
:106FA00072807F0022120050C1C0E0EFC0E01200EA
:106FB0004D45EBC0E0EAC0E0E9C0E012005169D005
:106FC000E0F9D0E0FAD0E0FBD0E0FFD0E0FE120024
:106FD000113D120051FE90006336E0FD90006335D4
:106FE0001200726C301F22301D1DC21D120050C1D4
:106FF000C0E0EFC0E07D0012004D45D0E0FFD0E0E2
:10700000FE1200161C8002D2391201A67BEF60022C
:10701000D2399000550CE020E10301711F12004DA0
:1070200020E4F075F016EF12004C91E4F0FF22908E
:107030000063447440120051CB20E73112004E3FF0
:10704000E0FDEF12004D4A120051FEA312007280C3
:107050002024037F002290006006E030E4037F00DC
:1070600022120050ED900064197401804A12005001
:10707000C1C0E0EFC0E012004D45EBC0E0EAC0E067
:10708000E9C0E012005169D0E0F9D0E0FAD0E0FBAD
:10709000D0E0FFD0E0FE1200113D90006333E0121B
:1070A000004E45E0FD120051FEA31200726C12006A
:1070B00050EDE490006419F07B017A5E799A120039
:1070C000C9D99000550BE020E7137B017A4D794632
:1070D00090006343E0FD1201B0F47F002290006352
:1070E0003412004D64ED12004B69E030E131900044
:1070F0005528E0FF12004F6774011200728EEF6096
:107100000B1201A67BEF6017D2398013900055282F
:10711000120051ADFD12004F6774021200728E30E2
:10712000390301726912004D20E0FE90006338F0CF
:1071300075F016EF12004C91E0FFEE6F7007120031
:107140004CF2E0801D90006338E0FED39F400A12AD
:10715000004CF2E0C39E2F800990006338E0FEC32C
:10716000EF9E90006337F090006335E02401FFE468
:1071700033FE90006337E0C39FEE6480F87480981C
:10718000500C90006333E0FF12013DF580919000B8
:10719000633512005192FE12004E64120051B5EF99
:1071A0001200519A75F016EE12004CFAE0FF9000B2
:1071B0006338E0C39F4002E4F0E4FF90006335E0F1
:1071C000FEEFC39E503890006333E075F0489000A6
:1071D000019C1200516012004B82E0FDEE12004E45
:1071E00064120051B5ED1200519A12004CF2E0FE0B
:1071F00090006338E0C39E4002E4F00F80BD900031
:10720000633812005192FE12004D26EFF07C007D93
:1072100004ECC0E0EDC0E090006338E0FDEE120049
:1072200050FBD0E0FFD0E0FE1200161CE49000639B
:1072300041F0900063367404F090006336E0FF90F4
:10724000006341E0FDC39F50209000634412005151
:1072500092FB90006342E0900066CBF01201506C0C
:1072600090006341E004F080D07F01227B017A42EC
:1072700079A7E0900061ECF0E4A3F012001D3B223E
:10728000E0900061ECF0E4A3F012001D3B22F090CE
:10729000006333E0FB1200BD1922900064981200D5
:1072A0007AA0120076B7E0540F9000649CF0E4904E
:1072B000006499F09000649CE0FF90006499E0C342
:1072C0009F40030176A9E4A3F090006499E0900048
:1072D0006498120076C4FD9000649AE0FCC39D405F
:1072E00003017682120077FEEE120076BC75F0067E
:1072F000EF12007880E5822C120076DA5460646028
:10730000600301767890006499E0FE120078EC90BA
:1073100000315212007917E5822E120076DA6403EA
:10732000600301740C75F078EF90003164120079FD
:107330001AE5822E120076DAB4012190006499E0F9
:10734000FDA3E0FB120177D5EF70030176821200F6
:1073500078EC75F0789000325B017406120078ECDE
:1073600075F0789000310A120076B7E0FCA3E06473
:107370000B7003EC6406600301740C75F078EF90F9
:1073800000310C120076B7E0FEA3E064707003EEEB
:107390006422707812007A2690003164120076CA56
:1073A000706A7D017F10FE120184E19000649812E2
:1073B00000784175F07890003262120076B71200C2
:1073C000141E75F078EF90003262120076B712004A
:1073D00013FEEA494B700301768275F078EF900056
:1073E000325B120076B7120079BF9000325C120057
:1073F00076B7120079BF9000325D120076B71200A6
:1074000079BF9000325E120076B7E4F07B017A64B7
:10741000799B12017C44EF70030176661200792497
:1074200012007758C083C082E090006498120079FF
:10743000D9D082D083F090006499E0FE90002F7C38
:10744000120078F7EEF09000649AE0FFA3E0FE757A
:10745000F016120077DCEFF090002F7F120077F625
:10746000E4F075F016EE90002F80120013F2EE1289
:107470000077C1ED2583F583C083C082120079E2D5
:10748000D082D0831200787D120076D7FF12007769
:10749000F2EFF0120077F2E0FD120078EC7B017A57
:1074A00064799D12019CE7120078ECC39408502B7C
:1074B0009000649BE0540F4460FE9000649DE0FDEA
:1074C00075F0EAEF900008B7120013F2E5822DF58F
:1074D00082E43583F583759300EEF09000649DE0BF
:1074E000C454F0F01200792475F016120077DCC055
:1074F00083C082E09000649D120079D9D082D0834D
:10750000F090006498E0900031C5120077B9EE2544
:1075100083F583C083C082120079E2D082D0837564
:10752000F006120013F2C083C0829000649AE075E6
:107530009300D082D0832582120076DAFDEF541FAB
:10754000FFED4F759300F0900031A1120079FFEE2E
:107550002583F583C083C082120079E2D082D08374
:1075600075F006120013F2C083C0829000649AE0A6
:10757000759300D082D0832582120076DAFF9000C6
:10758000649EE4F0A3EFF0120078EC9000649BE0BE
:10759000FD1200CF9DEF64016003017678900064D6
:1075A0009EE0FEA3E0FFD39410EE94005048C37415
:1075B000409FFF9000649BE0FE90002F8B120077AD
:1075C000F7EFF0EE75F048A4249CF9740135F0FA59
:1075D0007B019000649EE0FEA3E029F9EA3EFA12E6
:1075E00000792475F016120077A11200141E120003
:1075F00078F3E4F080409000649BE090002F8B12C1
:107600000078F874C0F07D02FF7E00120184E190E2
:1076100000649B1200784175F016120077A11200E9
:10762000141E1200779D120013FEEA494B600712E8
:107630000078F37408F0120079241201908412008B
:107640007A26FE75F07890003152120076CEB40999
:10765000271200792490003276120079FFEE120092
:1076600076BCEFF08012120078EC75F07890003262
:1076700076120076B774FFF09000649AE004F0018F
:1076800072C990006498E0B401151200792490004A
:107690006499E024E4F582E4346112007AAAF0905F
:1076A000006499E004F00172B42290006514E09047
:1076B00000322BFF75F078120013F2EF2583F5836B
:1076C00075930022FFE090003177FE75F07812008C
:1076D00013F2EE2583F583E5822FF582E43583F5F9
:1076E00083759300E02290006515E075F01190001D
:1076F0002DBF020013F274047B017A66793A900080
:10770000665CF02290006514E0FE75F0789000321F
:107710002B020013F290006514E0FF75F07822FF51
:1077200075F011120013F2E0FCA3E0FDEF75F0110B
:1077300090002DB7020013F29000663AF074017BBE
:10774000017A66793A9000665CF022EE75F07890E6
:10775000003107020013F2EF90002F7B75F0160244
:107760000013F290002DAEE0FD90006514E0900053
:10777000640CF0E4A3F0A3F0A3F0A3F022EE75F004
:1077800078020013F290002DAFEF75F01102001394
:10779000F275F078EE90003234020013F275F016B4
:1077A000EF90002F8D020013F290006515E075F048
:1077B0001190002DBD020013F2FE75F07802001347
:1077C000F2F09000317DED75F078020013F2F004D4
:1077D0007B017A66793A9000665CF02290002F7DFA
:1077E000020013F29000665C74047B017A5C79DD20
:1077F000F02290002F7EEE75F016020013F290003A
:1078000031C5EE75F078020013F29000665C7404E6
:107810007B017A5D79ABF02290002DBB020013F260
:1078200090006494E0FF9000019475F0480200130A
:10783000F2E5C7F0A3E5C7F0A3E5C7F0A3E5C7F0FD
:1078400022CAEECAC9EFC97B01E0FF229000323C98
:10785000020013F290006517E0FFD390006519E075
:107860009F90006518E02275F01190002DB0020085
:1078700013F2E4F075F078EF900032342275F006E0
:10788000120013F27593002290006514E0FF22129B
:107890000013FEE92FF9E43AFA020011BB900064EC
:1078A00094E02401FFE433FEC3EF22E0FF1E7C01DD
:1078B0007D781200120174072FF974313EFA7B01B2
:1078C00022E0FF25E025E02473F582E4342F2290A6
:1078D00000651AE0FF22ED75F048020013F27B010B
:1078E0007A5D79B09000665C7404F0229000649830
:1078F000E0FF2290002F8CEF75F016020013F2FECD
:1079000075F078020013F2E09000651AF06402222C
:107910009000676DE0FF2275F078120013F2EF25FA
:1079200083F583229000649BE0FF229000665C74E4
:10793000027B017A66793AF022E075F003A424ED27
:10794000F582E4345CF58375930022E075F003A4BE
:1079500024ECF582E4345CF58375930022E0FEA309
:10796000E0FF90006515E0FD22E475F001120012C1
:1079700069FED3E5F09410EE942722120013FECE98
:10798000EACECFE9CF2290002DB2020013F2900090
:107990006492E024E4F582E4345C227E007F047D7E
:1079A000000200161C7B017A5C79E19000665C7431
:1079B00001F07F3722F075F078EF9000322922E451
:1079C000F075F078EF2290000199120013F2E02296
:1079D00075F078EF9000323C22FEE0FDEE4D75939D
:1079E000002290006499E075930022A3E0FD9000CE
:1079F0006518E0FAA3E0FB229000676EE0FF22EE3C
:107A000075F078020013F2120011ED90006517E096
:107A100004F02275F01190002DAF020013F29000D7
:107A2000676EE004F02290006499E0FF9000649893
:107A3000E02233333354F890006494F022EF25E0D1
:107A400024F5F582E4346222C2E8E4F5C6AFC7EF5C
:107A500054FC227B017A5D79B022120013FEEF0202
:107A60000011ED7B017A66794022E0FEA3E0C39D20
:107A70002290006516E09000061C2290006514E03C
:107A8000FE75F0782290006492E0FF2290006493EB
:107A9000E0FFC3940822547FFF9000676DE06F22DF
:107AA000EFF075F0789000315122F583759300EF77
:107AB000229000674CEFF0A3EDF0A37402F0C23601
:107AC000120178BF900059CEE0FF54606003017B43
:107AD000BFEF7079900059C6E0120014987B370010
:107AE0007B1C017B0F037B04057B29067B34077B12
:107AF00042087AF90900007C7F1200668612014A6A
:107B000095017C411200668612016CBB017C41121A
:107B10000066867B011200FB46017C4112006686EE
:107B2000E4FB1200FB46017C4112006686120166EE
:107B30003D017C41017C58120066861200FE000166
:107B40007C411200668612017BD7017C419000596E
:107B5000CEE064017034900059C6E024FA6020241D
:107B6000FC6011146003017C7F12006686120130F4
:107B700065017C4112006686120133E7017C4112E7
:107B800000668612018980017C41900059CEE06434
:107B9000026003017C7F900059C6E014601424FE4B
:107BA0006003017C7F120066867B011200FB4601A8
:107BB0007C4112006686E4FB1200FB46017C41908A
:107BC0000059CEE0FF546064206003017C5EEF64E6
:107BD000237003017C7F900059C6E024FE700301EE
:107BE0007C7F14603624FA603C14604314604A249D
:107BF0000A705612006A2E1200689AC083C08290E2
:107C000000674DE0FD759300D082D0831200667D41
:107C100030E70612018F988028803D120066861298
:107C2000016D3F801C1200668612011A208012121C
:107C3000006A2E12019C3180081200668612011320
:107C40000B9000674EEFF08036120065FBE0640990
:107C5000602DEFC3940240279000674E801990007A
:107C600059CEE05460FFBF40169000674CE0C394CB
:107C7000029000674E40057403F080037402F09098
:107C800000674CE0FD12006692C083C08212006A59
:107C900035759300D082D0831200667DFAA3E04A46
:107CA0007058120066F9120170C49000674EE060CF
:107CB0001964036015120065FBE0B4090412007E2C
:107CC000761200699B7003017E591200680712004A
:107CD00065E07406F09000674EE0B403129000591E
:107CE000CF12006724FB7F0312010BA6017E5912FD
:107CF0000066861201A9A9017E591200699B7015C0
:107D0000120065FBE0B4090412007E761200699B44
:107D10007003017E599000674EE0B403289000592B
:107D2000CFE0FD9000674CE09000640CF012006A18
:107D3000359000640D1200672DFB7F0312010BA626
:107D4000D236017E0412006A2E75F078900032342B
:107D500012006608E0640D6003017E049000674D28
:107D60001200684F900008FC120066672E12006532
:107D7000F0E07003017E049000674CE075F07890AD
:107D800000322B12006608E4120069F11200660846
:107D9000E0FF1201A3DF12006807120066C912009B
:107DA00065E9E4F01200679AEE1200660DE4F075E2
:107DB000F078EE90003221120013F2EE1200660D00
:107DC000120013FECEEACECFE9CF1201AA969000A0
:107DD000674C1200688475F07890003221120066BA
:107DE000081200141E75F078EF9000323E12006603
:107DF000081200680BE09000323412006A2412006E
:107E0000660DEFF09000674CE0FD1200689AC083A9
:107E1000C08212006A35759300D082D0831200664A
:107E20007D30E720120066F9120170C420362A90D6
:107E300000674EE06407602112006686E4FB1200D2
:107E4000CBCD8015203608120066ED120170C412E9
:107E5000006686E4FB1200825A9000674EE0B4028E
:107E600014120066ED120170C412006807E0FDE410
:107E7000FB12018F49229000674DE0FD12010A6557
:107E80009000674EEFF0229000656CEFF0900008D4
:107E90005912009795E030E7037F00221200980FF7
:107EA000C3940840037F0122CFEECF1201AE4BEF07
:107EB0007002FF221F1200980F12009957F5837568
:107EC0009300EEF0EE120099721200987CF0900090
:107ED000656CE01200970A640970307D1B7F90FE8C
:107EE000120184E1CAEECAC9EFC97B019000656C3A
:107EF000120097351200141E75F0EAEF1200973A3F
:107F0000120013FEEA494B7002FF22120099381248
:107F10000097FAE04480F075F078EF9000321C1280
:107F20000097125470C4540FFF9000656DF07C00F0
:107F30007D04ECC0E0EDC0E0EF04FD9000656CE076
:107F400075F0EAA424A2F9740835F0FA7B01D0E0B8
:107F5000FFD0E0FE1200161C1200997C9000321B2C
:107F60001200970E120097E4EF12009767120013A9
:107F7000FE9000656D120096FB12009805ED120050
:107F800011ED12009938900008AF120097FE74802E
:107F9000F075F078EF9000310F12009712FF120089
:107FA000980F120098D4120013F2EFF09000657051
:107FB0007401F075F078EE90003151120013F2EE7A
:107FC00012009717540F90006571F0E4FF90006560
:107FD00071E0FEEFC39E40030180EDE49000656F09
:107FE000F01200980F75F07890003177120013F2BC
:107FF0001200984712009719FD9000656FE0FCC3CE
:108000009D40030180E975F078EE1200975E120042
:1080100098A1759300E5822CF582E43583120097D0
:1080200019547FFD90006570E0FC12009722120049
:1080300097841200980D75F0781200975E120098E0
:10804000A1C083C08212009903D082D0831200990C
:10805000471200971930E7109000657012009720C2
:108060002D120096894420F01200980F75F0789038
:108070000031A112009762120098A1C083C0821241
:10808000009903D082D0831200994712009719FDFE
:1080900090006570E0FC120098D31200972A12003D
:1080A00097841200980D75F078900031C5120097F2
:1080B00062120098A1C083C08212009903D082D0BE
:1080C000831200994712009719FD120098BF120001
:1080D000972A12009784EDF090006570E004F0900C
:1080E00000656FE004F0017FE10F017FCD90006536
:1080F00070E0FF9000656C12009790EFF0E4900044
:10810000656FF090006570E0FB12009983C39B409F
:10811000030182061200997C120097232E1200960A
:108120008930E7099000656E7480F0802012009914
:1081300083ED120097232E1200968930E5099000F6
:10814000656E7420F08006E49000656EF012009970
:10815000831200997C120098C01200972A2E1200F8
:1081600096895460FCBC20199000656EE04440F094
:10817000ED120098D41200972A2E1200978574C031
:10818000F01200966F7003EF7072E4FF9000656F5D
:10819000120097202D1200968920E52CED04FEC3D5
:1081A0009B50259000656CE0FC120097232D120077
:1081B0009689540FFD75F0EAEC120097262E1200F6
:1081C0009689540F6D70010FEF70311200966F5445
:1081D0000FFB120098D312009682FF9000635AE4BE
:1081E000F0A3EFF0120099389000656FE0FD900069
:1081F000656EE090006359F01200EC839000656FAB
:10820000E004F00181039000656CE09000311812E9
:108210000097E8EF12009767120013FE7C007D04C0
:10822000ECC0E0EDC0E0E92407F9E4120097C74490
:1082300080FDEF75F0EAA424CCF9740835F0FA7BE0
:1082400001D0E0FFD0E0FE1200161C12009938E4C5
:10825000FB7D0F1200BAD77F0122900064F8EFF087
:10826000A3EDF0C235CFEBCFEF600301830E90009A
:1082700064F812006690C083C082120069D3D08275
:10828000D083120066151200669DECF0A3EDF0128B
:108290000068481200663AC083C082120069D3D0D9
:1082A00082D083120066A1E4F0A3F075F0EAEF1229
:1082B00000671CE0FD900064F8E0120066221200E6
:1082C000669DE0FEA3E0D39DEE9400120068AD90A1
:1082D0000064F8120068685009120065E97405F03E
:1082E0008007120065E97403F0120066BF12006592
:1082F000E9E060030185EF7B017A5979D4EE120041
:10830000662D12006993120013F20200141E12006F
:10831000670FE4900064EDF0FB12017F2890006489
:10832000FDE4F0A3EFF0120066BF120065E9E06023
:1083300016120069DD900032441200679EEE1200B2
:10834000660DECF0A3EDF0900064FDE07002A3E098
:10835000701D120066C5120065E9E070030185EF2B
:10836000D2351200679AEE1200660D7406F02212E2
:1083700000670F120065E2E06403601075F0EAED3B
:10838000120065E5E064056003018486120066BFA3
:10839000120065E9E075F0EA600BEE12006630123B
:1083A0000066D38029EE12006630C083C0821200BE
:1083B00068AD759300D082D083120066D7EE1200AC
:1083C000663A759300EF120066A1120069BF900033
:1083D00064FA1200141E900064FA120013FE1200D8
:1083E00068B4900063E11200673112015CA590004F
:1083F00064F8E0FE9000310912006708EE12006692
:108400000DE030E124900064F9120067D890000874
:10841000BF120065E9E030E61012006715900064B5
:10842000FA120013FE12010695120068AD90006466
:10843000F8120065E0E06403600301854675F0EA28
:10844000EE1200663D759300EF1200674EE0FEA34A
:10845000E0FF120069DDEF2DFDEE3CFC900064F8BA
:10846000E012006622C083C082120068AD759300DE
:10847000D082D083120066A1E0FAA3E0C39DEA9CFB
:10848000501312006715120085F012006848A3E02F
:10849000FD0201A6A5900064FDE0FEA31200671393
:1084A0001200663AC083C082120069E7D082D0838E
:1084B000120066A11200697F1200663D120068C0BA
:1084C000E0FEA3E0FF900064F8E012006622C083A3
:1084D000C082120069E7D082D083120066A1E0FA60
:1084E000A3E0C39FFFEA9E900064FDF0A3EFF012AB
:1084F000006715120066CB120066672C120065F04B
:10850000E0700A120068AD120085F08002D23512C8
:1085100000684875F0EA1200671CE0FDD390006423
:10852000FEE09D900064FDE09400507C900064F9B2
:108530001200684F900008F4120066672E12006562
:10854000F07405F080621200670F120065E2E064CB
:1085500005704A75F0EAED120065E57406F0120048
:1085600069AB120170C4120068B4FB1200682A12D1
:10857000017EC31200670F120066CB120065E9E0AE
:108580007017120067CA12017A89120068486018D1
:10859000A3E0FD1200F295800FD235800B12006827
:1085A00048A3E0FD1201A6A53035441200684875C5
:1085B000F0789000322B120066087405F075F078A0
:1085C000EF9000323C120066087406120069F11246
:1085D000006608E0FB90005DBC120068B890006483
:1085E0000C12006731A3F0A3F07F0412010BA62246
:1085F000900066A77420F0E4FB120170C422900082
:1086000065B5EDF0900065B4EFF01200E9F91200E5
:10861000E9781200EA91E075F005A4FFAEF029F9BF
:10862000EA3EFA1200EA5E900065B61200EAE5FD45
:108630001200E9F9120013F2ED1200E97D120013A5
:10864000FEE92FF9EA3EFAE924011200EA61FE9000
:108650000065B4E01200E9F9120013F2ED1200E92E
:108660007D1200EA91E01200EAB8120011BB7C0012
:108670002400FFEC3E900065B8F0A3EFF090006599
:10868000B6E030E02F900065B8E05401FEA3E0545E
:1086900003FFBE0112BF010F1200E9D71200EAA8C2
:1086A000FB7A00120182A31200E9D71200EA1074CB
:1086B00010018907900065B6E0FE30E40D1200E974
:1086C000D71200EA107414018907EE30E117120086
:1086D000E9D71200EAA87B02120089451200EA10CD
:1086E0007411018907900065B8E0FEA3E0FF20E067
:1086F00003018884EE5401FEEF540264027003EE1D
:10870000640160121200E9D7E4900065B2F07B02C8
:108710007A01120182A3900065B9E020E151900036
:108720005CE8E0C39408503A900065B5E0FF04FEB1
:10873000900065B4E0FB75F0789000321D120013D4
:10874000F2EB1200E97DEEF0900063471200EAECD4
:10875000EFF0A3E4F0A3740AF0A3E4F0A3740A0119
:1087600088777B817A1C79731201A8F50188EB90D8
:108770000065B8E020E003018881900065B4E0FF67
:108780001200EAB01200E978E0D3940050030188A7
:1087900057900065B4E01200EAB01200E9781200C8
:1087A000EA9A900031081200E978E0FD7B017A65D1
:1087B00079B712013EC4EF7003018881900065B75C
:1087C000E0FD900065B41200E9F71200E9781200AC
:1087D000EA911200E9C4ED120011ED1201A62690F3
:1087E000003106EFF0900065B8E030E1131200EAC6
:1087F000F375F078900031511200E978E04480F090
:108800001200EAF375F078900032341200E97874BF
:10881000051200EAE5FE75F078EF9000321B1200B9
:10882000E978EEF0900065B5E0C454F0FF90006583
:10883000B7E09000321C1200EA18EE1200E97DEF5A
:10884000F0900030F51200EAECEE1200EA86FB7FB1
:108850000412010BA6802A90006347E0FD9000659A
:10886000B4E0FBA3E09000640CF0A3E4F0A3746414
:10887000F0A3E4F0A37464F0E4FF12010BA67F03FD
:10888000227F0022900065B8E020E046900065B5A8
:10889000E0C454F04408900065B71200EAE5FF75A3
:1088A000F0789000323B1200E978740CF090002FC1
:1088B000711200EAECEFF01200EAF39000640DE4AC
:1088C000F0A3EFF0E4A3F0A3F0FB7F0312010BA6EB
:1088D0008019900065B9E020E1111200E9D7E49019
:1088E0000065B2F07B02FA120182A3900065B6E047
:1088F00030E3281200E9D71200EAA87B08120089A9
:10890000451200EA107413F07B0112019E7A900068
:1089100065B41200E96F7404F0FF22900065B8E0BE
:1089200020E01F1200E9D71200EA107408F07B0360
:1089300012019E7A900065B41200E96F7403F07F13
:1089400004227F00227A00120182A3900065B4E025
:10895000FFA3E0FD221200502554F0FEC4540F90F6
:1089600000650CF0EF540FFF90006508120051767F
:1089700090006506F0D23B12004E2712004B64E0D7
:1089800020E703018C5B9000650812004D64ED1236
:10899000004B69E030E10C90006506E0FF120155E4
:1089A0005B803912004FC51200505F12004B64E02B
:1089B000FE30E22890006506E0900008BF12004EED
:1089C000BBE5822D12004C2AE05410FFEE54106FCC
:1089D000600A12004FC57D0112015341E490006509
:1089E00009F012004FC51200511512004B64E054FB
:1089F0000FFE90006509E0FDC39E4003018B1A1233
:108A0000004C9912004F262D12004B82E064037037
:108A10005690006509E0C8EDC87401088002C333B0
:108A2000D8FC9000650AF012004F3B900008F0124D
:108A3000004C1FE0FF9000650AE0FCEF5CA3F090A3
:108A400000315012004CBEEE12004B69E05CFF900A
:108A500000650BE0FB6F600F12004FC5900066339E
:108A60007401F0120166CB9000650812004DE61209
:108A7000004B64E064017003018B1090006509E015
:108A8000FEEF12004DA9EF12004B7BE0900008D8DA
:108A900012004EBBC083C08290006506E075930053
:108AA000D082D08312004E73E5822E12004C2AE051
:108AB0006D605D9000650912004F3FFE900008D880
:108AC00012004EBDC083C08290006506E075930021
:108AD000D082D08375F00612004C23E0FDEE120028
:108AE0004DA9EE12004F272F12004B82EDF090009F
:108AF0006509E0FD90006508E09000316A12004DC4
:108B00000212004F262D12004B82E0FB1201A79E9D
:108B100090006509E004F00189E290006506E0FE3E
:108B200012004FC512004D71E5822E12004C2A1220
:108B30000050CB12004B64E06D604190006508E08E
:108B400012004D71E5822E12004C2AE0602E75F065
:108B5000EAEF12004D74E5822E12004C2A120050EA
:108B6000CB12004B64EDF075F0EAEF12004D74E5A6
:108B7000822E12004C2AE0FD1201AC4012004FC5BB
:108B8000C394015003018C5B12004F8212004B64AE
:108B9000E064036003018C5B12004F3B75F0EA90C8
:108BA00000089E12004C23E4F09000650704F0904A
:108BB000006508E0900008A612004DF9E0FE900064
:108BC0006507E0FDC39E4003018C5B900008B7126F
:108BD000004F57E5822D12004C2AE054606460700B
:108BE0007012004F3BFD90006507E0FB120176EB31
:108BF0009000650AEFF0601412004FC59000650701
:108C0000E0FD9000650AE0FB12019F2290006507DD
:108C1000E0FFA3E075F0EA900008B712004C23E0F3
:108C2000540F90006509F0E075F01612004FF9C07E
:108C300083C082E0FF90006506E024B8F582E4344A
:108C40005D12004E0DF4FEEF5E759300D082D0836E
:108C5000F090006507E004F0018BAF9000650C1206
:108C6000004F3F04F0C39F503EE0900031071200D8
:108C70004D31EE12004B69E030E7E0EFC454F0FFF5
:108C8000EE2FFF9000650BF09000310412004EF5BE
:108C9000EFF090006506E0FF9000640D12004C6557
:108CA000FB7F0302010BA6C23B22C0E0C0F0C093D1
:108CB000C083C082C0D0E8C0E0ECC0E0EDC0E0EE10
:108CC000C0E0EFC0E07815A69FC22F7815E630E02F
:108CD0001254FEF67811760008A6A308A6A408A6EA
:108CE000A580497815E630E11254FDF67811760139
:108CF00008A6AB08A6AC08A6AD80317815E630E230
:108D00001254FBF67811760208A6B308A6B408A69A
:108D1000B580197815E620E303018FD954F7F6786A
:108D200011760308A6BB08A6BC08A6BD7812E6FF0C
:108D300030E55518E6FE701275A6997818A6A7E6D4
:108D400054DFF6F5A775A699803EEEB4011275AE14
:108D5000997818A6AFE654DFF6F5AF75AE9980287E
:108D60007811E6B4021275B6997818A6B7E654DF02
:108D7000F6F5B775B699801075BE997818A6BFE656
:108D800054DFF6F5BF75BE99EF20E703018F327807
:108D900013E6FF5470C4540FFE7816F6EF5407081C
:108DA000F67811E6FF75F0EAEE9000089A12009648
:108DB00082FF7817120097AE12009719FEEF5E70CF
:108DC00003018E97E6FF18E6FE1200976F781112E6
:108DD00000994F12009682FD75F0EAEE9000085A55
:108DE000120013F21200994F1200972A2F120097C7
:108DF00085EDF07843E6FF7817E6FE18E6FD1200F1
:108E0000976F7811E6FC120099501200972A2E12E3
:108E1000009785EFF07814E630E47CD22FED24E063
:108E20007819F6EC14602414603B1460522403702B
:108E3000667819E6FFF5A618A6A7120097AD1200EE
:108E400097190846F6F5A78FA6804C7819E6FFF526
:108E5000AE18A6AF120097AD120097190846F6F5A6
:108E6000AF8FAE80327819E6FFF5B618A6B71200BC
:108E700097AD120097190846F6F5B78FB6801878A7
:108E800019E6FFF5BE18A6BF120097AD120097199C
:108E90000846F6F5BF8FBE7811E6FF7816E6FE901D
:108EA0000009001200967F20E003018F327811E65E
:108EB000FD75F0EAEE9000089E1200972A2D120030
:108EC0009785E4F075F0EAEE900009001200972A09
:108ED0002D1200968954FEF0E6FD75F0EAEE900042
:108EE00008C81200972A2D1200968944807818F637
:108EF00074892EF582E434611200971908F6ED703A
:108F00000A18E6F5A708E6F5A68027EFB4010B7866
:108F100018E6F5AF08E6F5AE80187811E67818B4D3
:108F20000209E6F5B708E6F5B68007E6F5BF08E6FC
:108F3000F5BE302F03018FCF7812E6FF30E23F18E5
:108F4000E614601314601914601F2403702275A6C0
:108F5000987818A6A7801975AE987818A6AF8010D3
:108F600075B6987818A6B7800775BE987818A6BF0A
:108F70007818E630E508EF54FB7812F66051781166
:108F80001200982D24AEF582E434121200987CF081
:108F900078121200982D24AFF582E4341212009852
:108FA0007CF078131200982D24B0F582E43412126C
:108FB00000987CF078141200982D24B1F582E434E6
:108FC000121200987CF006E6C394404002760078C6
:108FD00015E6540F6003018CC9D0E0FFD0E0FED04D
:108FE000E0FDD0E0FCD0E0F8D0D0D082D083D093A8
:108FF000D0F0D0E0329000676DEFF0E49000676F42
:10900000F0C220C2217B827ABC794F120016D79021
:10901000006355E060111200791090006354E06F16
:10902000700590006355F0120079101201AF06121E
:10903000007910C39408503B75F0EAEF900008598E
:10904000120013F2E030E72B7E007F04EEC0E0EF69
:10905000C0E07D009000676DE075F0EAA424FCF9A3
:10906000740835F0FA7B01D0E0FFD0E0FE12001664
:109070001CD2217B827ABC795D1200931175F07845
:1090800090003221120076B71200797BEF4E6035E6
:10909000120079109000625EF075F0789000322135
:1090A000120076B7120013FECFE9CFCEEACECDEB99
:1090B000CD7C009000625F120013E67B827ABC795F
:1090C00065120016D77B827ABC799C1200931175C9
:1090D000F07890003110120076B7E0B4090B9000E0
:1090E0005CB2E0600B14F08007302104120104012F
:1090F000E49000676EF0120079F8C3940C504F9022
:1091000000676DE090003111120078FFEE120076DA
:10911000BC75F005EF120013F2E0FCA3E04C6028F0
:109120009000311312007802EE2583F583C083C0CE
:10913000829000676EE0759300D082D08375F00551
:10914000120013F21200931C12007A1E80A87B8278
:109150007ABC79A41200932B75F0789000325F12DC
:109160000076B7120092FC75F0789000326212001F
:1091700076B7120092FC75F0789000326812007693
:10918000B71200931C1200791075F07890003272BB
:10919000120076B71200797B1201AA967B827ABC04
:1091A00079AC1200932B75F0789000311012007694
:1091B000B7E0B403041200DA8E7B827ABC79B41271
:1091C0000016D79000676E7412F0120079F8C394FD
:1091D0001A502112007785E030E71312007A96705A
:1091E0000DA3E0FF12007A13E4F012019A7E120040
:1091F0007A1E80D6E49000676EF0120079F8C3946E
:1092000010507112007757E0FF30E76212007A9633
:10921000705CA3E02402FF12019A7E12007A539040
:1092200000676EE0FDE490006648F01201993D127F
:109230000079F890002F8B1200775CE0B4C0221206
:1092400000779D1200797B1201AA967B007A007943
:10925000009000676EE075F016120077A1120014FE
:109260001E9000676EE012007758E4F0D2201200E2
:109270007A1E808630200A120078DE7F5212019B0F
:10928000797B827ABC79BC120016D790005CE8E04A
:1092900060119000676DE0C39408500790005CE88F
:1092A000E014F07E017F78EEC0E0EFC0E07F00EFD9
:1092B000C0E09000676D120078ABD0E0FDD0E0FF19
:1092C000D0E0FE1200161C12007910C39408502B37
:1092D00030212812007A3D120076DF9000676EF090
:1092E00025E024F4F582E43462F583759300E4F01C
:1092F00012007A3DF583759300E4F022120013FE0C
:10930000CEEACECFE9CF1201AA969000676DE0FFBA
:1093100022120016D79000676DE0FF22120013FEA4
:10932000CEEACECFE9CF1201AA9622120016D7902C
:1093300000676DE0FF22E004F090005FFFE075F051
:1093400003A424CAF582E4345FF583759300020018
:1093500013FEE0FD75F012A424A3F582E43461F558
:1093600083759300EEF0A3EFF09000550FE0FF74CB
:10937000B42DF582E4345DF583759300E02290000E
:109380006818E075F00BA429F9EA35F0FAE9221221
:109390000013FEE92401F9E43AFA020011BBE0FEF1
:1093A000A3C3E0FF90006001E09F90006000E09E9A
:1093B00022FEFD7F047B017A5F79BF1200161C7EBE
:1093C000007F207D007B017A5F797E22FEEF4E9048
:1093D00000550FF0ED75F012A424A1F582E434617C
:1093E00022E0FE2468F582E43400F583759300E4FE
:1093F00093FFEE9000006C93FD22120013FE12000A
:1094000011BBFF90006545120013FEE922FEA3E0A8
:1094100090005510FF75F004ED120013F2EEF0A36A
:10942000EFF022E0FE75F008A4247EF582E4345FBC
:10943000F583E58222E0FEA3C3E0FF90005FFEE03B
:109440009F90005FFDE09E2290005528E0FF22E003
:10945000FEA3E0F4FFEEF4FEEF2401FFE43E9000F3
:109460006548F0A3EFF090006548E0FEA3E0FF221E
:1094700074AA2FF582E43412F583759300E02290EC
:10948000006791E0FF24BFF582E4345F22F074644A
:10949000A3F0A3E4F0A304F0E4FBFF229000681023
:1094A000E0FFA3E0FD22F0A3E0F090006000740371
:1094B000F0A3E4F0227D0090006842E075F016A46D
:1094C0002487F9742F35F0FA7B0122E09000625E68
:1094D000F02290006811E0C394E0FDE49400FC7475
:1094E000B42DF582745D3C22F9E43AFAEF020011E2
:1094F000EDEFF0A3EDF090006004E0FF2290005F3C
:10950000FD7404F0A3E4F022ED75F012A424A3F599
:1095100082E43461229000678FE0FF227D00E075D5
:10952000F016A42483F9742F35F0FA7B0122900001
:10953000680CE0FF2481F582E4345222E4F0FEFD61
:109540007F087B017A5F79E122E490005FB1F0222D
:10955000F9EA3EFAE9240CF9E43AFA02001427FF8A
:1095600075F004120013F2E0FCA3E0FDEF22E054DA
:109570001F90006842F07E007F04EE2290005FF4AE
:10958000F090005FB4E022ED9FFFEC9EF0A322F08C
:109590009000550BE022E0FDE49000640CF0A32263
:1095A00090005FB2E0FF229000680FE0FF22900081
:1095B00042EAE0FF2275F008A4247EF9745F35F0DA
:1095C000FA22900057CEE0FF90006818E06F22FD6D
:1095D0001201A6F99000679BEFF0F422F5837593D2
:1095E00000E4F022F583759300EFF022900053D54C
:1095F000E04401F0CFEDCF22FE1200161C7E0022C7
:10960000F583759300ECF0A3EDF022F583759300DC
:10961000EEF0A3EFF02290005FC9F090005FAF2260
:1096200090005FA0F090005FB7229000678BE0FF92
:1096300022E0FD9000640C2290005FA0E0FE2290EA
:1096400000625EEFF0227B017A5F79BF222FF58204
:10965000E4358322FE90005FA6E022E0FCA3E0FD5B
:10966000C39FEC9E22FFEE8FF012001269C322907E
:1096700000656FE0FF9000656CE0FE900008AF753C
:10968000F0EA120013F2E5822FF582E43583F583C8
:10969000759300E022120011ED75F0EAEF900009D9
:1096A00040120013F2120013FEEE75F023A429F904
:1096B000EA35F0FA90006573E075F005A429F9EA3F
:1096C00035F0FAE92401F9E43AFA120011BB54F931
:1096D000120011ED90006572E075F0EA900009400B
:1096E000120013F2120013FE90006577E075F0236C
:1096F000A429F9EA35F0FA90006573E075F005A445
:1097000029F9EA35F0FA227838E690003110FF7531
:10971000F078120013F2EF2583F583759300E022B1
:10972000E0FDEE75F0EA900008AF120013F2E5825A
:109730002290006572E0FF75F0EA90000940020097
:1097400013F2CFE9CFCEEACECDEBCDFC9000669000
:10975000120013E690006690120013CEE4229000EF
:10976000317D120013F2EE2583F58375930022906C
:1097700000087A75F0EA020013F2F074AA2FF5825D
:10978000E43412222CF582E43583F58375930022AC
:10979000E0900008A675F0EA020013F290006576EA
:1097A000E0FF9000325675F078020013F218E624BC
:1097B000B4F582E4345D2290006573E075F005A491
:1097C00085F08329F9E5833AFA020011BBEFF0E056
:1097D000FF24AAF582E434122275F01690002F902F
:1097E000020013F290003272FF75F078020013F25B
:1097F000FFE4FDFC7808020013A89000085975F0FA
:10980000EA020013F2E92404F9E43AFA22EDF090B6
:1098100000656CE0FE227838E675F0EAA42420F9B1
:10982000740935F0FA7B0118E675F00822E6FF7836
:1098300045E625E025E02290006697E075F0C090AF
:10984000000FAA020013F2EE2583F583E5822FF5BF
:1098500082E4358322120013F275930075F003EE53
:10986000120013F2020013FE120011ED9000657257
:10987000E0FF90006577E0FBCDEBCD22F58375939B
:1098800000EF227837E62454F582E4340822900071
:10989000682BF07B017A68792B900064D37401F017
:1098A0002275F006EF020013F2F67844E625E02573
:1098B000E0227837E6FF75F0EAEE900008F822EE35
:1098C00075F0EA900008B7227837E608FFE6FD0851
:1098D000E6FB22EE75F0EA900008A72275F078EE1C
:1098E000120013F2EE22900064C8E0FF22EF75F040
:1098F00016020013F2120011ED900063DA12001349
:10990000FEE9229000656FE075930022120013FEBD
:1099100090006577E0FE75F02322759300E0FF90DC
:10992000006575E0227B017A6479CA7402F022A393
:109930007403F0A374E8F0229000656CE0FF227ECF
:10994000007F040200161C2582F582E4358322E69E
:1099500075930075F00822EF25E024F4F582E434D5
:109960006222E0FD9000640C2235F0FA7B010200D7
:10997000141E25E024F5F582E43462229000656C23
:10998000E0FD229000656FE0FE229000643EE0C49E
:1099900054F0F022900067BCE0FF22E4900064974E
:1099A000F090005CE21200794BE090006490F0E0EF
:1099B00030E31190005CE212007939E054786004E1
:1099C0001200521390005CE2E004F0C394404002A5
:1099D000E4F090006490E020E703019B82C2E8C2BB
:1099E0001A75C66A90005CE412007831D2E8C2E8C9
:1099F00090005CE4E0FF90005DABE04FF5C79000A5
:109A00005CE5E0FE90005DACE04EF5C790005CE6E2
:109A1000E0FD90005DADE04DF5C790005CE7E0FC37
:109A200090005DAEE04CF5C775C66ED2E8C2E88F17
:109A3000C78EC78DC78CC775C66AD2E8C23DE49091
:109A4000006492F012007A8512007A3274E42FF5E5
:109A500082E4345C120076DF7003019B6290006444
:109A6000957401F0E490006493F012007A8C400346
:109A7000019B6290006492E0FE12007993120076DE
:109A8000DFFD90006495E0FCED5C7003019B3FEE10
:109A900033333354F8FEEF2E90006494F0C39408EF
:109AA0004003019B3512007A8524ABF582E4345DD6
:109AB000120076DFFE5C705A74AB2FF582E4345DE1
:109AC000F583C083C08275930090006495E0FFEE3B
:109AD0004F759300D082D083F090006494E0FD2411
:109AE00012FE12007A13E0547F90006491F090000F
:109AF0000617120078D6E054F0C4540F9000649713
:109B0000F0700F90006491E0FF90006494E0120107
:109B100085F9203D4D1200798EF583C083C0827592
:109B20009300E0FF90006495E0F4FEEF5E75930013
:109B3000D082D083F01200798E120076DF6023127B
:109B400000789D9408EE648094804004D23D801299
:109B500090006495E025E0F090006493E004F0014B
:109B60009A6A303D0D1200789D9408EE64809480CE
:109B7000501090006492E004F0E0C394045003019C
:109B80009A4490006490E020E603019CBDC2E8C2C4
:109B90001C75C64490005CB812007831D2E8E4909D
:109BA000006492F012007A85C394044003019CADD6
:109BB000EF12007A3274B82FF582E4345C1200762A
:109BC000DF90006496F07003019C96E4900064932B
:109BD000F012007A8C4003019C9674B42FF582E455
:109BE000345D120076DFFB90006496E0FE5B70034C
:109BF000019C8590006492E033333354F8FDA3E078
:109C00002DA3F0EBF4FFEE5F90006496F0900064FB
:109C100094E0FD12007758E0547F90006491F0903A
:109C2000000195120078D6E054F060046490702230
:109C300090006494E075F048120079C6540CFFBFA0
:109C4000081012007820E0FB90006491E0FD120003
:109C50006E8412007820E4F075F048EF120079C6A7
:109C6000540CFF90006494E0BF081175F048900018
:109C70000195120013F2E04408F08009FD7B017F9A
:109C80000112017CB190006496E0600A9000649338
:109C9000E004F0019BD11200789D9410EE64809452
:109CA00080500A90006492E004F0019BA47B017A4A
:109CB0005C79B8120078E47F4412019B792290000D
:109CC0005527E07003019ECFE490006608F09000F5
:109CD0006608E0FFC394084003019EC99000325B10
:109CE000120127F27003019EBF90006608E0900009
:109CF0003151120127F3540F9000660BF0E49000ED
:109D00006609F09000660BE0FF90006609E0C39FD3
:109D10004003019EBFE4A3F090006609E0FF9000BD
:109D20006608E0FE75F07890003177120128711214
:109D30000127FDFD9000660AE0FBC39D4003019EE4
:109D4000B575F078EE900031641201287112012788
:109D5000FD64017076120128539000310A12012728
:109D6000F6FCA3E0FD90006700E0F8A3E0F582EDCB
:109D700065827002EC68703F75F078EF9000310CEE
:109D8000120127F6FEA3E0FF90006702E0FCA3E0CB
:109D9000FDEF6D7002EE6C701E90006608E0FFA390
:109DA000E0FD12012810120128969000647B7401D6
:109DB000F0A3740D019EA61201280412012896E456
:109DC0009000647BF0A37408019EA61201285390B2
:109DD00000310A120127F6FCA3E0640B7003EC6467
:109DE000066003019EAB75F078EF9000310C120114
:109DF00027F6FEA3E064707003EE64226003019E08
:109E0000AB90006608E075F0789000325D12012793
:109E1000F6601E120127EE640170169000660812AB
:109E200001280A12012896740412009F6FE4F08042
:109E30007A120128539000325C120127F6601B123F
:109E40000127EE7015900066081201280A120128F9
:109E500096740312009F6F7401F012012853900052
:109E6000325D120127F6600B120127EE64017003C8
:109E7000019F6E120128539000325E120013F2EF20
:109E800025831201286975F078EF9000325D120188
:109E900027F6601712012804120128969000647BAF
:109EA0007404F0A37408F0120175129000660AE0C1
:109EB00004F0019D1890006609E004F0019D0390F4
:109EC000006608E004F0019CCEE490005527F030D5
:109ED0003B03019F6E1201AAB6900053D5E054FED9
:109EE000F01201281B7D011201A9CC900042EAE08A
:109EF00090005528F07B827AB8798E9000625EF0EF
:109F0000120016D71201281BE4FD1201A9CC120180
:109F1000281B7D011201842390005528E02481F53F
:109F200082E43452120127FDFF120000371201B003
:109F3000A190006006E020E40A7B817A1C79691216
:109F400001A8F57F8290003104E0FD9000640CEFE1
:109F5000F01201281B9000640DE4F0A3EFF0E4A3DD
:109F6000F0A3F0FB7F0312010BA61201817F229068
:109F700000647BF0A37408F012017512900066086B
:109F8000E0FF75F0789000325E120013F2EF258347
:109F9000F58375930022900065451200141EE4902D
:109FA00000654AF0120011BB54049000654BF0901C
:109FB000005E9CE030E73390006006E054FDF04422
:109FC00001F090005E9C1200944F90005FFD120023
:109FD000965B400C90005FFD12009587EFF0803299
:109FE000E490005FFDF0A3F0802890006006E0544C
:109FF000FEF04402F090005E9CE0FEA3E090005F63
:10A00000FD1200966590005FFDE09404400412008C
:10A01000950190005E9EE030E73390006006E054CA
:10A02000F7F04404F090005E9E1200944F900060A0
:10A03000001200965B400C9000600012009587EFC4
:10A04000F08032E490006000F0A3F080289000607F
:10A0500006E054FBF04408F090005E9EE0FEA3E0B2
:10A06000900060001200966590006000E09403404C
:10A0700004120094AE120194A99000550CE0FF5414
:10A080000C6408600301A203EF20E50301A2039022
:10A09000005FB6E030E05690005FFDE07002A3E0A4
:10A0A000704590006006E020E44390005FA112003C
:10A0B000933690005528120093822405120093963F
:10A0C000FF90005FA1E0C39F4023120094487B01F2
:10A0D000E4FD12019769EF6014120094FD90006096
:10A0E00006E04440F08006E490005FA1F090005F3D
:10A0F000B6E030E15590005FFDE064047002A3E03B
:10A10000704290006006E020E44090005FA21200E0
:10A1100093369000552812009382240712009396DC
:10A12000FF90005FA2E0C39F4020120094487D0191
:10A130001200A25C601490006006E04480F01200FF
:10A1400094FD8006E490005FA2F090005FB6E030DE
:10A15000E25290006000E07002A3E0704190006065
:10A1600006E020E43F90005FA31200933690005574
:10A170002812009382240912009396FF90005FA397
:10A18000E0C39F401F120094487D021200A25C6051
:10A190001390006005E04401120094A68006E4904C
:10A1A000005FA3F090005FB6E030E35790006000DE
:10A1B000E064037002A3E0704490006006E020E4D5
:10A1C0004290005FA412009336900055281200932D
:10A1D00082240B12009396FF90005FA4E0C39F407F
:10A1E00022120094487B017D0312019769EF6013EE
:10A1F00090006005E04402120094A68006E49000FE
:10A200005FA4F012009403240312009396120094AA
:10A21000022401120094E890005FB91200938F129B
:10A220000094022402120094E890005FB912009397
:10A23000FA2403120094E890005FBC1200938F127E
:10A240000094022404120094E890005FBC12009372
:10A25000FA2405F9E43AFAEF020011ED7B0112014C
:10A260009769EF22900065961200512D9000659B32
:10A270007401F0FF9000659612004CB1EE12004B95
:10A2800069E0600301A3D190006598E0FDC39401EB
:10A290004042EDD39403503C9000311312004CBE69
:10A2A000EE12004B69120013FEE9240EF9E43AFAAB
:10A2B00090006598E0FEC39401FDE49400FCE92D54
:10A2C000F9EA3CFA120011BBFF60096E60069000CB
:10A2D0006598EFF090006598E090003105F0EF7020
:10A2E0000301A37990006599E070037408F0900071
:10A2F000659612004C0F12004B6412004D5912016A
:10A30000AA9690006599E0FF7E007D0A120184E123
:10A310001200502C9000659612004C0F12004B64F6
:10A3200012004DD312004B64120013FE900065978B
:10A3300012004DB49000659612004C0F12004B6451
:10A340001200501D601B90006598E0FBA3E0900098
:10A3500066E3F012018C229000659B7404F001A565
:10A36000167F021201AFED9000659612004DC912E2
:10A37000004B64741BF001A51690006598E064EE34
:10A380006006E02402F0800790006598740BF0905E
:10A3900000659AE0FF9000659612004C71EE120085
:10A3A0004B6912004B8DEE12004B69E4F012004C29
:10A3B0007EEE2583F583C083C08290006598E075AA
:10A3C0009300D082D08375F00512004EABA301A498
:10A3D000A290006598E0FF64EE600AEF240290000E
:10A3E0003105F0800790003105740BF09000659600
:10A3F00012004B5BE0640D600301A4AA9000659617
:10A40000E0FE12004C11120013F2EE12004B691222
:10A410000013FE120011BBFD12004C7EEE2583F5E9
:10A4200083C083C08212005136D082D08375F0057C
:10A4300012004EABA3EDF090006599E0701212008F
:10A440004DD712004B6412004D591201AA96802B71
:10A450009000659612004C0F12004B64120013FE20
:10A460009000311312004E18C083C0821200513682
:10A47000D082D08375F00512004DBD12004FA89018
:10A4800000659612004C0F12004B641200141E124D
:10A49000004D8912004B64EEF09000659612004B5F
:10A4A0005BE4F09000659BF0806C90006596120074
:10A4B0004B5BE0B40C1912004D8912004B64EEF0B6
:10A4C00075F078EF12004B60E4F09000659BF0901F
:10A4D000006596E0FF9000311112004E19C083C054
:10A4E0008212005136D082D08375F00512004EAB37
:10A4F000A3F012004DD712004B6412004D59120107
:10A50000AA9612004FA89000659612004C0F1200F8
:10A510004B641200141E9000659BE0FF22900067C0
:10A5200049120068366421600301A5FD12006978B4
:10A530006401600301A5FD12006651C083C0821250
:10A540000068E9D082D08375F008120013F2E4F0BD
:10A55000A37409F01200665175930075F008EE12AD
:10A560000013F2E0FEA3E0FF90006749E0FD120057
:10A570006622C083C0829000674AE0FC759300D0D9
:10A5800082D083120066A1EEF0A3EFF075F0EAED41
:10A590001200663D120068C0E4F0A3F012006A05E4
:10A5A000702290006749E09000311812006A24126E
:10A5B00000660D120013FEE92412F9E43AFA75F070
:10A5C000EAEE8022EFB401321200697875F07890DB
:10A5D00000311812006608120013FEE9242BF9E47A
:10A5E0003AFA75F0EAEF12006630C083C0821200BA
:10A5F000685FD082D083120066E27F00221200667C
:10A60000A8C083C0829000674BE0FE759300D082A3
:10A61000D08375F005120013F2E0FCA3E04C601546
:10A62000120068561200660875F005EE120066DA30
:10A63000E94A4B701290006749E0C394027F0250D0
:10A640000301A7AF7F03229000674BE0B4F00374CF
:10A650000BF0120066A8C083C0821200693CD08251
:10A66000D08312006645C083C0821200685FD0822A
:10A67000D0831200667DFEA3E0D39DEE9C40319016
:10A68000006749E0120066AEC083C0821200693CD8
:10A69000D082D08312006645C083C0821200685FFA
:10A6A000D082D08375F008120013F2ECF0A3EDF025
:10A6B0009000674912006690C083C082120068E96A
:10A6C000D082D083120066151200669DECF0A3EDD7
:10A6D000F0120069781200663AC083C082120068E6
:10A6E000E9D082D083120066A1E4F0A3F090006765
:10A6F0004BE064057054900059CDE02EFE120068C6
:10A7000056120066B5C083C0829000674BE0FD75AD
:10A710009300D082D08375F005120066DA75F07868
:10A72000EF900031111200660875F005ED1200136C
:10A73000F2E0FCA3E0C39402FDEC9400FCE92DF9E7
:10A74000EA3CFAEE120011ED80299000674BE070B0
:10A750002290006749E0B4011AA3E075F012A42426
:10A7600099F9746135F0FA7B0190006749E075F062
:10A77000EA80261200697875F07890003113120093
:10A7800066B5C083C0821200693CD082D08375F068
:10A7900005120066DA75F0EAEF12006630C083C079
:10A7A000821200685FD082D083120066E27F0022AE
:10A7B000E490006618F0900061E2740FF0A3F07B63
:10A7C000017A667917120173AA12014C8274801201
:10A7D000014CB0E4FBFD1200AA1D7B017D011200BB
:10A7E000AA1D7B027D021200EC8312014C827420B0
:10A7F00012014CB07B037D031200EC8390000990A2
:10A800007404F07E00FF7D067B017A09798C1200CA
:10A81000161C7B017A6679177DFF12013EC47B010D
:10A820007A5779D0900066191200141EE4900066E1
:10A8300018F090006618E0FFC39404502DEF75F0F7
:10A8400012A42499F9746135F0FAC8E9C8CCEACCAD
:10A85000CD7401CDA3120013FE7E007F12120011F1
:10A860003D90006618E004F080C890005A2C120158
:10A870004C89240812014CBD90005A3012014C89B9
:10A88000240A12014CBD12014C827B017A5779D007
:10A890001201A3B112014C829000312F12014C160B
:10A8A000E4F0A3743FF07B017A58793A900031319B
:10A8B00012014C151200141E9000313412014C1577
:10A8C000E4F0A3746EF07B017A58797975F078EF33
:10A8D0009000313612014C1912014CA79000313909
:10A8E00012014C19E4F0A3745DF07B017A5879E70A
:10A8F00075F078EF9000313B12014C1912014CA712
:10A900009000311B12014C19E4F0A37404F07B0198
:10A910007A58793675F078EF9000311D12014C1994
:10A9200012014CA79000312012014C19E4F0A374DD
:10A9300022F07B017A5979A475F078EF90003122EA
:10A9400012014C191200141E90005964E0FD12010E
:10A950004C8275F0789000312512014C19E4F0A377
:10A96000EDF07B017A59796475F078EF900031272A
:10A9700012014C191200141E90005944E0FD75F0AC
:10A9800078EF9000312A12014C19E4F0A3EDF07B2E
:10A99000017A59794475F078EF9000312C12014C0E
:10A9A000191200141E7B017A5779E21201648B128E
:10A9B000014C8275F0789000314E12014C197407E9
:10A9C000F075F078EF9000314D12014C197401F0E0
:10A9D00090003272120013FEE9241DF9E43AFAEFF6
:10A9E00012014C74241D12014C6E244012014C6E55
:10A9F000246312014C6E2486F9E43AFA74011200C1
:10AA000011ED900062FEEFF025E024F5F582E434CC
:10AA100062F5837593007405F00200729A1200ECDF
:10AA20008390006617E0FF900063597420F0A3E460
:10AA3000F0A37408F022900067B8EFF0A37401F05F
:10AA4000E490005F74F0900067B9E0700C90005ED5
:10AA5000D804F0E490005F44F0900067B9E0701C07
:10AA600090005F44E02430F582E4345F120149E055
:10AA7000900067B8F090005F44E004F090005ED36F
:10AA8000E06401600301ACBA300B0301ACBA900082
:10AA90005F5FE0120149D9B4FF0402019E0A9000F1
:10AAA0005ED8E014601214605224FE700301AB3AC9
:10AAB000240470C812014A6F90005F5FE0120149E0
:10AAC000D9FF90005ED212014A4404F0E0FE120168
:10AAD00049D990005F71F090005F2EEEF02F90004A
:10AAE0005F7012014A4404F0C20B12014A77C20A95
:10AAF000E490005F46F090005ED4F012014A2FFE11
:10AB0000C39F400712014A6F01AA7C740E2E1201E6
:10AB100049DBFE541F90005F60F0EE54E0C4135414
:10AB20000790005F73F0E490005EDA12014A44047B
:10AB3000F090005ED87404F0C20C900067B8E0FF9B
:10AB40001200D6FEEF700301AC4F90005ED4E0041B
:10AB5000F020090301AA7C200C4B90005F731201C6
:10AB60004A332FF090005F6FE0603A120149EB1218
:10AB70000149E0FEA3E0FF90005F76E0FCA3E0FD6A
:10AB8000C3EF9DEE9C401090005ED0E0FCA3E0FD82
:10AB9000D3EF9DEE9C400E120149EBF583759300B7
:10ABA00074FFF0A3F012014A2FC39F407990005F19
:10ABB00046E0FF120149F0120149E0FCA3E0F47005
:10ABC00002ECF460407B827ABC79D512014A8AEFAC
:10ABD000120149F0120149E0FDA3E09000625FCD4F
:10ABE000F0A3EDF0A3EFF0120016D7900055291254
:10ABF000014A4BF0A3F0A3F0A3F0FB7F0312010B7B
:10AC0000A6D21980187B827ABC79F812014A8A9000
:10AC1000005F46E09000625FF0120016D7D20B1280
:10AC2000019E0A01AA7CD20A200C0B12014A7790DD
:10AC3000005F46E004F0900067B9E0707D90005F2F
:10AC400072E0FF90005F44E06F600301AA59223078
:10AC50000B04C20B804F300A1390005F60E0FF646A
:10AC6000056009EF64066004C20AC20B300A0C904A
:10AC7000005F7312014A332FF0801190005ED2E022
:10AC8000FF90005F2EE02F90005F5FF012014A7787
:10AC900012014A2FC39F400612014A6F800790009D
:10ACA0005F46E004F0300B0301AA7C300A0301AADE
:10ACB0007CE4900067B9F001AA4622C22B900042C2
:10ACC000EAE0FD54C0C41313540390006434F090C0
:10ACD0000042EFE0540F90006439F0ED543F9000D3
:10ACE0006431F090002F7B1201085BE0547F9000EC
:10ACF0006432F0C394024010E09000310712010862
:10AD0000F7120108D820E738120108DFFE6F900023
:10AD1000643160291201084612010854E5822E129E
:10AD2000010813ED12010841E090002F8312010881
:10AD300059E5822E12010813EDF001AEAB01AE2CE5
:10AD400090006434E0FC120108D1FE1201089DE07D
:10AD50005E900064371201091BFFEC6F600A9000DF
:10AD60006434120107DE80041201081EE0900064C2
:10AD700036F090006435E0FFA3E06F700301AEABE6
:10AD8000303B0D900047F0E0700301AF3301AEDAC5
:10AD900090006434E0FF90006433F090006432E08F
:10ADA000FD12017047EF6005D22B01AEAB9000643D
:10ADB00037E06005D22B01AEAB12010903FE75F03E
:10ADC000EA12010887E030E105D22B01AEAB75F045
:10ADD000EAEE900008C81201088BE060159000644C
:10ADE00033E0FF75F0EAEE12010887E054216401B8
:10ADF000704812010842E09000643412010853E5E3
:10AE0000822D12010813EE12010841E0FE90002F7E
:10AE100083120108B2E5822D120108131201091AEA
:10AE2000FFED6F600301AEAB900064311201084684
:10AE3000E0FE12010835EEF0807190006431E09080
:10AE4000002F7C1201084BE0FE75F016EF90002FEA
:10AE50007D120013F2E0540FFFCDEFCD900064326D
:10AE6000E09000317D120108F7F58375930075F0CD
:10AE700006EE120013F2CEEDCE759300E5822E128F
:10AE8000010813E0FECDEECD7B017A647938120122
:10AE90009CE712010903FD90006438E0FB90006418
:10AEA00031E090006687F0120125EE120108DF6F95
:10AEB0006006120107DE80041201081EE0900064A3
:10AEC00036F090006436E0FF90006435E06F603C3F
:10AED000302B1B900047F0E06059120108BAA3E440
:10AEE000F0A304F0A3E4F0A304F0E4FF801A9000C0
:10AEF00047F0E070041201B0A1120108BAE4A3F017
:10AF0000A3F0A3F0A3F07F0302010BA61201B0A1EE
:10AF10001201089DC083C082120108E324B4F582A7
:10AF2000E4345D120108D8F4FEEF5E759300D08220
:10AF3000D083F022900067B6EFF0A3EDF090005EB2
:10AF4000D3E064017047900067B6E020E00301B1F0
:10AF50007FA3E0FF90005F72E02430F582E4345F6D
:10AF6000F583759300EFF090005F72E004F012013A
:10AF700049FAB4F1071200AA3601B17F120149FA69
:10AF8000F4600301B17F12019E0A01B17F90005E5F
:10AF9000D3E0600301B17F90005F45E070087B0162
:10AFA0007A5379E680067B017A5F795190005F2AB7
:10AFB0001200141E900067B7E0FFC394E4400AEF4C
:10AFC000D394E75004E024FCF090005F75E075F046
:10AFD00002A4FF90005F2A120013FEE92FF9EA3560
:10AFE000F0FAE92401F9E43AFA120011BBFF9000EB
:10AFF00067B7E0FE6F600301B15F90005F2A120047
:10B0000013FE90005F75E0FF12014A07FD90006794
:10B01000B6E0FC6D600301B165EF700590005ED68F
:10B02000F0EC702BEEC394E0405D900067B7E0FF5A
:10B03000D394E3505290005ED6E0FEC3EF94E0FF5D
:10B04000C8EFC87411088002C333D8FC4E80339017
:10B050000067B6E0B40130A3E0FFC394E04028EFFE
:10B06000D394E3502290005ED6E0FF900067B7E0F3
:10B07000C394E0FEC8EEC87411088002C333D8FC44
:10B08000F45F90005ED6F090005ED6E0FF54F0FED4
:10B09000900053CEE0FD6E6009EF540F6D60030128
:10B0A000B16590005F75E004F0E0B40129D20D9025
:10B0B000005ED5E004F090005F2DE0FD90005ED5CD
:10B0C000E012014A4E7413F0A37488F0A37413F0D5
:10B0D00074881200B18C120149FA64F0600301B166
:10B0E0007F7B827ABC79C4120016D790005ED3743D
:10B0F00001F0C20D90005F75E004F0E490005ED7AF
:10B10000F090005F44F090005F72F090005F45F0B7
:10B1100090005F71F090005F60F090005F5FF090D2
:10B12000005ED8F0C20B120149EB12014A3BF07BE2
:10B13000817A1C79191201A8F5E490005F74F090EF
:10B14000005F2F12014A4B04F0A374F4F0A37401C2
:10B15000F074F41200B18C90005ED9EFF08020E41E
:10B1600090005F75F0900053E3E030E10C90005FD9
:10B1700045E0700504F001AF8DE490005F45F0906C
:10B180000067B6E0FFA3E0FD02018C74A3F0E4FBCE
:10B19000FF12010BA622900042EAE09000668BF0BD
:10B1A0001200D3B21200D377FE1200D4441200D39F
:10B1B000776E700301B3BF9000668BE07D011201D2
:10B1C00097ADEF6401700301B3BF1200D4827D011B
:10B1D0001201A91ABF010F1200D3AE1200D40A1235
:10B1E00000D40201B3D79000668BE01200D4ADFC0E
:10B1F000700301B3BFC22C9000668BE0FE1200D337
:10B20000B41200D377FDEE1200D4332D1200D372A6
:10B21000FE540F90006688F0EE5470A3F06005E0D5
:10B220006410702590006689E070181200D48212B4
:10B2300000D4BA1200D3776010EF1200D4AD7009B9
:10B2400001B3BFEC700301B3BF1200D3AE1200D341
:10B25000771200D5031200D377C39440400D9000BD
:10B26000668BE01200D3B41200D40A1200D3AE12DF
:10B2700000D377FE1200D4322E1200D372900066F3
:10B280008AF0A3E01200D3B41200D3771200D503E2
:10B290001200D377C39440400D9000668BE01200FB
:10B2A000D3B41200D40A9000668AE0FF64FE60689E
:10B2B00090006689E0FED39410505DEFC394E040A7
:10B2C00057A3E0D394E75050C3EF94E0FFC8EFC812
:10B2D0007401088002C333D8FCFFEE70181200D34B
:10B2E000BC1200D377FD5F702BEE1200D3C21200A8
:10B2F000D5154F801B1200D3BC1200D377FD5F60C1
:10B3000013EE1200D3C2F583759300EFF4FFED5FE7
:10B31000759300F0D22C805790006689E024F0608D
:10B320001C24B0602824F06024247070421200D4E1
:10B33000829000668AE0FD1201687380321200D4A8
:10B34000829000668AE0FD120196118022900066CC
:10B350008AE0C394B075F003A42406F9744D35F067
:10B36000FA7B0190006689E0FF12011FB480503023
:10B370002C4D9000668BE0FB9000000393FE900044
:10B3800061E2E0FD5E6038C22CEEF4FEED5EF0EBB3
:10B390001200D4A07B019000668BE090006421F045
:10B3A000A37401F0A3F07D0812016BB01200D482E7
:10B3B0009000657B7410F07B017D0112017A891287
:10B3C00000D3AE1200D377FE1200D4441200D3771C
:10B3D0006E60040201B0AF90004E7EE09000668B7C
:10B3E0001200D4551200D377F4FEEF5E90004E7E2B
:10B3F000F0221200502590006833F012004E2812FF
:10B40000004B64E020E70301B64A12004D0A9000A9
:10B41000323412004B64E024FB601F24FD604B14A7
:10B42000700301B4D114700301B4F414700301B5B6
:10B430005314700301B5CE01B64A90006833E0FEA4
:10B440009000323412004B94EE12004B697408F0F5
:10B450009000323612004B93EE12004B69741812B2
:10B46000004B8EEE12004B69E4F012004D8F12007B
:10B470004B64E070529000683312004B5BE0640E46
:10B4800070337B827ABB797C9000625EEFF01200B1
:10B4900016D7C23E1201B1A312004D0A90003236F7
:10B4A00012004B64E4F075F078EF12004B60E4F0AA
:10B4B000FD0201534112004D0A9000323412004B3C
:10B4C000647409F001B40A900030DC12005051801D
:10B4D0001812004D0A9000323712004B647405F0C8
:10B4E00090005B5C12004EF5EF12004C69120050A8
:10B4F0009401B60012004D0A9000311012004B6406
:10B50000E024F76012240670301200510A12004B3A
:10B5100064740BF001B40A12004D0A900032381224
:10B52000004B647401F075F078EF900032771200F0
:10B530004B64740AF00201B04690006833E0FF12D9
:10B540000194F212004D0A9000323412004B6474E0
:10B550000FF02212004D0A9000323412004B647436
:10B560000F12004F8112004B64E024FD601324FA97
:10B57000600301B64A90006833E0FF7D0F020129A5
:10B58000E412004D0A9000323712004B64E4F07D63
:10B590000F120129E412004D0A9000310912004BEC
:10B5A00064E020E00301B64A1201AED8EF70030157
:10B5B000B64A12004D0A9000323412004B64740CEB
:10B5C00012004E5012004B647401F001B40A1200D4
:10B5D0004D0A9000323A12004B64E0703E75F078EC
:10B5E000EF9000310912004B64E020E71790002F24
:10B5F000711200505112004C69A3F0A3F0FB7F03BD
:10B6000002010BA612004D0A9000323412004B6466
:10B6100012004FAF12004B64E4F02212004D0A906A
:10B6200000323A12004B64E0FF64116004EFB41280
:10B630001912004D0A9000323412004B6412004F70
:10B64000AF12004B64E4F001B40A229000663A7431
:10B6500006F07401120076F8E4FF1200B869F004F5
:10B660001200773F7F311200B8737494F0A3740115
:10B67000120077CE7F321200B87374C0F0E4A3F0EA
:10B680007402120077D07F3412019B799000663AE1
:10B690007480F0A37404F01200792B7F401200B87C
:10B6A0002B7F4212019B799000663A7440F0A3749C
:10B6B00002F0120076F87F601200B82B7F62120150
:10B6C0009B791200792B7F641200B869120077759C
:10B6D000120076F67F6612019B7912013AB0E4906F
:10B6E000005CE2F0A3F09000663A04F0120076F8F5
:10B6F0007F771200B87C120077CE7F7812019B7999
:10B700007B017A5C79DD1200799BE49000663EF063
:10B710009000663EE0FDC39410501090006648749F
:10B7200001120077EA1200B88680E512007A5312FF
:10B7300000799B120077E47F4812019B7990005CAE
:10B74000E174FFF0120079A512019B79E490005D8D
:10B75000BDF07B017A5D79BD9000665C04F07F3AB4
:10B7600012019B797E007F047DFF7B017A5D79ABBE
:10B770001200161CE49000663EF09000663EE0FD6C
:10B78000C39408501090006648740112007810129B
:10B7900000B88680E51200780A7F6E1200B8477DF7
:10B7A0000F1201993D120076F67F4C1200B87CF022
:10B7B000900066480412007931FD1201993D120093
:10B7C000773D7F381200B8477D071201993D12007E
:10B7D00076F67F7212019B79747B120077387F02B4
:10B7E00012019B7974DA120077387F0412019B7979
:10B7F000E49000663AF0C2E890005CDCF0740C90D3
:10B8000000663AF0F5C775C630D2E87B817A3B799D
:10B810002F1201A5FB90005DBCEFF0E490005DBE2F
:10B82000F0A3F0D2E890005CE8F02212019B79903E
:10B8300000663A7440F0E4A3F07B017A66793A90AE
:10B8400000665C7402F02212019B797E007F047D09
:10B85000007B017A66793A1200161C7B017A6679C0
:10B860003A900066487401F02212019B79E490003E
:10B87000663A2212019B799000663A2212019B7966
:10B88000E49000663A221201993D9000663EE00481
:10B89000F02290006529EFF0A3EDF0A37401F012FF
:10B8A00000E9E91200E978E0600301B93E7B017A22
:10B8B00065792A12016B29EF6401707B7D0D7F0988
:10B8C000FE1200BAC1900032211200E9781200EA9B
:10B8D00048900032211200E978120013FE900065B2
:10B8E0002A1200EA511200141E90006529E090000F
:10B8F00032211200EA18EE1200E97D120013FEE96F
:10B900004A4B70181201A3DF7F041201AFED9000C3
:10B9100065291200E96F7409F001BABA900065292F
:10B92000E0FFA3E0FD7B087A0012018656900065D7
:10B930002B7404F001BABA1201B0AF01BABA120006
:10B94000E9E91200E978E0FF640D6008EF640C603B
:10B950000301BA8A1200EA2A900031431200E97802
:10B96000E4F0A37409F075F078EF90003221120032
:10B97000E978120013FE75F078EF9000314512005F
:10B98000E9781200EA48900031451200E978120087
:10B9900013FEE92408F9E43AFA74FF120011ED7B72
:10B9A000007A00790075F078EF900032211200E9FA
:10B9B000781200EA48900031451200E9781200132D
:10B9C000FE9000652D1200EA489000321C12001310
:10B9D000F2EF2583F583C083C082759300E0FF906A
:10B9E00000652D120013FE1200EA5EFEEF4E759305
:10B9F00000D082D083F0120011BB75F005A4FF9037
:10BA000000652CF07E007D0E1200BAC190003272EB
:10BA10001200E9781200141E9000652CE0FD7C00F5
:10BA2000ECC0E0EDC0E07E0075F078EF900032727F
:10BA30001200E978120013FECDEECDD0E0FFD0E089
:10BA4000FE1200161C90006352E4F0A37408F090FC
:10BA50000063457403F0E490006351F01200EA2A99
:10BA6000900032751200E97874011200EA34120075
:10BA7000E9787403F075F078EF9000322B1200E94A
:10BA800078E4F09000652BF080301200EA2A9000F4
:10BA900032211200E978120013FECEEACECFE9CFB0
:10BAA0001201AA967B007A0079001200EA2A90001F
:10BAB00032211200E9781200141E9000652BE0FF7D
:10BAC00022120184E1CAEECAC9EFC97B0190006568
:10BAD00029E0FF75F078229000639212006836E446
:10BAE00090006399F090006395F090006395E0FFFB
:10BAF000C39404400301BD18749B2F1200681FE417
:10BB0000F074F12F120068F3FF90006393E05F7010
:10BB10000301BCF2E490006396F090006392E0FFB2
:10BB2000900008A612006626E0FE90006396E0FDF5
:10BB3000C39E400301BCBFED6018FE900008AF1229
:10BB4000006655E5822E120065F0E0540F70030187
:10BB5000BCB59000639612006788FE75F0EA90000D
:10BB600008AF120065E9E030E70CEF600F9000636A
:10BB7000997420F08006E490006399F09000639639
:10BB8000120067D8900008AF120065E9E030E509BF
:10BB9000900063987410F08044E490006398F0EF94
:10BBA0000412006789FE900008A612006656E0FDA8
:10BBB000EFC39D502890006396E0FD1200691712B4
:10BBC0000066672D120065F0E0540FFD1200691742
:10BBD000120065E9E0540F6D700301BCB59000637D
:10BBE0009612006788FE75F0EA900008AF120065B3
:10BBF000E9E030E6099000639A7440F08006E49032
:10BC000000639AF09000639AE064407027900063AC
:10BC100098E0B4101F12006917120065E9E0540F94
:10BC2000FFEEC454F044804FFF90006395E0120093
:10BC3000681DEFF07F8090006396E0FC90006392B7
:10BC4000E0FB900008AF120066642C120065F0E083
:10BC5000540F4FFF90006399E04FFF90006398E00E
:10BC60004FFF9000639AE0FE4F90006397F075F0ED
:10BC7000EAEB900008A7120066672C120065F0E05E
:10BC8000FD7C00CFEECF12017B69CEEFCE120067B4
:10BC900084FD90006396E0FBA3E0900064DFF0A3D6
:10BCA000EEF012019BF412006784FD90006396E0B1
:10BCB000FB1201A29090006396E004F001BB1A12FF
:10BCC000006784FD90006394E0FB120192A1900054
:10BCD0006395E0FF1200681DE06017749B2FF9E484
:10BCE0003463FA7B01900064D37401F07D9A1201F1
:10BCF00062CC90006393E0FF90006395E024F11222
:10BD00000068F3F4FEEF5E90006393F0600A900029
:10BD10006395E004F001BAEA22900064B0EFF0A36A
:10BD2000EDF0A3EBF012011BC26420600301BE57CB
:10BD3000900064B6E0640F600301BF4DA3E06401AE
:10BD4000600301BDD8900064B012011B4620E403DB
:10BD500001BF4D12011C5F9000019E12011BC664C1
:10BD600001600301BF4D75F048EF9000019F120084
:10BD700013F212011BF8EF120011ED12011BFAE988
:10BD80002401F9E43AFAE412011BEBA424A0F974AB
:10BD90000135F0FA7B01EBC0E0EAC0E0E9C0E0A3C6
:10BDA000120013FEE9240212011C02D0E0F9D0E0D7
:10BDB000FAD0E0FB7E007F061200113D900064B1D6
:10BDC00012011BF8900061EC7408F0A37401F0E418
:10BDD000FD12001D3B7F0122900064B7E064026009
:10BDE0000301BF4D12011BEF9000019E120013F2E0
:10BDF000E0FF6402600301BF4D900064B0E0FEA369
:10BE0000E075F0EA900008BF120013F2E5822E12EE
:10BE1000011B585430600301BF4D12011BFAEF1291
:10BE2000011BEBA4249FF9740135F0FA7B01EBC0F0
:10BE3000E0EAC0E0E9C0E0A3120013FEE924011229
:10BE4000011C02D0E0F9D0E0FAD0E0FB7E007F07D1
:10BE50001200113D7F012212011C5F12011BC264FE
:10BE600011600301BEE6900064B6E0641460030153
:10BE7000BF4D900064B1E0FE75F07812011B6B7548
:10BE80009300E0FE5428600301BF4D75F048EF12A7
:10BE9000011BB8700301BF4DF4700301BF4D1201C7
:10BEA0001C5F75F0489000019F120013F2E06003E0
:10BEB00001BF4D900064B1E0FD75F07812011C4B9C
:10BEC00012011B8BEE4408F075F048EF12011BB80D
:10BED000FF75F0EAED12011BB0EF12011BA6E04462
:10BEE00050F0E4FD8060900064B2E012011BC26477
:10BEF00002705A900064B6E06408705112011B7918
:10BF0000E030E41320E24612011B79E04404F07DA6
:10BF1000101201AC08803612011B79E030E52E20AA
:10BF2000E32B12011B79E04408F012011BEF120110
:10BF30001BB8FE75F0EAEF12011BB0EE12011BA652
:10BF4000E04450F07D201201AC247F01227F0022CA
:10BF50007D137F907E001200C16F90000940120097
:10BF6000141E7E007F907D0090000940120013FE99
:10BF70001200161C900008A67402F074801200E6ED
:10BF8000237408F0E4FBFDFF1200EC837420120020
:10BF9000E62304F0FBFDE4FF1200EC837B017A66EC
:10BFA00079B47DFF12013EC47F237E007D14120010
:10BFB000C16F1200E5AB900032721200E4F2120081
:10BFC000141E900032781200E4F17401F07B017AC3
:10BFD000607972900066B51200141E90005A2CE031
:10BFE000FEA3E0FFE924081200E60190005A32E0C7
:10BFF000FEA3E0FF1200E5B2240A1200E6017B82F4
:10C000007ABD79E9120016D71200E5B224081200B1
:10C01000C15FEFC0E0EEC0E01200E5B2240A1200FA
:10C02000C15F90006260EEF0A3EFF09000625ED01E
:10C03000E0F0A3D0E0F07B827ABD79EC120016D755
:10C040001200E5AB7B017A6079721201A3B1120094
:10C05000E5AB75F078900031431200E4F5E4F0A30D
:10C060007409F07B817A1C79F8900031451200E464
:10C07000F11200E5D29000311B1200E4F5E4F0A3C8
:10C080007404F07B817A1C79D275F078EF900031DE
:10C090001D1200E4F51200E5D2900031201200E4F8
:10C0A000F5E4F0A37422F07B817A1C79D675F078E0
:10C0B000EF900031221200E4F51200141E9000608F
:10C0C00032E0FD1200E5AB75F078900031251200EA
:10C0D000E4F5E4F0A3EDF07B017A60793275F07855
:10C0E000EF900031271200E4F51200141E9000605A
:10C0F00012E0FD75F078EF9000312A1200E4F5E4CB
:10C10000F0A3EDF07B017A60791275F078EF900082
:10C11000312C1200E4F51200E5D29000321C12001E
:10C12000E4F57407F07B817A1C79B91201648B12F3
:10C1300000E5AB75F0789000314E1200E4F5E4F0C4
:10C1400075F078EF9000314D1200E4F57401F07E47
:10C15000007F107D007B017A6279F40200161CF9E1
:10C16000E43AFA1200127FFFAEF01201AFB22212CF
:10C170000184E1CAEECAC9EFC97B01229000657E45
:10C18000EFF0A3EDF0E490006582F090006581E0AF
:10C1900014F0CFEBCFEF24FC700301C2BE24FC608F
:10C1A000422406600301C3951200E4AAE92404F9BD
:10C1B000E41200E51290006583F09000657FE09046
:10C1C0000065831200E5514401F09000657E120085
:10C1D000E4E175F023EF1200E4D51200E502440417
:10C1E00001C2B71200E4AAE92401F9E41200E51241
:10C1F00030E00301C3951200E4AAE92401F9E41236
:10C2000000E5124401120011ED1200E5BC1200E439
:10C21000E21200E5841200E4D51200E50254FB129C
:10C220000011ED75F0EAEF1200E4E5EE1200E4C350
:10C23000E92404F9E41200E512603B1200E5BC12A7
:10C2400000E4E21200E5841200E4D590006581E08C
:10C25000FD1200E50720E01E75F0EAEF1200E4E5AC
:10C2600075F023EE1200E4D575F005ED1200E50A35
:10C270004401120011ED1200E5BC1200E4E21200CC
:10C28000E5841200E4D51200E50220E00301C39525
:10C2900075F0EAEF1200E4E5EE1200E4C3E92401D0
:10C2A000F9E41200E51254F91200E4A6E92402F9B7
:10C2B000E41200E5124401120011ED01C3951200D1
:10C2C000E4AAE92402F9E41200E51244101200E4A1
:10C2D000A6E92401F9E41200E51220E00301C39568
:10C2E0001200E5BC1200E4E21200E5841200E4D57D
:10C2F00090006581E0FD1200E50720E00301C39591
:10C3000075F0EAEF1200E4E575F023EE1200E4D5D3
:10C3100075F005ED1200E50A4402120011ED75F00A
:10C32000EAEF1200E4E575F023EE1200E4D575F0B3
:10C3300005ED1200E50A54FB1200E4A6E92404F915
:10C34000E41200E51290006583F0E0FD603F90008C
:10C35000657FE0FFE4FB1201916E1200E5E8E4FB6B
:10C36000120192A190006583E0FF9000657FE024B8
:10C37000F1F582E43430F583759300E0FD12018716
:10C380006B90006583E0B401041200003F1200E5E9
:10C39000E81201619D1200E5BC1200E5DB12013FCD
:10C3A0009390006582E0FF22E490006732F09000F5
:10C3B00042EAE090006731F0E0FF1200D3FA120089
:10C3C000D377FE90004E8BE06E700301C58B7D012C
:10C3D000120197ADEF6401700301C58B1200D51CEB
:10C3E0007D011201A91ABF012990004E8B1200D4C1
:10C3F000891200D3FA1200D46790004E8CE0FF74CB
:10C40000B42EF582E4345D1200D3771200D52301F7
:10C41000C58B900067337402F01200D3F51200D37D
:10C42000771200D3E81200D37724FE602F14603512
:10C430001460382403703F900067327405F0900058
:10C4400042EFE0540F702FEF75F008A42456F974F2
:10C450004E35F0FA7B0112018A2B801A9000673268
:10C460007402F08011900067328008900067327487
:10C4700007F0A37403F07F021200D48B24DAF58254
:10C48000E43409F583759300E05F606074832EF5F2
:10C4900082E4344E1200D3771200D3E91200D3772E
:10C4A0006401600301C58BFF1200D48B248312004A
:10C4B000D354FD1200D492EDF074832E1200D354A5
:10C4C000FE74472FF582E4344DF583759300EEF04A
:10C4D0000FEF640370D290004D467403F090006734
:10C4E00032F090004D4CE05407F08027E4FF9000BC
:10C4F0006732E0FEEFC39E501A1200D3F51200D34C
:10C50000771200D3E91200D36AFE1200D492EEF043
:10C510000F80DB1200D51C1200D3FA1200D377046F
:10C52000F074832FF582E4344E1200D377C3940461
:10C5300040081200D3F51200D40A900061E3120003
:10C54000D4899000000393F4FDEF5D900061E3F067
:10C550007B017A4D794C90006732E0FD90006421B8
:10C56000EEF0A37401F090006733E090006423F0D4
:10C5700012016BB01200D51C90006733E0FB9000F5
:10C58000657B7410F07D0112017A891200D3F512D7
:10C5900000D3771200D50E6F600B900047F0E0607B
:10C5A000240201B0AF90004E8CE090006731120081
:10C5B000D4551200D3771200D523900047F0E070D5
:10C5C000041201B0A12290006384EFF0A3EDF0CF3C
:10C5D000EBCFCEEACE64807008EF64034E7002FFAA
:10C5E000229000638B120013FEE924141200589568
:10C5F0007003E5F0F47002FF2290006384E0FD75A3
:10C60000F07890003265120013F2ED120058131208
:10C610000013FE9000638F1200141E90006385E0EB
:10C62000FD90006388120013FEED120011ED120060
:10C6300058702401120058A81200583B241412000C
:10C640005895FFAEF04E70161200583B240E1200A3
:10C650005895FD1200587012005C70ED80091200B0
:10C66000587012005C70EF120011ED1200583B126E
:10C67000005A6812005C624F9000638F70091200CC
:10C6800013FEE924108015120013FEE924B01200F5
:10C6900057E512005836120058C4241E120058677D
:10C6A0001200597A90006385E0FF7E006480702B51
:10C6B0001200583B2405120057E5FD120058702463
:10C6C00006120059FC1200583B2406120057E5FDE3
:10C6D0001200587012005BC9ED802DEF64904E700F
:10C6E0002B1200583B2407120057E51200586F2404
:10C6F00006120058A81200583B2408120057E512F1
:10C7000000586F12005BC9EF120011ED1200583B88
:10C71000241C120057E51200586F2408120058A874
:10C720001200583B241D120057E51200586F2409CF
:10C73000120058A81200583B241812005867241100
:10C740001200597C1200583B241A12005867241317
:10C750001200597C1200583B241C120057E51200AD
:10C76000583A241D120057E58FF0A41200586F2488
:10C770000A120058A81200583B24B0120057E512C4
:10C78000005836120058C4241E12005867240D1297
:10C7900000597C1200583B24B0120057E59000630A
:10C7A0008B120058BA2421120057E51200586F244A
:10C7B0000D120058952FFFE435F0FE12005870243A
:10C7C0000FF9E43AFAEE120059829000638EE012FB
:10C7D00000586F2415120058A87F0122900042EAE9
:10C7E000E0900067731200EA3E1200E978E020E76B
:10C7F0000301C9D890006773E09000321F1200E96E
:10C8000074E0900067741200EA341200E978E024C2
:10C81000FE24FD501B2404600301C9379000677398
:10C82000E0FFA3E0FD1200B8921200EAC301C9378D
:10C8300090006774E0FD90006351E0FB9000634559
:10C84000E090006533F090006352E0FFA3E09000B9
:10C850006534CFF0A3EFF090006773E0FF1200E7BC
:10C86000D71200EAC3600301C9371200EA20900022
:10C8700032751200E978E0604F1200EA351200E9E3
:10C8800078E06403600301C93790006352E07004EC
:10C89000A3E06408600301C9371200EA2090003267
:10C8A0001C1200E978E0540FFF90006351E004F09F
:10C8B000E0C39F500301C9371200EA20900032758F
:10C8C0001200E978E4F080611200E96BE064027024
:10C8D0002490006351E0FD120085FE1200EAC3BF00
:10C8E0000404E4F0805190006775E064036048122E
:10C8F00000EA2080381200E96BE0B404179000636E
:10C9000051E0FD1200EACA12019E7A1200E96B742E
:10C9100002F080231200E96BE0B4031B9000635225
:10C92000E07004A3E06404700E75F078EF900032BC
:10C93000381200E978E4F0900067731200E9ED1214
:10C9400000E978E0640E600F1200EA351200E97821
:10C95000E060046409707790006774E0FF1201A33F
:10C96000DF1200E96B1200EA9A9000322B1200E904
:10C97000781200EA9A900032771200E978E0FF908E
:10C98000006773E0FE75F0781200E9E1EE1200E94D
:10C990007DEFF075F078EE1200E9E1EE1200E97D2E
:10C9A000E0B40A1075F078EE1200E9E1EE1200E949
:10C9B0007D740BF0900030F5E0FD90006773E0901F
:10C9C00000640C1200EA86FB7F0402010BA69000B3
:10C9D0006775E0700301C7F422900064131200141D
:10C9E0001E7F017B017A4D79469000641A12001473
:10C9F0001E1200D3DAE4120011ED90005E99E0FE01
:10CA000030E2601200D38774021200D3A2E9240836
:10CA10001200D46F45F060251200D3A6E924091254
:10CA200000D39AFD1200D3871200D44DED120011ED
:10CA3000ED1200D3871200D3CE746080171200D39A
:10CA4000871200D44DE4120011ED1200D3871200BA
:10CA5000D3CE7470120011ED90005E99E054FBF09B
:10CA600001CBC4EE30E36D1200D38774031200D300
:10CA7000A2E9240A1200D46F45F060321200D3A656
:10CA8000E9240B1200D39AFE1200D3871200D44D72
:10CA9000EE1200D3A2E9240A1200D39AFE1200D3A8
:10CAA000871200D4E6EE1200D3D67460801712000D
:10CAB000D3871200D44DE4120011ED1200D3871277
:10CAC00000D3CE7470120011ED90005E99E054F71F
:10CAD000F001CBC41200D3A6E924011200D37EEFEB
:10CAE0001200D3A2120011BBFFE924021200D46F7E
:10CAF000FDACF01201A7C6EF600C1200D387120044
:10CB0000D44D748080101200D3A6E924031200D300
:10CB10007E1200D44DEF120011ED1200D3A61200C8
:10CB200011BBFFE924041200D46FFDACF01201A781
:10CB3000C6EF600C1200D3871200D4E67480801018
:10CB40001200D3A6E924051200D37E1200D4E6EF2A
:10CB5000120011ED1200D3A6E924071200D37EE9DA
:10CB60002403F9E43AFAEF120011ED9000550BE0BE
:10CB700020E70A1200D3DA7480120011EDC874BCE9
:10CB8000C8CC7457CCCD7401CD1200D3877F04126A
:10CB900000D4C8900057CFE030E00C7B017A577981
:10CBA000BC7D041201B1B51200D387120011BBFF86
:10CBB000120126EE90006419E06009A3120013FE32
:10CBC00012009F96E490006419F07F0122900064A7
:10CBD00089EDF0A3EBF090006488EFF0A3E0FE9005
:10CBE0000008FC120066632E120065F0E0603F1240
:10CBF00000694575F0789000323C12006608E0B498
:10CC0000032C90006488E075F078900032441200A4
:10CC10006608E0FDA3E09000648ECDF0A3EDF0EF98
:10CC20001200662D759300EE120066D78054120034
:10CC300069451200663AC083C082120069B5D0828D
:10CC4000D08375F002120066181200669DE0FEA304
:10CC5000E0C39DFFEE9C9000648EF0A3EFF0120005
:10CC600069451200662DC083C082120069B5D0826A
:10CC7000D083120066D7120066391200669D12003A
:10CC800069BF9000648B1200141E9000648EE070E7
:10CC900002A3E070589000648AE06401704F1200B3
:10CCA00069C9120065DFE0B4040C75F0EAEE120009
:10CCB00065E57407F02290006489120067D81200BD
:10CCC00065E5E0B4022790006489E0FD9000648887
:10CCD000E0FB12006869120066672D120065F074AF
:10CCE00004F01200682A12017EC301CDB11200695E
:10CCF00045900008A712006696E0FDD39000648F6F
:10CD0000E09D9000648EE09400401375F0EAEF120D
:10CD100000671CE0FF9000648EE4F0A3EFF0900049
:10CD2000648B120013FE9000648EA3E0FFCDEFCD64
:10CD300090006489E090006421F090006488E090A5
:10CD4000006422F0E4A3F012016BB09000648EE066
:10CD5000FEA3E0FF90006488E0FD1200663AC08305
:10CD6000C08290006489E0FC759300D082D0831269
:10CD70000066A11200697F1200671CE0FF9000644A
:10CD80008EE07003A3E06F70169000648812006854
:10CD900068120066672C120065F07402F080129031
:10CDA000006489E0FF90006488E0120065E274048A
:10CDB000F0120069C9120067C712017A8922900037
:10CDC00066D37404F0D23A900047F0E07004120188
:10CDD000B0A1900042EA12004F9DF0E0FE12005018
:10CDE00015120013F2EE12004B69E0FD900066D1BF
:10CDF000F09000324A12005067EE12004B69E0904A
:10CE00000066D212004E2612004B64E030E70B128F
:10CE1000004E7A12004B64E07018ED700301CF9C55
:10CE2000900066D01200501312004B64E0FF020124
:10CE3000A3DF12004E7A12004B64E012001498CE69
:10CE40005801CE9002CE9E03CED607CEEB08CEF58B
:10CE50000CCF03140000CF09900066D1E0FD120151
:10CE60005AB6900066D3EFF0700D12004E7A1200A1
:10CE70004B647408F080BB900066D3E064026003EA
:10CE800001CF0912004E7A12004B64740CF080A29C
:10CE900012004F99E0FD900066A7742880441200AC
:10CEA000517D7B011200CBCD900066D012004B5B10
:10CEB000E06409705490005DBCE0FD900066D1E034
:10CEC000FB9000640CEF12004C69A3F0A3F07F0408
:10CED00012010BA6803312004F99E0FD900066A767
:10CEE0007420F0E4FB120170C4801E1200517D1208
:10CEF00001A9A9800E12004F99E0FDE4FB12018FF9
:10CF0000498000E4900066D3F0900066D3E06012A0
:10CF1000B4010D12004E7A12004B647413F08002BB
:10CF2000C23A303A77900066D012004B5B12005044
:10CF30008912004B64E0FF1201A3DF900066D2E08B
:10CF4000900066D012004C19E4F09000323C1200C0
:10CF50005067EE12004B69E4F0EE12004D15EE1230
:10CF6000004B6912004D591201AA9612004FA89069
:10CF70000066D012004C0F12004B6412004F1D903F
:10CF800000323E12004B6412004F9DE0FE12004F33
:10CF900091120013F2EE12004B69EFF02290006440
:10CFA000A0EFF0A3EDF090002F801200E45290006B
:10CFB00064A5F01200D16A75F048A42494F97401B4
:10CFC00035F0FA7B01900064A21200E3A99000649E
:10CFD000A1E0FF90002F7C1200E452FECDEECD7553
:10CFE000F016EF90002F7D120013F2E0900064A085
:10CFF0001200E306E0FE1200E37E1200E3D275F0B9
:10D0000078EF1200E3111200E37E1200E3EE12004B
:10D01000E4321200E315E0900064A21200E36724FA
:10D02000031200E35F4F120011ED900064A01200A4
:10D03000E33AE030E70E1200E37E24031200E35FE0
:10D040001200E41E900064A01200E30CE0FF7E00DA
:10D05000900064A6EEF0A3EFF0D39440EE9400406D
:10D0600008900064A61200E495900064A6A3E01264
:10D0700000E37D24041200E392900064A6E05403D0
:10D080001200E37D24051200E3921200E432120044
:10D09000E315E0900064A230E7081200E35844086A
:10D0A00080061200E3584404120011ED75F078EF89
:10D0B000900031071200E343E0547F1200E37D2427
:10D0C00006F9E43AFAEF1200E35030E321900064ED
:10D0D000A0E0FF75F078900031E91200E3F912004A
:10D0E000E32FE01200E37D1200E3C5EF800A120097
:10D0F000E37E1200E3C57401120011ED900064A1FB
:10D10000E075F01690002F7F120013F2E09000649B
:10D11000A230E2081200E3DD740480051200E3DDB2
:10D12000E4120011ED900064A0E0B401037F01223D
:10D130001200E37E24011200E35F44F81200E35082
:10D14000900064A530E314E0FDE4FB7F0112017C54
:10D15000B1900064A5E0FF7D018008E01200D16A73
:10D16000FFE4FD1201AA757F0122FD7B017F011200
:10D17000017CB1900064A5E022900066C4120051C9
:10D180002DA37401F0900066C412004B5BE06003B5
:10D1900001D23212004D8F12004B64E0B40218909D
:10D1A0000066C4E075F0789000311312004B6412F1
:10D1B000004D591201AA96900066C6E0FF7E007DE0
:10D1C00007120184E11200502C900066C412004C3A
:10D1D0000F12004B6412004DD312004B6412001367
:10D1E000FE900066C512004DB4900066C412004C5B
:10D1F0000F12004B641200501D602575F078EF90FF
:10D2000000322012004B647440F0900066C6E0FBD0
:10D210007A001201A40D900066C77404F001D34D8A
:10D22000E4FF1201AFED900066C4E0FF75F07801F5
:10D23000D342900066C412004B5BE0FF640D6008AF
:10D24000EF640C600301D31E900066C412004C0F03
:10D2500012004B64120013FE120116A112004DC5FC
:10D2600012004B64E0B4020D12004D8F12004B64AB
:10D270007404F0800B12004DC512004B647403F06F
:10D28000900066C412004B5BE4F0900066C6E0FDBF
:10D2900075F078EF9000311112004B64E4F0A3EDCB
:10D2A000F0900066C412004C0F12004B6412001381
:10D2B000FE75F078EF9000311312004B6412004FAE
:10D2C000A412004DD712004B6412004F1D90003184
:10D2D0000F12004B64E0FF900066C4E0FD90003246
:10D2E0001F12004D3EED12004B69E012004EA4A348
:10D2F000EFF09000310F12004D3DED12004B69E050
:10D30000FF900066C4E0FE9000322012004DADEEAA
:10D3100012004B69EFF0E4900066C7F0802F900098
:10D3200066C412004C0F12004B6412004D591201DA
:10D33000AA96900066C412004C0912004B641200B9
:10D340004F1D9000323612004B64741BF090006643
:10D35000C7E0FF22F582E4344EF583759300E07553
:10D36000F008A42456F582E4344EF583759300E565
:10D37000822FF582E43583F583759300E022F9E48A
:10D380003AFA120011BBFF9000641A020013FE90DB
:10D39000006734120013FEE92403F9E43AFA0200AC
:10D3A00011BB120011ED90006413020013FE9000F7
:10D3B000668BE0FF2475F582E4344E229000668B84
:10D3C000E0FE75F008A424E6F582E4344C22E9245A
:10D3D00002F9E43AFAE4120011ED9000641602003A
:10D3E00013FEF090004E8BE0FF75F008A42455F575
:10D3F00082E4344E2290006731E02483F582E434E5
:10D400004E22747A2FF582E4344EF583759300E44E
:10D41000F022F0EF75F008A42456F9744E35F0FAB6
:10D42000C8E9C8CCEACCCD7401CD90006567020094
:10D4300013FEEF75F040A42455F582E4344DF583D6
:10D44000E58222F0747A2FF582E4344E22E9240139
:10D45000F9E43AFA22FFE024B4F582E4345D227E56
:10D46000007D000200161CF583759300EFF022F991
:10D47000E43AFA0200127FF582E43583F58375936E
:10D4800000229000668BE0FF22E0FF90006731E011
:10D49000FE22744C2FF582E4344DF58375930022FF
:10D4A00075F008A424E6F9744C35F0FA22900000D7
:10D4B0000393FF900061E2E05F2275F008A424ED81
:10D4C000F582E4344C227F087E000200113D75F0A5
:10D4D00008A42456F582E4344E2275F008A424579B
:10D4E000F582E4344E22E92402F9E43AFA227E007D
:10D4F0007F047D000200161CC8E9C8CCEACCCD74BC
:10D5000001CD2204F074752FF582E4344E22FF9091
:10D51000004E8BE022F583759300ED229000673179
:10D52000E0FF22F4FEEF5E90004E8CF0229000654A
:10D5300090EFF0A3EDF0A3EAF0A3EBF09000659577
:10D540007401F09000659012004B5BE07064120073
:10D5500051D97D08120184E11200502C9000659091
:10D5600012004C0F12004B6412004DD312004B649A
:10D57000120013FE9000659112004DB4900065906A
:10D5800012004C0F12004B641200501D60179000E7
:10D590006592E0FAA3E0FB1201A43B90006595744C
:10D5A00004F001D6F77F011201AFED120050B70170
:10D5B000D6EC9000659012004B5BE0FF640D6008B4
:10D5C000EF640C600301D6CC9000659012004C0F04
:10D5D00012004B64120013FE1201A7ED9000659239
:10D5E000E07004A3E06412704D120050B790003256
:10D5F0000D12004B64E0FEA3E064124E6038900010
:10D600006590E012004C1112004B64120013FE7D75
:10D61000127C00120028D49000659012004C0F126A
:10D62000004B6412004D591201AA9612004C0512CB
:10D630000013F2EF806A120050B79000320D120012
:10D640004B64E0FCA3E0FD12004DD712004B6412C6
:10D650000013FE120028D4EF70089000659504F0C6
:10D66000806A120051D990006590E0900031161246
:10D67000004D69ED12004B69EEF0A3EFF012004D82
:10D6800014ED12004B69120013FE900031181200C5
:10D690004F5FED12004B6912004FA412004D14EDC4
:10D6A00012004B691200141E90006594E090006512
:10D6B0009012004C70EE12004B6912004B8DEE126E
:10D6C000004B69E4F090006595F0802B9000659028
:10D6D00012004C0F12004B6412004D591201AA9611
:10D6E00012004C0512004B6412004F1D90003236A0
:10D6F00012004B64741BF090006595E0FF229000CF
:10D700006828EFF0C20990005F60E0FC12001498F6
:10D71000D73500D73501D73502D73503D73504D7EC
:10D72000E905D84D06D7BD07D77208D7721ED77244
:10D730001F0000D8C612014A2890005EDAE0FE9071
:10D74000005F5FE02E120149D9FD12019036EF70A3
:10D750000301D8C690005EDAE004F090005F73E049
:10D76000FF90005EDAE0C39F5004D20C8076C20CBA
:10D77000807290005F46E0600214F0EC641E600866
:10D7800090005F60E0B41F0A90005ED4E070030177
:10D79000D8C6E4FC90005F73E0FFECC39F40030138
:10D7A000D8C612014A2890005F5FE02C120149D9C7
:10D7B000FD12019036EF6002802A0C80D7120149D9
:10D7C000D3FE90006828E06E600301D8C6740F2F66
:10D7D000F582E43454120149E0FF120149EB1201D1
:10D7E0004A3BEFF0D2097F012290005EDAE0702C14
:10D7F000E004F0120149D3FD90005F76E4F0A3ED60
:10D80000F0740F2FF582E43454120149E0FF9000C8
:10D810005ED0E4120149E712014A3BF012014A15B9
:10D8200012017589EF601CD390005ED1E0940A90DC
:10D83000005ED0E094005002D20990005F6F740146
:10D84000F0FF22C20CD209C20BC20A807990005E9E
:10D85000DAE07056E00412014A44FD240FF582E438
:10D860003454120149E0FE740E2D120149DB7C0094
:10D870002400FFEC3E90005F76F0A3EF12014A44D3
:10D880002411F582E43454120149E0FE74102DF5A0
:10D8900082E43454120149E02400FFEC3E90005E23
:10D8A000D0120149E712014A3BF012014A15120158
:10D8B0007589EF600D90005F6F7401F0D20CD20992
:10D8C000FF22C20CD2097F0022900065BAEFF0A3BC
:10D8D000EDF0A3EBF0A37401F0900065BA12010122
:10D8E000B112010168E0600301D9B875F078EF1258
:10D8F0000101C7C083C082900065BCE0759300D071
:10D9000082D08375F002120013F2E0FEA3E0FF90D4
:10D910000065BEEEF0A3EFF04E700301D9AC9000AD
:10D9200065BEE0FEA3E0FF7D10120184E1CAEECAED
:10D93000C9EFC97B01900065BA1201015F120014A2
:10D940001E75F078EF900032211201016812001369
:10D95000FE900065BBE0FD75F01190002DB2120144
:10D9600002701201015F120013FEE94A4B602BEFB7
:10D97000C0E0900065BCE0FB900065BEE0FFA3E066
:10D980009000666ACFF0A3EFF0D0E0FF1201892982
:10D99000900065BD7404F001DA877F041201AFEDD9
:10D9A000900065BAE0FF75F07801DA7C900065BA06
:10D9B000E0120101BE01DA4D900065BA120101B119
:10D9C00012010168E0640D900065BA600301DA5A43
:10D9D000E075F078120101C7C083C082900065BC79
:10D9E000E0FE759300D082D08312010220900031B6
:10D9F0002F1201016875F005EE120013F2ECF0A38E
:10DA0000EDF0900065BA1201015F120013FE75F08F
:10DA100078EF90003131120101CBC083C0829000B9
:10DA200065BCE0759300D082D08375F005120102C9
:10DA300070E0120101BE12010168E4F075F078EFA8
:10DA40009000323712010168E412010258120101FC
:10DA500068E4F0900065BDF0802D1201015F1200B6
:10DA600013FECEEACECFE9CF1201AA96900065BA96
:10DA7000120101591200141E75F078EF9000323730
:10DA8000120101687408F0900065BDE0FF2290006B
:10DA900063ACEFF012005AA31200580E120058FDAA
:10DAA0006014900063AC12005AA11200580E1200CC
:10DAB00013FE1200DC36900063AC12005805120011
:10DAC00058FD700301DBFC75F078EF9000326C12AA
:10DAD00000580E01DBCC900063B0120013FEE92465
:10DAE00005120057F901DB83900063AD120013FEAD
:10DAF000E92404120057F9803E12005C131200570B
:10DB0000F9E94A4B603B12005C13120057F912000E
:10DB10005BBA900063B3120057F2EA494B600C9075
:10DB20000063B3120057F21200DC361200DBFD90E6
:10DB30000063B6120013FE900063B31200141E803F
:10DB4000B8900063B3120057F2EA494B600C9000A2
:10DB500063B3120057F21200DC411200DBFD120029
:10DB60005AD5120057F9E94A4B602312005AD512D0
:10DB70000057F912005BBA1200DC10900063B61275
:10DB80000013FE900063AD1200141E01DAE81200CB
:10DB9000DC1012005A91120057F9E94A4B603C120E
:10DBA000005A91120057F912005BBA120059C212C2
:10DBB0000057F9E94A4B600C120059C2120057F99C
:10DBC0001200DC411200DC23900063B6120013FE49
:10DBD000900063B01200141E01DAD6120059C2126E
:10DBE0000057F9E94A4B6010120059C2120057F968
:10DBF00012005C621201AA961200DC2322900063DC
:10DC0000B3120013FECEEACECFE9CF1201AA9622BC
:10DC1000900063AD120013FECEEACECFE9CF120121
:10DC2000AA9622900063B0120013FECEEACECFE98E
:10DC3000CF1201AA9622CEEACECFE9CF1201AA9640
:10DC400022CEEACECFE9CF1201AA96229000631F1E
:10DC50001200141EE4FFFE120163789000632A1282
:10DC600000141E900063287401F0A37448F0900023
:10DC7000631F120013FE900063301200141EE49024
:10DC8000006326F0A3F090006328E0C313FEA3E036
:10DC900013FFC390006327E09F90006326E09E403F
:10DCA0000301DD7F120163C69000632D1200141E74
:10DCB000120163BCC0E0E9C0E0EAC0E0EBC0E09064
:10DCC000006330E475F002120014071200127FFFA7
:10DCD000AEF0E4FCFDD0E0FBD0E0FAD0E0F9D0E01B
:10DCE000F8120012BF1201637A120163C6EBC0E0A2
:10DCF000EAC0E0E9C0E09000632D120013FED3D02B
:10DD000082D083D0E0E99582EA9583400E9000634B
:10DD10002A120013FE7401120011D190006326E054
:10DD2000547FFEA3E04E7048120163D6C0E0C0E00D
:10DD3000EEC0E0EFC0E0120163AED0E0FBD0E0FA4D
:10DD4000D0E0F9D0E0F8120012BF1201637A12019C
:10DD500063BCC0E0E9C0E0EAC0E0EBC0E0120163F0
:10DD6000AED0E0FBD0E0FAD0E0F9D0E0120163627F
:10DD700090006326E475F0011200126901DC8690C0
:10DD8000006329E030E032120163BCC0E0E9C0E08A
:10DD9000EAC0E0EBC0E0120163C61200127FAEF0F1
:10DDA0007F00E4FCFDD0E0FBD0E0FAD0E0F9D0E069
:10DDB000F8120012BF1201637A120163D6C0E0C0EC
:10DDC000E0EEC0E0EFC0E0120163AED0E0FBD0E0D7
:10DDD000FAD0E0F9D0E0F8120012BF1201637A1213
:10DDE0000163BCC0E0E9C0E0EAC0E0EBC0E01201C2
:10DDF00063AED0E0FBD0E0FAD0E0F9D0E0120163EE
:10DE00006290006322020013CE90006743EFF0A3FC
:10DE1000EBF0CFEDCFA3EFF090006744E0FFA3E07D
:10DE2000FEC39F400301DFB9120067D4900008FCD5
:10DE3000120065E9E0604D90006745E01200662D34
:10DE4000120066D3CEEACECFE9CF1201AA96900097
:10DE50006745120068841200662DC083C08290005E
:10DE60006743E0FE759300D082D083120066E275AE
:10DE7000F0EAEF900008FC120066672E120065F0D1
:10DE8000E4F0806812006A1D90006745120065E0AA
:10DE9000E06403600D75F0EAEE120065E5E06405EC
:10DEA000704A90006745E01200662DC083C08290E2
:10DEB000006743E0759300D082D083120066D7CE0E
:10DEC000EACECFE9CF1201AA967B007A00790090C2
:10DED000006745E01200662DC083C0829000674352
:10DEE000E0759300D082D083120066E212006A1DB2
:10DEF00012006955900008C8120065E9120068DB3D
:10DF0000900008D4120065E9120068DB900008F068
:10DF1000120065E9120068DB900008CC120065E988
:10DF2000E05440F0120067D4900008D0120065E978
:10DF3000120068DB90000900120065E9120068DB3E
:10DF4000120065E5E4F0EE12006622C083C0821282
:10DF5000006A1D759300D082D083120066A1E4F0A0
:10DF6000A3F090006745E0FE1200663A759300EF5B
:10DF7000120068C4E4F0A3F0120067D4900008BF58
:10DF8000120065E9E05401F012006955900008C4E0
:10DF9000120065E9E4F0F583758218C083C082FD44
:10DFA000EE120068FFD0E0FFD0E0FE1200161C90D9
:10DFB000006745E004F001DE182290005DC0748027
:10DFC000F0A37402F090005DC3740712005A147439
:10DFD00001F0A37408F090005DCDE4F0A374E0F0CC
:10DFE000A3E4F074E71200596304F07B017A5D79D1
:10DFF000DC90005DD91200141E90005DDC7480F08E
:10E00000E4A3F090005DDF7407F0A3E4F0A37406CE
:10E01000F0A37410F0A3744012005A1E7406F0E4CA
:10E0200090005DE9F0A3F0A3F074FF12005963744F
:10E03000FFF07A5D79F890005DF51200141E9000F3
:10E040005DF87490F0A37402F090005DFB74081208
:10E05000005A14F0A37401F0E490005E0512005918
:10E0600067041200596404F090005E1112005ACB4C
:10E0700090005E157480F0A37402F090005E187436
:10E0800009F0A3E4F0A30412005A1B7401F0A37476
:10E0900008F090005E22E4F0A304F0A3E4F0A3747F
:10E0A000081200596404F07B017A5E793190005EB9
:10E0B0002E1200141E90005E3112005BD090005EA4
:10E0C0003412005BD8743012005A1E741012005AB9
:10E0D0001E7401F0E490005E3EF0120059661200DA
:10E0E0005AAB7A5E794D90005E4A1200141E900081
:10E0F0005E4D12005BD090005E5012005BD8743110
:10E10000F0A37410F0A3741812005A1E7401F0E406
:10E1100090005E5AF01200596612005AAB7A5E798E
:10E120006990005E661200141E90005E6912005B2A
:10E13000D090005E6C12005BD87438F0A37418F0B5
:10E14000A3742012005A1E7401F0E490005E76F071
:10E150001200596612005AAB7B007A0079009000D9
:10E160005E820200141E9000664E12007AA0120019
:10E1700076B7E0540F90006652F0E49000664FF0DE
:10E1800090006652E0FF9000664FE0C39F4003019D
:10E19000E305E4A3F09000664FE09000664E1200A5
:10E1A00076C4FD90006650E0FCC39D400301E2FB95
:10E1B000120077FEEE120076BC75F006EF120078C2
:10E1C00080E5822C120076DA54606420600301E25C
:10E1D000F19000664EE0FF9000317D12007917C08B
:10E1E00083C0829000664FE0759300D082D0831286
:10E1F00000787DE5822C120076DA30E7099000661F
:10E20000517401F08006E490006651F09000665170
:10E21000E0FF12018E59EF700301E3059000665193
:10E22000120078C1F583C083C082759300E0FE9030
:10E2300000664E120079DAD082D083F09000664FEB
:10E24000E0FEEF25E025E02474F582E4342FF58329
:10E25000759300EEF090006650E0FFA3E0FE25E02D
:10E2600025E02475F582E4342F12007AAA12007793
:10E27000C1ED2583F583C083C0829000664FE0FD29
:10E28000759300D082D0831200787D120076D7FF7C
:10E29000EE25E025E02476F582E4342F12007AAAF8
:10E2A000F09000664EE0FF75F078900031C51200E6
:10E2B00076B775F006ED120013F2C083C0829000AD
:10E2C0006650E0759300D082D0832582120076DA02
:10E2D000FDEE541FFEED4E759300F090006651E088
:10E2E000FD12011C6690006651E0FDE4FF12018DF5
:10E2F0006790006650E004F001E1959000664FE001
:10E3000004F001E18022540FFFCCEFCCE0FF75F068
:10E3100078900031A1120013F2EF2583F5837593F5
:10E320000075F006ED120013F2759300E5822CF5EE
:10E3300082E43583F58375930022E090003151FF2C
:10E3400075F078120013F2EF2583F58375930022A0
:10E35000120011ED900064A2120013FEE92405F9E9
:10E36000E43AFA020011BB540FC454F0FF12001338
:10E37000FEE922EE5403FF120013FEE922FF900093
:10E3800064A2120013FEE922547FFF120013FEE97B
:10E390002406F9E43AFAEF020011ED75F048A424DE
:10E3A00014F9740635F0FA7B011200141EE4020021
:10E3B00011EDFFCDEFCD120013FEE9229000645263
:10E3C000120013FEE92407F9E43AFA22FE120013C0
:10E3D000FEE92402F9E43AFAEE020011ED1200130C
:10E3E000FEE92401F9E43AFA22120013FEE92403BB
:10E3F000F9E43AFAE4020011ED120013F2EF25837A
:10E40000F583CFEDCF75930075F006EF120013F290
:10E41000CFECCF759300E5822F22120011BB44048C
:10E42000020011ED90002DB575F011120013F2A34A
:10E43000E022900064A0E0FF75F0789000317D222A
:10E44000FD75F078020013F2900065A4120013FE2F
:10E45000E92275F016120013F2E02275F011EF12A6
:10E460000013F2E02290006655120013FEE922909C
:10E4700000061C120013F2E5822E222404F9E43A6D
:10E48000FAED020011ED75F0789000322022E0FDE7
:10E49000E4FB7F0222E4F0A37440F0229000645277
:10E4A000120013FEE922120011ED9000657EE07566
:10E4B000F0EA90000940120013F2120013FE9000DF
:10E4C000657FE09000658175F023A429F9EA35F0B5
:10E4D000FA75F005E0A429F9EA35F0FA2290006611
:10E4E000B8E075F0EA90000940120013F202001340
:10E4F000FEEF75F078120013F2EF2583F583759324
:10E50000002290006581E075F005A485F08329F96B
:10E51000E5833AFA020011BB75F008120013F2E02D
:10E52000FCA3E0FD75F0EAEF90000910120013F271
:10E5300075930075F002EE120013F2ECF0A3EDF00B
:10E54000900067E6E090000918FF75F0EA020013FA
:10E55000F2FFE075F0EA900008CC120013F2E582B9
:10E560002FF582E43583F583759300E022900065F2
:10E5700088E9248CF9E43AFAE022900067E7E0FEAB
:10E58000759300229000657FE0FE75F023229000D5
:10E5900067E6E0FFA3E0FD900059CCE0FB90005956
:10E5A000CAE02290000904020013F2900066B4E071
:10E5B000FF22900066B5120013FEE9229000657EEE
:10E5C000E0FF22FF7C0029F9EC3AFA90006421EF89
:10E5D000F0221200141E75F078EF22A3E0FBCDEBC1
:10E5E000CDE490006587F0229000657FE0FF900009
:10E5F0006583E0FD227E0029F9EE3AFAE40200117B
:10E60000EDF9E43AFAEE8FF0020012A375F002126F
:10E610000013F2E4F0A3F022F582E43463F583758D
:10E6200093002290006359F0A3E4F0A322E0FF7569
:10E63000F078900032782290006759E0FF75F0780A
:10E64000229000672CEDF0A3EBF09000672BEFF029
:10E650006480705AA3E012001498E67601E67D0209
:10E66000E68404E68B08E69210E69920E6A040E6F0
:10E67000A7800000E7D61201B18C9280221201B16E
:10E680008C9281221201B18C9282221201B18C9261
:10E6900083221201B18C9284221201B18C928522C4
:10E6A0001201B18C9286221201B18C9287229000C5
:10E6B000672BE06490705AA3E012001498E6D90129
:10E6C000E6E002E6E704E6EE08E6F510E6FC20E701
:10E6D0000340E70A800000E7D61201B18C92902235
:10E6E0001201B18C9291221201B18C9292221201EC
:10E6F000B18C9293221201B18C9294221201B18CAE
:10E700009295221201B18C9296221201B18C9297AD
:10E71000229000672BE064A0705AA3E012001498C6
:10E72000E73C01E74302E74A04E75108E75810E7EE
:10E730005F20E76640E76D800000E7D61201B18CEC
:10E7400092A0221201B18C92A1221201B18C92A24C
:10E75000221201B18C92A3221201B18C92A4221236
:10E7600001B18C92A5221201B18C92A6221201B1A4
:10E770008C92A7229000672BE064B07059A3E0123E
:10E78000001498E79F01E7A602E7AD04E7B408E7A5
:10E79000BB10E7C220E7C940E7D0800000E7D612EF
:10E7A00001B18C92B0221201B18C92B1221201B14E
:10E7B0008C92B2221201B18C92B3221201B18C92CE
:10E7C000B4221201B18C92B5221201B18C92B62200
:10E7D0001201B18C92B72290006531EDF090006586
:10E7E00030EFF0CEEBCE1200E9EF1200E978E060F6
:10E7F0000301E8B21200E9851200EA011200E9788B
:10E800007423F090006533E0FD75F078EF900032EE
:10E810002D1200E978EDF090006534E0FAA3E0FBFA
:10E820001200EAD475F0789000322E1200E978EAEE
:10E83000F0A3EBF0EE2401FBE433FA75F078EF90EF
:10E840000032301200E978EAF0A3EB1200EADB12A2
:10E8500000E978E4F0A3F0ED70521200EA02120031
:10E86000E978E04480F075F078EF900032721200A1
:10E87000E978120013FECFEECFEF1200EAB8900055
:10E8800065311200EA511200141E90006530E0FE5E
:10E8900075F07890003232120013F2EE1200E97D2A
:10E8A000E4F0A374041200E9AB7404F01200EAD49B
:10E8B0008073900065301200E9ED1200E978E064A1
:10E8C0000C600301E95175F078EF900032571200A7
:10E8D000E978E0700301E9641200E985740A120026
:10E8E000EA011200E9787480F075F078EF90003258
:10E8F0002D1200E9787406F075F078EF9000322E52
:10E900001200E9787406F0A31200EA9A90003230FF
:10E910001200E978E4F0A31200EADB1200E978E4DF
:10E92000F0A3740AF07E007C017D7812001201745D
:10E930002C2FF974323EFA7B0112016F4C1200EA5F
:10E94000D4A3E0FD1201A135900065367404F08077
:10E9500013900065301200E9ED1200E978E4F090C0
:10E96000006536F090006536E0FF2290006773E0A6
:10E9700090003238FF75F078120013F2EF2583F51E
:10E98000837593002290006531E0FF75F0119000CF
:10E990002DB9120013F2E4F0A37408F075F011EF32
:10E9A00090002DB7120013F2E4F0A3F0EF90002DC9
:10E9B000BB75F011120013F2E4F0A322120013FE53
:10E9C000900065AFE075F005A429F9EA35F0FAE9A1
:10E9D0002404F9E43AFA22900065B4E0FFA3E0FDD4
:10E9E0002290003234020013F290006529E0FF7596
:10E9F000F0789000322B22E0FF75F07890003272B0
:10EA000022F090006530E0FF75F0789000322C2203
:10EA100090006660E4F0A322FE75F078020013F225
:10EA200090006773E0FF75F0782290006529E0FFA1
:10EA300075F07822F075F078EF9000323822FFF010
:10EA400075F07890003107221200141E75F078EFEF
:10EA500022E0FF90002DB275F011020013F2E924BC
:10EA600002F9E43AFA020011BBF0900065A8E0FF59
:10EA700022FF90006346E0FEC8EFC87401082290B0
:10EA8000006804E0FF22F0E4A3F0A3F0A3F0A3F0F9
:10EA900022120013FE900065B522E4F075F078EFC5
:10EAA00022900066E8E0FF22900065B27401F02237
:10EAB00075F078900032352275F005A429F9EA3511
:10EAC000F0FA2290006775EFF022E490006660F0A3
:10EAD000A3F0FB2290006530E0FF22F075F078EFA4
:10EAE0009000323222F0900065B4E022E0FD900008
:10EAF000640C22900065B7E0FF229000680FEDF0F3
:10EB00009000680EEFF0600301EC38A3E0FF120004
:10EB1000957C04F090005FA97402F090005FF3E030
:10EB20006455600301EBD7D21F12018482EF6003AA
:10EB300001EBCB9000680FE012001498EB5E10EB35
:10EB40006712EB7916EB8219EB8B3EEB953FEBAC42
:10EB500042EBB543EBBE44EB70620000EBC79000A4
:10EB60005FB17416F0806490005FB17415F0805B43
:10EB700090005FB17409F0805290005FB1740BF0A7
:10EB8000804990005FB17411F0804012009549A354
:10EB9000743EF0803690005FB2E0B43E0D90005FAE
:10EBA000B17414F0A3743FF08021801B90005FB11A
:10EBB0007401F0801690005FB17402F0800D900037
:10EBC0005FB1740FF080041200954990005FB1E0CE
:10EBD000700301EC82805690005FF3E0FF645760A1
:10EBE00004EFB45614120095A71201848290005FBE
:10EBF000B1E0700301EC82803490005FF3E0644781
:10EC0000702F120095A7C394044006EFD3941D40C3
:10EC10000D120095A764296005EF642B70649000C5
:10EC2000680FE090005FB1F0D21F7410F002014154
:10EC30002F12009549D21F229000680EE0640170E7
:10EC40003D90005FB1E07036120095A790005FF331
:10EC5000E06F702A7B827AB479F01200963F12003E
:10EC600016D71201AEEF9000680FE0FDE4FF12012D
:10EC70008EF99000680FE0FD7F0112018EF91201FC
:10EC8000AEEF2290006356EFF0A3EDF090006359D1
:10EC9000E0FD9000635B30E71BE025E0FF90006340
:10ECA0005AE033FEEF2402FFE43E90006360F0A3DD
:10ECB000EFF08013E02402FE9000635AE0340090ED
:10ECC000006360F0A3CEF09000635AA3E0FF9000D1
:10ECD0006357E0FE90006356E0FC900008A7120125
:10ECE000495E2E1201493CEFF0CFEBCFEF540F4DB0
:10ECF000FFEC1201495A2E1201493CEFF0E490005A
:10ED0000635CF090006360E0FEA3E0FF7D1A1201F7
:10ED100084E1CAEECAC9EFC97B019000635D1200AD
:10ED2000141E12014974E94A4B700301EDF91201F6
:10ED30004974CFE9CFCEEACECDEBCD7C0090006315
:10ED400062120013E690006362120013CE9000631B
:10ED50005CE075F080900013AE120013F2C083C027
:10ED60008290006356E0759300D082D08375F010D6
:10ED7000120013F2C083C08290006357E0759300C5
:10ED8000D082D083120149C990006362120013CE71
:10ED9000E4FFE4FDFC7808120013A89000635CE037
:10EDA000FE75F080900013AF120013F2C083C08292
:10EDB00090006356E0FD759300D082D08375F0100B
:10EDC000120013F2C083C08290006357E0FC759379
:10EDD00000D082D083120149C91201497475F0C074
:10EDE000EE1201492575F018ED1201492975F0035D
:10EDF000EC120013F21200141E9000635CE004F0A9
:10EE0000E0C39404500301ED032290006444EDF04C
:10EE1000A3EAF0A3EBF090006443EFF075F0789074
:10EE200000321F1200E343E0C3941290006447F0E5
:10EE3000E0900064491200E39B90006444E01200FB
:10EE4000E424FF90006449120013FEE9240212003A
:10EE5000E392900064491200E3E9900064431200D9
:10EE6000E33AE030E7041200E41AD390006446E08D
:10EE7000944090006445E0940040041200E49590B2
:10EE8000006445E0FEA3E0900064491200E3B21282
:10EE900000E47B900064491200E37324051200E350
:10EEA000921200E41E90006443E0900031071200CB
:10EEB000E33FE0900064491200E388900064491247
:10EEC00000E3C074FF120011EDE490006448F0907C
:10EED000006448E0FFFDD390006446E09D9000642C
:10EEE00045E09400406690006443E0FE75F0789041
:10EEF000003224120013F2EE1200E348E0FCA3E01B
:10EF0000FDEFFB7A00ED2BFDEA3CFC75F078EE900E
:10EF1000003221120013F2EE1200E348120013FE39
:10EF2000E92DF9EA3CFA120011BBFF90006448E0B9
:10EF3000FE90006447E075F0481200E46F1200E3B1
:10EF40002FEFF090006448E004F080839000644567
:10EF5000E07002A3E09000644970081200E3DD74E1
:10EF6000FC800D120013FEE924011200E35F44F857
:10EF7000120011ED90006447E0FD7F0212018D67E1
:10EF8000900064471200E48E12017CB17F01229050
:10EF9000006572EFF0A3EDF0A3EBF0E4900065776D
:10EFA000F090006577E0FFC39404400301F06074C3
:10EFB000F12FF582E43430120097191200991E5F88
:10EFC000700301F05690006574E064017050120007
:10EFD00096D4E92401F9E4120097C730E025120025
:10EFE00097311200990C120096FF120097B7440156
:10EFF00012009695E92402F9E4120097C744011221
:10F000000011ED90006576E0FD120096D412009894
:10F0100005ED120098689000658774018033120036
:10F0200097311200990C120096FF120097B754FC0A
:10F0300012009695E92402F9E4120097C7440312DE
:10F040000096D012009805E412009868E4900065DC
:10F0500087F012013F9390006577E004F001EFA183
:10F0600090006574E0707590006572E0120097E49E
:10F07000EF12009767120013FE120096F712009825
:10F0800005E4120011ED90006576E0FF75F07890D0
:10F0900000321C12009712C4540FFE75F078EF90E6
:10F0A00000321B12009712120097E4EF12009767CC
:10F0B000120013FECFEECFEF120096FC120098055F
:10F0C000E4120011ED1200979CEF2583F583C083B5
:10F0D000C0821200991AF4FEEF5E80141200979C11
:10F0E000EF2583F583C083C0821200991AFEEF4E8C
:10F0F000759300D082D083F090006574E0FF90009B
:10F100006576E0FE75F0789000325512009762EF58
:10F11000F022900064551200141EE49000645AF02E
:10F12000CFEDCFC3EF9401A3F09000645BE0FDFF4F
:10F130009000645AE0FC2FFFE433A2E713EF139032
:10F1400000645CF06C6007E06D600301F209900000
:10F15000645AE09000645DF09000645BE0FF900012
:10F16000645DE0FED39F400301F204EE12005954A7
:10F17000120057DCFD1200595B12005AE1120057D1
:10F18000E5FF6D605790006459E06F7002806090F9
:10F1900000645D1200595312005AE1120057E5FD58
:10F1A00090006459E0FCEDC39C504F1200595B1273
:10F1B0000057DCC312005B7A4040120058B12402B1
:10F1C000120057E5FF90006459E0C39FFFE49400EC
:10F1D000FE1200595B9000645D01F26D120058B19F
:10F1E0002402120057E5FF90006459E06F700B1283
:10F1F00000595B9000645D01F28D9000645DE00455
:10F20000F001F1587E007FFF229000645C120058EC
:10F21000B52402120057E5D312005B7A400D90002E
:10F22000645CE09000645BF001F12990006459E0B7
:10F23000FEEFC39E504F9000645C120059531200C1
:10F2400057DCFD1200595B12005AE1120057E5FF2E
:10F250006D602590006459E0FEEDC39E401AE09F6A
:10F26000FFE49400FE1200595B9000645C120059A8
:10F27000882FFFEE35F0FE229000645CE090006481
:10F280005AF001F1291200595B9000645C12005998
:10F2900088FFAEF022900064F1EFF0A3EDF0900053
:10F2A00064F112006768900064F51200141E1200E9
:10F2B00067902401120067BF900059C6F090006467
:10F2C000F5120013FE120011BB547F900059CEF0CE
:10F2D00054606420600301F40AE06423700301F4C5
:10F2E0000A900059C6E024F7600301F40A1200678F
:10F2F000902402120067BFFF1200679024031200DF
:10F3000067BFFE120067902405120067BFFDEF641F
:10F3100002600301F40ACFEECFEFC3940240037FF3
:10F320000022900064F1E0FFB40108E4900064F36F
:10F33000F0803CE4900064F3F0900064F212006608
:10F340005D2E120065F0120067E88005C333CE33EE
:10F35000CED8F91200698B7016120067902407123C
:10F360000067BFD394014007900064F37401F090EC
:10F370000064F1E01200662DC083C082900064F248
:10F38000E0FD759300D082D083120066D7900064B0
:10F39000F3E029120067BF5407900064F4F0748111
:10F3A0002DF582E43452120068F8FF900064F4E016
:10F3B000FEEF6E6046900064F2E02481F582E43452
:10F3C00052F583759300EEF09000550BE0543060D9
:10F3D00012900064F4E0FF90005FF2E06F601CEFB9
:10F3E000F08014900064F2E0FF90005528E06F7008
:10F3F0000A900064F4E0FF12000037900064F1E02E
:10F40000B40107A3E0FF120153F57F0022900065CD
:10F41000DEEEF0A3EFF04E700301F582900064BAC7
:10F42000E07002A3E0700301F582900065DEE0FE6B
:10F43000A3E024FCFFEE34FFFEA37464F0A374B8D1
:10F44000F0900065E0E0FCA3E0F5828C837593000A
:10F45000E0FCA3E0FD900065E2ECF0A3EDF04C6071
:10F4600023900065DEE0FCA3E0FD900065E2E0FA99
:10F47000A3E0FBD39DEA9C500B900065E0EAF0A36B
:10F48000EBF080BD900065E2E07002A3E0605E8F6B
:10F49000828E83759300A3A3E0FCA3E0FD9000653A
:10F4A000DFE02DFD900065DEE03CFC900065E2E0D1
:10F4B000FAA3E0FB6D7002EA6C70328B828A83756E
:10F4C0009300A3A3E0FCA3E02404FDE43C8F828E20
:10F4D00083759300A3A38DF012001269900065E27A
:10F4E000E0FCA3E0F5828C837593008004900065B6
:10F4F000E2E0FDA3E08F828E83759300CDF0A3ED53
:10F50000F0900065E0E0FCA3E0FDF5828C8375934C
:10F5100000A3A3E0FAA3E0FBED2BFDEC3AFCED2405
:10F5200004FDE43CFCED6F7002EC6E70418F828E46
:10F5300083759300A3A3E0FCA3E02404FDE43CFC5A
:10F54000900065E0E0FAA3E0FBF5828A8375930002
:10F55000A3A3EC8DF0120012698F828E8375930045
:10F56000E0FFA3E08B828A83759300CF8010900028
:10F5700065E0E0FCA3E0F5828C83759300EEF0A3D8
:10F58000EFF0229000654CE4F0A374C0F0A31201E8
:10F590001F29A37402F0A37440F0900057CEE0122C
:10F5A000011FA3F96F707590005FA5E06401706C96
:10F5B0009000654CE0FCA3E0FD12011F4A9DEE9C0B
:10F5C000501412011F9CFE9000654FE02FFF900029
:10F5D000654EE03E802B9000655012011EE9FAA3B3
:10F5E000E0FBC39FEA9E5008C3EB9DFFEA9C800DA1
:10F5F0009000655012011F4EEB9FFFEA9E12011F03
:10F600009B90006000F0A3EFF0E490005FFDF0A39A
:10F6100012011F14500301F6F501F6E6900057CED3
:10F62000E069700301F6F590005FA5E0600301F664
:10F63000F59000655204F090006552E0FFC3940419
:10F64000400301F6F512011EB0120013FEE92F125D
:10F65000011EA812011FA36F600301F6EB90006565
:10F6600052E0FDB4012B12011EE5FAA3E0FBC39F9B
:10F67000EA9E500AE490006000F0A3F0805EC3EBC5
:10F680009FFFEA9EC313FEEF13FF90006000EE8021
:10F6900047EDB4021712011F7B9000654DE02FFF6C
:10F6A0009000654CE03E90006000802C12011EE549
:10F6B000FCA3E0FDD39FEC9E400612011F55801C69
:10F6C000ECC313FEED13FF90006551E02FFF900097
:10F6D0006550E03E90006000F0A3EFF012011FAA19
:10F6E00012011F14400F12011F592290006552E0B1
:10F6F00004F001F637229000683E7401F090004259
:10F70000EAE0783FF6FF900042EFE008F675F07807
:10F71000EF9000321F12010168E008F61201B0A15B
:10F72000783FE6FF75F0789000310712010168E03C
:10F7300020E70301F866120101BB12010168E02411
:10F74000FA60160470287841E6FD18E6FBE49000A4
:10F75000666FF01201109E800F783FE6FF7841E659
:10F76000FD18E6FB1200D8C99000683EEFF0783F24
:10F77000E6120101B212010168E0640E601675F034
:10F7800078EF9000323712010168E060076408608A
:10F790000301F8367841E6FF1201A3DF120101BB35
:10F7A00012010168E0704008E6FD12011D847840F6
:10F7B0000618E6FF75F0789000315112010168E0FB
:10F7C000540FFF08E6FEC39F501D18120101BD1221
:10F7D0000101687405F075F078EF9000321E120197
:10F7E0000168EEF001F736120101BB12010168E475
:10F7F000F0FBFAF975F078EF900032211201016800
:10F800001200141E1201025912010168E4F075F091
:10F8100078EF9000323412010168740AF0900030E1
:10F82000F5E0FDE69000640CF0E4A3F0A3F0A3F093
:10F83000A3F07F04802C9000683EE0700301F7364F
:10F84000B4052390005B5CE0FD7840E6FB18E69091
:10F8500000640CF0A37407F0A374D0F0E4A3F0A349
:10F86000F0FF12010BA6229000667CEDF0A3EBF0F6
:10F870009000667BEFF09000667FF09000667BE082
:10F88000FFA3E0FD120147829000667EEFF0E0FFEB
:10F8900024AA1200947330E0499000667FE06F6004
:10F8A0003E9000667DE06034120093399000667BE4
:10F8B000E075F00BA4FFAEF02912009550EA494B19
:10F8C000700301F9B79000667CE090005FA512001C
:10F8D0009338E92F12009550120014C001F9B77F38
:10F8E000002290005FFFE0FF6401600301F9BFEFB9
:10F8F0001200933E9000667BE029120093961460FC
:10F900004114606714700301F9902403600301F946
:10F91000BF9000667CE0FF64016008EF6403600351
:10F9200001F9BF90005FD912009435500301F9BF6F
:10F9300090005FE9E0FEA3120093A2500301F9BF1B
:10F9400080759000667CE0FF64016005EF640270E2
:10F950006E90005FDB12009435406490005FEBE036
:10F96000FEA3D3120093A25056804C9000667CE018
:10F9700060046403704990005FDDE0FEA3D31200D1
:10F980009439503B90005FED1200939E40318027E8
:10F990009000667CE06003B4022590005FDFE0FE2B
:10F9A000A3E0FFD31200943B501590005FEFE0FE00
:10F9B000A3120093A250089000667EE004FF2290FC
:10F9C00000667EE0FF9000667BF09000667FE06F4F
:10F9D000600301F87BFF2212005025900066CC12D4
:10F9E000005176900066CE1200508A12004B64E0FF
:10F9F000900066CD12004E2612004B64E020E70313
:10FA000001FB45900066CC1200513F12004B64E0B0
:10FA100012001498FA3301FA3F02FA4903FAA606D3
:10FA2000FA5309FA920CFA9C0DFA7E0EFA880F002E
:10FA300000FAB4900066CDE0FD120120CA806F127A
:10FA4000004D7C120165AE806512004D7C120139BB
:10FA500006805B900066CEE0FF540FFEEF54F0C4CA
:10FA6000540FFFCCEFCC900066CCE0FFA3E0FDCBC1
:10FA7000ECCB900066FFEEF0120190D280301200C5
:10FA80004D7C12018FE7802612004D7C12018242CC
:10FA9000801C12004D7C12019656801212004D7C83
:10FAA000120195CA800812004D7C120188799000DD
:10FAB00066CFEFF0900066CFE0FF7017900066CC45
:10FAC000E09000323A12004EC4EE12004B697412FC
:10FAD000F08041EF6401706D900066CCE0FF75F03E
:10FAE000789000323A12004B64741112004E50129A
:10FAF000004B64E0B4061D900066CC12004DC912A4
:10FB0000004B64E4F075F078EF12004B60E4F0FD18
:10FB100012015341900066CC12004B5B12005089D9
:10FB200012004B64E0FF1201A3DF900030F5E0FD0E
:10FB3000900066CCE09000640C12004C69120050FA
:10FB40009412010BA622900066121200683674020D
:10FB50001200687424FE603D2402600301FC9D9045
:10FB6000006614E090006613B40115120067F812E5
:10FB70000065E9E04420120068CB4410F001FC97D6
:10FB8000120067F8120065E9E054DF120068CB54F8
:10FB9000EFF001FC9790006612E0FF120067B4C01E
:10FBA00083C08290006613E0759300D082D08312E8
:10FBB00000667DFD7B017A66791612019CE7900054
:10FBC0006612E0FD120067B4C083C0829000661325
:10FBD000E0FF759300D082D0831200667D547FD3FE
:10FBE0009407400301FC9790006614E0FE640170E6
:10FBF0002D90006616E0FB900066AFEEF012019EBD
:10FC0000421200675512006667120067DFC083C0AA
:10FC100082120067388002C333D8FC4F8071900095
:10FC20006613E0F990006612E0FB120067601200B4
:10FC3000666729120065F0E0FD7C0090006616E022
:10FC4000FAC8EA120067F18005C333CE33CED8F983
:10FC5000FFEE5CFEEF5D4E70037F0222CFE9CFCD59
:10FC6000EBCDCBEACB90006614E0900066AFF012CB
:10FC7000019E421200675512006667120067DFC0DE
:10FC800083C082120067388002C333D8FCF45F75EA
:10FC90009300D082D083F0E490006615F090006667
:10FCA00015E0FF22900063661200141EE4900063CA
:10FCB0006CF0A3F090006370F0302503FEFF2290FB
:10FCC00000636912005BE0120057E5FF9000637467
:10FCD000F090006369120013FEE9240A120057E550
:10FCE000FECDEECD9000636EF0EF5407FFC37408B5
:10FCF0009FA3F090006374E0FA540790006371F0E2
:10FD0000E0FFC374089FA3F0EDC39F500990006308
:10FD100071E0C39D8001E490006373F0EA13131354
:10FD2000541FFF90006366120013FEE92F12005764
:10FD3000E5FFCCEFCC90006371E0FF602B90006397
:10FD400073E0FE6017C8EEC8EC088002C333D8FC2D
:10FD5000FCC8EEC8088002C313D8FCFCC8EFC8EC8E
:10FD6000088002C313D8FCFC90006370E07031EC93
:10FD70009000636C12005B4890006372E0FFEDD36B
:10FD80009F5002807190006372E0FFC3ED9FFD9071
:10FD9000006374E02FF0900063707401F001FCF3D5
:10FDA0007F089000636FE0FE12005A2B5004C3EFEF
:10FDB0009EFFED64086025CEEDCEC374089E9000D2
:10FDC0006373F0E0FEC8EEC8EC088002C333D8FCD1
:10FDD000FCC8EEC8088002C313D8FCFCECC8EFC80E
:10FDE000CEE4CE088005C333CE33CED8F9FF9000E1
:10FDF000636C12005B0A9000636CE0FEA3E0FF22DC
:10FE0000900067D8EFF0A3EDF0EF1200666EFEA34E
:10FE1000E04E702E900067D8E0FE12006692C0831C
:10FE2000C082900067D9E0FD759300D082D0831224
:10FE300000667DFAA3E064024A7007900059C9E0A9
:10FE400060037F0222E4900059C7F012006874FC3E
:10FE5000703D75F0EAEE900008CC120066672D1236
:10FE60000065F0E030E508900059C7E04402F01268
:10FE7000006A13120067FD120065E9E0900059C79F
:10FE800030E606E04401F0807BE054FEF08075EC43
:10FE900064016070900059CEE06402706412006AE0
:10FEA00005540FFECDEECDEF30E72712006A131296
:10FEB00000675E120065E9E0FB7A00C8ED1200679A
:10FEC000F18005C333CE33CED8F91200698B60348C
:10FED0008025900067D9E0FF900067D81200675F27
:10FEE000120065E9120067E88005C333CE33CED82F
:10FEF000F91200698B600D900059C7E04402F08050
:10FF0000037F0222900067D8E0FF12006622C083C0
:10FF1000C082900067D9E0FE759300D082D0831232
:10FF20000066A1E4F0A37402120066381200669D18
:10FF3000E4F0A3F07B017A5979C7900067D8E0120A
:10FF400000662DC083C082900067D9E0759300D011
:10FF500082D083120066E27F00229000673AEFF0C1
:10FF6000E4A3F09000673BE0FDC39408503A900092
:10FF7000673AE0FF1201ACCBE49000673CF09000E0
:10FF8000673CE0FBC3940850169000673AE0FFA37B
:10FF9000E0FD1201A2909000673CE004F080DF9049
:10FFA00000673BE004F080BBE49000673BF090000A
:10FFB000673BE0FFC39410504475F016EF90002F9C
:10FFC0007B120013F2E030E72B9000673BE0120059
:10FFD00097D9C083C082E0FF9000673AE024B8F56B
:10FFE00082E4345D12009719F4FEEF5E759300D041
:0EFFF00082D083F09000673BE004F080B122E5
:020000040001F9
:10000000900064C7EFF07B827ABD79B91201014F8D
:10001000E4900064C8F0120098E6C3940440032101
:10002000014E74B42FF582E4345D12009719FF90ED
:100030000064C7E0FD120097A2ED120097175F70F1
:1000400003210144120098E6E4FB1201B194E4900C
:100050000064C9F0900064C7E0FF12009791E0FED1
:10006000900064C9E0FDC39E5065ED25E0FE74413B
:100070002FF582E43461120097192E900064CCF0C1
:10008000FD120098E6900064DA12009925120157DB
:1000900067900064CAE030E719547FF0120098E6D8
:1000A000900064CCE0FD900064D312009925120109
:1000B00062CC120098E6900064C7E0FD900064C92D
:1000C000E0FB1201A290900064C9E004F0808590EA
:1000D0000064C7E01200997212009719900064CD75
:1000E000F0E4900064CCF07B827ABD79C912010102
:1000F0004F900064CCE0FF75F0789000310712005B
:10010000971230E73F7B827ABD79D9900064C8E0CE
:100110009000625EF0120016D7900064CCE0FFA35E
:10012000E0FD900064C8E0120097AF1200971990AC
:10013000006575F0900064C7E090006576F0E4FB20
:100140001200EF8F900064C8E004F02100162290A6
:1001500000625EF0120016D7227B007A007900E080
:1001600090003221FF75F078120013F2EF2583F52D
:100170008375930022EFF0A3EDF0E0FF75F011908E
:10018000002DB9120013F2E4F0A37408F075F01119
:10019000EF90002DBB120013F2E4F0A3F0EF75F026
:1001A0001190002DB7120013F2E4F0A32290006624
:1001B0006CE0FF75F0789000322B22783FE6FF75F7
:1001C000F07890003237229000320F120013F2EFD5
:1001D0002583F58322FFE0FD9000322E75F0780232
:1001E0000013F2CF9000323075F078ED020013F278
:1001F000F0EDFF7E007C017D7812001201742C2F3F
:10020000F974323EFA7B01227421F075F078EF9098
:1002100000322D22120013FE9000642E0200141EE4
:1002200075F002120013F2E0FCA3E0FD75F078EF28
:100230002275F01190002DBB120013F2EAF0A3EB2F
:10024000F022E0FF75F0789000322C22FE120016AA
:100250001C90006806E0FF22F075F078EF90003205
:100260002B229000642AF0A37402F0A3E4F0A322EE
:10027000120013F21200141E900065BA221200132D
:10028000FEE92401F9E43AFA22E0FFCEEDCECDCD2D
:1002900022E4FEE0FF75F0789000310922900066BC
:1002A000F0E0FF22900008C3120013F2E022E49075
:1002B0000067C4F0A3F01200690EFFC39429EE9406
:1002C00000504C7803EFC333CE33CED8F9FFE4FCB3
:1002D000FDC0E0C0E0EEC0E0EFC0E07803120069CE
:1002E0000EC333CE33CED8F97B012414F9745A3EB1
:1002F000FAD0E0FFD0E0FED0E0FDD0E0FC12015FDC
:10030000C6900067C4E475F0011200126980A790DE
:10031000005A74E0FFD39420504E7E00C87444C845
:10032000CC7459CCCD74011200681290005A74E05C
:10033000FF7E00C87412C8CC7460CCCD740112006A
:10034000681290005A74E0C39402FEE49400900096
:1003500067C4F0A3CEF01200690E2474F582745ABB
:100360003EF58375930080049000601AE090005978
:10037000CDF090005AD4E0FFD3944050157E00C8D1
:100380007464C8CC7459CCCD74017A5A79D41200F3
:10039000681690005B14E0FFD3944050187E00C8AC
:1003A0007432C8CC7460CCCD7401CD7B017A5B799A
:1003B000141200113D7E007FEA7D007B017A0879EE
:1003C000591200161C90000859E04480F01200BF3A
:1003D000501200A7B0E4FB7D0FFF1200BAD7E4FB78
:1003E0007D0F7F011200BAD77D0FE4FF1201876BEA
:1003F0007B827A3579A21201A5FB900059CFEFF0EC
:100400002290006694EFF0120097FAE020E70321B3
:10041000054A90006694E0FF120100009000669487
:10042000E01200970AB4092975F0EAEF1200973A32
:10043000120013FECEEACECFE9CF1201AA967B00BE
:100440007A00790090006694E01200973712001449
:100450001E9000669412009790E090006696F0E47B
:10046000A3F0E490006695F090006696E0FF90009F
:100470006695E0FEC39F400321051190006694E05D
:10048000FF120098C01200972A2E1200968954601D
:1004900064206073D23130316E90006695E0FE7555
:1004A000F0EAEF900008A71200972A2E1200968912
:1004B00060551200983775930075F018EF12009888
:1004C00055CEEACECFE9CF1201AA967B007A007909
:1004D0000012009837C083C08290006694E0759344
:1004E00000D082D08375F018120013F2C083C0824E
:1004F00090006695E0759300D082D08375F003126A
:100500000013F21200141E90006695E004F021041E
:100510006890006697E004F0E0C39404500321045F
:10052000627E007FEAEEC0E0EFC0E07D00900066F2
:1005300094E075F0EAA42459F9740835F0FA7B01C7
:10054000D0E0FFD0E0FE1200161C22900060EBE02D
:1005500090006105F0900060EBEFF0120014980538
:100560009001059602059F0305A80405B10505BE87
:100570000605CA0705D80805E60905F40A063F0B73
:1005800006040C06110D061D0E062D0F0000067345
:1005900012010674804C120106747F0121063B1281
:1005A0000106817F0221063B120106817F0321069D
:1005B0003B7F0112017A18E41201AD6D807D7F024C
:1005C00012017A181201AD6B80717F0312017A1843
:1005D00074021201AD6D80631201068E7F0212015A
:1005E000AD1CE4FF80551201068E7F021201AD1C86
:1005F0007F0280477F01120000477F011201AD1C7E
:10060000E4FF8037E4FF120186B3E41201AD6D8090
:100610002A7F01120186B31201AD6B801E7F021288
:100620000186B3900057CE7402F0FF800E7F031254
:100630000186B3900057CE7403F0FF0201859C90B1
:100640000060FFE06401F07B827ABE794A9000622C
:100650005EF0120016D7900060FFE0600AE4FF121F
:100660000000477F0180087F0112000047E4FF126D
:1006700000004F22E4FF12000047E4FF1200004F89
:1006800022E4FF12000047E4FF1200004F227F0126
:100690001200004722900065C6EFF0900065C81276
:1006A00000141E900065C7EDF0900065C6E0FF7570
:1006B000F0EAED12011B4D54BFF012011C101201A3
:1006C0001C067B017A62798B7E007F0312001592F3
:1006D000EF704E12011B93900065C6601012011B53
:1006E000464410F0900065CB7410F0800D12011B91
:1006F0004654EFF0E4900065CBF012011C18120193
:100700001B5170032107DD12011B67759300E01276
:10071000011B64C083C08212011C29D082D083F0E7
:100720002212011C10120011BB641060032107DDAE
:10073000E9240212011B9E640F60032107DD1201F0
:100740001B9354F0642060032107DD12011C10E9A3
:10075000240412011B9E540FFF900065C6E0BF09E0
:100760001012011B474420F0900065CB7420F080EC
:100770000D12011B4754DFF0E4900065CBF012012D
:100780001C1812011B51601B12011B67759300E0BE
:1007900054DF12011B66C083C08212011C29D08263
:1007A000D083F012011C10E9240112011B9EFF905E
:1007B0000065C7E0FE12011BADEFF075F0EAEE1226
:1007C000011BB0C083C082E0FF12011B93540FC411
:1007D00054F0FEEF4E759300D082D083F022E0FFFC
:1007E00090006431E0FE75F01690002F8312001324
:1007F000F2E5822FF582E43583F583759300E0906E
:10080000006435F075F016EE90002F87120013F299
:10081000E5822FF582E43583F583759300229000FD
:100820006431E0FF75F01690002F82120013F2E0A1
:1008300090006435F075F016EF90002F81020013E0
:10084000F2F090006431E090002F82FF75F0160204
:100850000013F2FEE090002F87FDEF75F016020006
:1008600013F275F0C090000FAA120013F2759300F6
:1008700075F018ED120013F275930075F003EE1287
:100880000013F2020013FE900008CC120013F2E5F0
:10089000822FF582E43583F58375930022900064FE
:1008A00031E075F01690002F90020013F2069000D0
:1008B0002F8B75F016EF020013F290006822E0FD16
:1008C00090006439E0FB900042EAE09000640CF094
:1008D0002224B8F582E4345DF583759300E022901C
:1008E000005528E0FF90006434E022784DE629F9B5
:1008F000E43AFA020011BBFF75F078120013F2EF30
:1009000025832290006433E0FF90006432E022757A
:10091000F0C090000FAA020013F2EEF090005528EC
:10092000E0229000643BEDF0A3EBF09000643AEF1E
:10093000F0E49000643EF09000643CE025E0FE901E
:1009400000643BE02441F582E43461120097192EE3
:100950009000643DF0CFCFE0FD7B017A64793F7475
:100960000212010A5B9000643FE0FE542090006494
:1009700041F0EE5410A3F09000643CE0FF9000645E
:100980003BE075F008A42449F582E4346112009834
:100990004A12009719FD9000643AE0FF7B017A64E7
:1009A000793D740112010A5B90006441E0700321FB
:1009B0000A379000643DE0FE5460A3F0900064426A
:1009C000E070369000643EE0FD7002FF22ED900082
:1009D000643EB460057402F080037401F012009963
:1009E0008AEE30E70A9000643DE030E66B80349098
:1009F00000643DE030E56180389000643EE0FEB484
:100A000060037F0022EE9000643E70057402F08067
:100A1000037401F01200998A9000643DE030E70908
:100A200020E635A3E04402FF229000643DE020E58B
:100A300027A3E04401FF2290006442E0700D900083
:100A4000643DE07F1120E5127F00229000643DE0CC
:100A50007F0020E5027F11227F0022900064DAF0FF
:100A60001201576722900067E6EFF0A3EDF07F02D6
:100A7000900059CEE064207066900059C6E0B4063C
:100A80000F900067E6E0FFA3E0FD7B0A0200A51DD2
:100A9000900059C6E06003210BA5900067E6E09046
:100AA0000009261200E549C083C0821200E57AD011
:100AB00082D0831200E518C083C0821200E57AD08C
:100AC00082D0831200E60C7B017A63790475F0EA28
:100AD000EF1200E5A375930075F003EE210B709003
:100AE0000059CEE064236003210BA5900059C6E0B5
:100AF0006003210B7B900067E6E0FF75F0EA900051
:100B00000926120013F2C083C0821200E57AD08257
:100B1000D0831200E518C083C0821200E57AD0822B
:100B2000D0831200E60C75F0EAEF1200E4E5EE75F2
:100B3000F0231200E4D5900059CAE0C39401FFE409
:100B40009400FE7C007D0512001201E92FF9EA3EB7
:100B5000FA900067E6E075F0EA1200E5A3C083C0F2
:100B600082900067E7E0759300D082D08375F00330
:100B7000120013F21200141EE4FF22900059C6E086
:100B8000B4010D1200E58E900066BBF0020145290C
:100B9000900059C6E0B4030D1200E58E9000658107
:100BA000F01200C17C2290006409EFF0A3EDF0A3E5
:100BB000EBF0E490006411F07B017A647912120189
:100BC00089D6EF7003210CD212012F7090006411AE
:100BD000F09000640AE0FE75F009EF900042F11217
:100BE0000013F2EEF09000640BE0FF90006412E05E
:100BF000FE12012E9AEFF075F009EE900042F2120B
:100C00000013F2E4F09000640CE0FF12012EEAEF12
:100C1000F09000640DE0FEA3E0FF90006412E0FDA0
:100C200012012EB9EEF0A3EFF09000640FE0FEA3E6
:100C3000E0FFED12012ED7EEF0A3EFF09000640973
:100C4000E0606224FD6033146003210CDF7828E645
:100C5000C3943F501D782CE624B0F582E43447F568
:100C600083759300ED12012F334002E4F6782806D5
:100C7000806D7B827ABA79B58049782DE6C3943F3E
:100C800050119000641212012F214002E4F6782DD9
:100C900006804C7B827ABA79DE90006412E0900084
:100CA000625EF0801E782BE6C39440501012012F34
:100CB00070E6247012012F48EFF00680227B827AC2
:100CC000BB791D120016D712012F701201A1687F87
:100CD000FF227B827ABB794E120016D77FFF2290CB
:100CE000006411E0FF22900064A8EFF0A3EDF0FE95
:100CF000CDEBCDCCEACC75F078EF900032651200E8
:100D0000580E120013FE900064AA1200141EEEFB8F
:100D10007A006480700BED64014C6003210E23FFA8
:100D200022EB64904A6003210E23CEECCECFEDCFB0
:100D3000EF64024E6003210E2012005C772414122F
:100D4000005895640845F06003210E20900064A8C7
:100D5000E0FF75F078900031091200580EE020E0B5
:100D600003210E2075F078EF9000326F1200580EBC
:100D7000120058FD70317D267F04FE120184E112BD
:100D8000005A8812005A9D1200580E12005AEB9019
:100D900000326F1200580E120058FD700A7B827AE2
:100DA000BD79B0120016D712005A9D1200580E12CB
:100DB0000013FE900064AD1200141E12005C772434
:100DC00013120057E512005B71EF120011ED900055
:100DD00064AA12005AD9120057E5FF900064AD12C0
:100DE0000059C6120058A8900064AA12005A951221
:100DF0000057E5FF900064AD120058A1900064AD6B
:100E0000120059C6120057E512005B71E924021264
:100E10000057E5C39F12005B71E92403120058A834
:100E20007F00227F012212017D1E1201B184120176
:100E3000B0931201ABB11201B17C1201AD85120168
:100E4000A54B12012CC412019382120197251201A5
:100E50003D2512018CC590005528E0FF7D0112014F
:100E6000842390005280E0FDE49000640CF0A30421
:100E7000F0A374F4F0A37401F0A374F4F0E4FBFFA6
:100E800012010BA690000854EFF012012ADB1201A8
:100E90005C0112019FFB120124ED90005FABE47531
:100EA000F00112001269120198B91201651E90003A
:100EB0006084E0FFA3E06F6021EF75F003A4248657
:100EC000F582E43460F583759300E0FF9000608460
:100ED000E004F0C394204002E4F07945E7784466EA
:100EE0006004120043A090005CE2E0FF90005CE32D
:100EF000E06F60041200999B792AE7782C66600401
:100F000012017332792EE7782F66600412013B8359
:100F1000302A0B782BE6600412018B29C22A79292A
:100F2000E7782B6660041201382E7842E6C394EA13
:100F30005003210E9AC2EBE4F6D2EB900067A8E0D2
:100F400004F0643C6003210E9AF0900067A9E0046D
:100F5000F064186003210E9AF07F0112010F6221E4
:100F60000E9A9000655AEFF0E49000655CF0EF6037
:100F7000097B017A527986A3800A7B017A5379DB57
:100F80009000655D1200141EE49000655BF0900017
:100F9000655BE0FFC394044003211053C8EFC87E93
:100FA000007401088005C333CE33CED8F9FF90001A
:100FB000681DE0FDEF5D7003211049120163CE90C2
:100FC00000655BE0900063BEF07F487E0112014E39
:100FD00047120163CE1200DC4CBEFF1CBFFF19128A
:100FE0000163CEE92402F9E43AFA1200127F644860
:100FF0007004E5F0640160219000681DE0FF90003E
:10100000655BE0FEC8EEC87401088002C333D8FCFB
:10101000F45F9000681DF080309000655AE0600237
:1010200080209000655CE07019C87486C8CC74524A
:10103000CCCD7401CDA3120013FE7E017F481200B7
:10104000113D9000655CE004F09000655BE004F009
:10105000210F8E9000655AE070319000681DE020ED
:10106000E3299000655CE0601EA3120013FEC8E94E
:10107000C8CCEACCCDEBCD7B017A5279867E017F5C
:10108000481200113D8004120180569000655CE01A
:10109000C394025008120163E21201560B22900021
:1010A000666CEFF0A3EDF0A3EBF0900066707401B6
:1010B000F0120101AD12010168E0600321113C90C2
:1010C00000666EE0FE75F078EF900031521201017B
:1010D000CBE5822EF582E43583F583759300E064D9
:1010E0000370429000666CE07B017A66796D1201B4
:1010F0006B299000666CE0BF0128FFA3E0FD900023
:10110000666FE0FBE490006665F09000666EE0902C
:10111000006666F0120163F7900066707404F021B7
:1011200011CF2111C49000666CE0120101BE1201C2
:101130000168E4F090006670F02111CF120101AD5A
:1011400012010168E0FF640D6005EF640C7070121D
:101150000101AD12010168E0FFB40C099000667056
:101160007405F0803FEFB40D359000666CE0FF75BC
:10117000F0789000314E120101CBC083C08275938C
:1011800000E0FF9000666EE0FEC8EEC874010880C3
:1011900002C333D8FC4F759300D082D083F0E49023
:1011A000006670F09000666CE0120101BE12010151
:1011B0006874061201025812010168E4F080109070
:1011C00000666CE0120101BE120101687408F09023
:1011D000006670E0FF22900066D8EFF0A3EDF07F8C
:1011E00008900066DB740CF0ED6016900066D8E0A5
:1011F000C3940640037F01227F06900066DB7408DB
:10120000F0900066DAEFF0900066DBE0FF90006699
:10121000DAE0FEC39F40032112FEEE12004E2812B8
:101220000013F2EE12004B69E030E7032112F47E66
:101230000012004F067B01EBC0E0EAC0E0E9C0E02D
:10124000900066DAE0FF7E0012004F10120051E3BA
:10125000D0E0F9D0E0FAD0E0FB7E017F78120011F7
:101260003D7E017F78EEC0E0EFC0E07F00EFC0E0A0
:101270001E12004F067B01D0E0FDD0E0FFD0E0FE63
:101280001200161C900066D9E0700E90005CE8E039
:1012900014F090005CB2E004F0900066DA120051A5
:1012A0004912004B64120051D29000321C12004BC4
:1012B00064E05470C4540FFFEE7015900066DAE0DD
:1012C000FD74522FF582E43462F583759300EDF0DE
:1012D000900066DAE0FD12004CC6EE12004B691277
:1012E0000013FEEF12005001ED120011ED900066A8
:1012F000DAE0FF22900066DAE004F02112077B8139
:101300007A1C79731201A8F57F002290006831EDF4
:10131000F0900059CA120067418002C333D8FC9094
:101320000059CBF0A3E060032113C212006A0C1233
:1013300000665F2D120067E0C083C082759300E0F5
:10134000FD900059CBE0FCED4C759300D082D0832A
:10135000F0EE60032113E97E0175F078EF90003123
:101360005112006608E0540FFDEEC39D507B75F0EE
:1013700078EF90003152120066B5120067A6E06463
:1013800003703C75F078EF90003158120066B5128A
:101390000067A6E0602912006A0C1200665F2D1239
:1013A0000067E0C083C082759300E0FD12006743D0
:1013B0008002C333D8FC4D759300D082D083F00EE9
:1013C0008097900068311200665D2E120067E0C0C1
:1013D00083C082759300E0FE900059CBE0F4FDEEEF
:1013E0005D759300D082D083F090005528E0FE1206
:1013F000006A0C6E7046EFC3940240401200665FB4
:101400002D120065F0E0FE900059CBE0FDEE5DFE90
:1014100075F078EF9000315012006608E0FCEDF4B2
:10142000FDEC5D759300F075F078EF90003150128F
:10143000006608E04E759300F07F03227F00229043
:10144000006649EDF0A3EBF0EF90006649B4020CA2
:10145000E075F048A42414F97406800AE075F04899
:10146000A42494F9740135F0FA7B019000664B12C4
:1014700000141E9000664B120013FEE924011200B6
:10148000789554F0FF9000664AE0FE12007867EF0E
:10149000F075F011EE1200786AE0FF120014981453
:1014A000CA0014D01014D02014DC3014E94014F613
:1014B0005014D06014D0701521801510901503A021
:1014C0001521C01521D00000153C75F011EE8048A3
:1014D00090005DAFEFF075F011EE80599000664A14
:1014E000120076EA740CF080539000664A1200767F
:1014F000EA740BF080469000664A120076EA7403A4
:10150000F080399000664A120076EA7404F0802C6C
:101510009000664AE075F011120076EE7402F080D9
:101520001B9000664AE0FF12007867E090005DAF14
:10153000F075F011EF120076EE7407F09000664B34
:10154000120013FE120011BBFF9000664AE0FD126C
:101550000077AEE4F0A3EFF0E9240112007895548F
:1015600003FE75F011ED120077B1EE75F000020088
:101570001269CCEECCCDEFCDE0FF75F07890003263
:101580002E120013F2EF2583F583759300ECF0A380
:10159000EDF075F078EF90003230120013F2EF2585
:1015A00083F583759300E4F0A3F090003232EF7579
:1015B000F078120013F2EF2583F58375930022EF84
:1015C000F0A3EDF0E0FF75F01190002DB9120013BB
:1015D000F2E4F0A37408F075F011EF90002DBB1247
:1015E0000013F2E4F0A3F075F011EF90002DB712A4
:1015F0000013F2E4F0A3F0EF90002DB575F0111296
:101600000013F2E4F0A322FFCBEFCBEC75F07802ED
:101610000013F2EEFF75F078EC120013F2EC227476
:1016200008F0ED75F01190002DB722F075F011ED76
:1016300090002DBB120013F2EAF0A3EBF0CEEDCE3A
:10164000CDCD900063F722E4F0EF75F07890003292
:101650002D22EAF0A3EBF075F011ED90002DB922E8
:10166000CCEECCCDEFCDE0FF75F07822FF75F078B1
:10167000EC120013F2EC22E0FBA3E0900063FBCB42
:10168000F0A3EBF0E4FB2275F011ED90002DBB22EE
:10169000F0CFEBCF7E0022E0FF75F0789000322C87
:1016A00022900066C0120051A6E9240412004C4C9E
:1016B000FE12004F8212004B64EEF012004C41FE0D
:1016C00075F078EF9000310F12004B64EE1200506D
:1016D00070E9240812004E33120117C19000310A3C
:1016E00012004BFEED12004B69EEF0EF1200506F4E
:1016F000E9240A12004E33120117C19000310C1276
:10170000004C83ED12004B69EEF0A3EFF0EDC394B3
:101710000250032117C09000310A12004CA9ED12AB
:10172000004B69E0FEA3E0FFBE042FBF6D2C12004A
:101730004D39ED12004B69E0FAA3E0FB642B700316
:10174000EA64C56006BAC512BB320F12004CA5EDA3
:1017500012004B69E04402F08027BE0424BF082138
:1017600012004D39ED12004B69E0FEA3E0FFBE30E0
:1017700010BF080D12004CA5ED12004B69E04404A7
:10178000F0900066C01200501312004B64E0FF128C
:10179000004C41FDEF12004EA4ED1200506F1200FC
:1017A0004E301201AFB2C3EE94024014900066C0F6
:1017B000E0FF75F0789000325712004B647401F02E
:1017C000221201AFB2900066C0E0FD229000644C8E
:1017D000EFF09000644EEAF0A3EBF0CFEDCFC3EF53
:1017E000941290006451F0E075F048A42414F97448
:1017F0000635F0FA7B01A31200E3A99000644CE0E7
:10180000FF1200E4861200E343E0900064521200ED
:10181000E3CC75F078EF900032201200E3439000A3
:1018200064521200E3E99000644C1200E33AE030A5
:10183000E70C1200E41A1200E3BC742880061200C0
:10184000E3BC74FE120011ED9000644EE0FCA3E0D6
:10185000FDC39440EC9400400A9000644E1200E4F2
:101860009580139000644CE0FF120175FF900064B6
:101870004EEEF0A3EFF09000644EE0FEA3E0900087
:1018800064521200E3B21200E47B90006452120032
:10189000E37324051200E3924408120011ED1200D4
:1018A000E49C24061200E35F547F120011ED9000C7
:1018B000644EE07002A3E0600790006450E0600CAA
:1018C000900064521200E3DD74FC800C1200E49C72
:1018D00024011200E35F44F8120011ED90006451FE
:1018E000E0FD7F0212018D67900064511200E48ECA
:1018F00012017CB17F0122C0E0C0F0C093C083C060
:1019000082C0D0E8C0E0EDC0E0EEC0E0EFC0E0781B
:101910001AA6C4E6FF54FC781FF6EF20E303211952
:10192000B7781BA6C5E6FF781EF690005CE31200B0
:101930007939EFF054786078187608187600781CBA
:10194000E6FFC39404506908E6FE781B5660500811
:10195000E6FD24AEF582E4345C120076DFF5C67451
:10196000492DF582E43462F583759300E5C7F0E60E
:10197000FD2438F582E43462F583759300E5C7F001
:1019800075C70074382DF582E43462120076DFF5F5
:10199000C774B32FF582E4345C120076DFF5C6EE2F
:1019A000F4781E56F6600918E625E0F61806808ED3
:1019B000781BE6F5C5800790005CDCE004F0301C85
:1019C00008781FE654BFF68008781FE630E602D29A
:1019D0001C301A08781FE6547FF68008781FE6301E
:1019E000E702D21A781FE6FF601890005CE312004D
:1019F000794BEFF090005CE3E004F0C394404002C8
:101A0000E4F0781AE6F5C4D0E0FFD0E0FED0E0FDC7
:101A1000D0E0F8D0D0D082D083D093D0F0D0E032D4
:101A2000900067D4EFF0A3EDF0900067D4E0FF12D0
:101A300000666EFE1200694C12006675FFCCEFCC9A
:101A4000EE640260571200692012006608E030E27E
:101A50003BEE64037036EC640C7031900067D51275
:101A600000684F900008BF120066672E120065F0F4
:101A7000E04410120069A3EE6F700E12006920128C
:101A8000006608E04410F080037F0222900067D4D3
:101A9000E0C394025003211B437F0322ECC3940252
:101AA000402F900067D4E0FD900031091200679F3D
:101AB000ED1200660DE030E115900067D5E0FFCE35
:101AC000ECCECBEECB12019120EF6403702E7F039E
:101AD00022900067D4E012006692C083C08290001A
:101AE00067D5E0759300D082D0831200667DFEA397
:101AF000E0C39410EE940040037F0322900067D46B
:101B000012006690C083C082900067D5E0FE759396
:101B100000D082D083120066151200669DECF0A3FF
:101B2000EDF0900067D4E01200663AC083C0829066
:101B30000067D5E0759300D082D083120066A1E4DF
:101B4000F0A3F07F0022E0FFA3E075F0EA90000828
:101B5000BF120013F2E5822FF582E43583F5837519
:101B60009300E02254EFF075F078EE900031091206
:101B70000013F2EE2583F58322900064B1E0FF7537
:101B8000F07890003109120013F2EF2583F5837588
:101B9000930022900065C8120013FEE92403F9E4C3
:101BA0003AFA020011BBF0900064B1E0FF75F0EA70
:101BB000900008C3020013F29000019D120013F27E
:101BC000E0229000019C75F048120013F2E02275AB
:101BD000F0EAED90000926120013F275930075F0FB
:101BE00008EF120013F2E0FAA3E022120011ED90C8
:101BF0000064B2E075F04822E0FF900064B3020098
:101C000013FEF9E43AFAC8E9C8CCEACCCDEBCD2210
:101C1000900065C8020013FE900065C6E0FFA3E0D7
:101C2000FE75F0EA900008FC22759300E0FF90003A
:101C300065CBE0FEEF4E75930022759300E0FF90B8
:101C4000006784E0FDEF4D7593002290003109128A
:101C50000013F2ED2290006783E0FE75F078229089
:101C60000064B2E0FF2290006653EFF0A3EDF0E0D5
:101C700075F0CAA42400F9740035F0FA7B01A312B0
:101C800000E3A990006654E0FF25E025E02474F508
:101C900082E4342FF583759300E0FECDEECDEF2581
:101CA000E025E02475F582E4342FF583759300E098
:101CB000900066531200E306E0900066551200E3C0
:101CC000CC75F078EF1200E311900066551200E336
:101CD000E9900066531200E4361200E315E0540F59
:101CE000C454F0FF1200E46524031200E35F4F12B6
:101CF0000011ED900066531200E33AE030E70E1257
:101D000000E46524031200E35F1200E41E75F0781E
:101D1000EF9000317D1200E3F91200E32FE0900014
:101D2000665530E70E1200E35854F3120011ED44EB
:101D300008800C1200E35854F3120011ED44041211
:101D40000011ED90006653E0FF75F07890003107C8
:101D50001200E343E0547FFF900066551200E38BCE
:101D6000900066551200E3C07401120011ED90005E
:101D700066551200E3DDE4120011ED74F01200115B
:101D8000ED7F012290006806EFF0A3EDF07B017A71
:101D90005B79FD90006806E09000326512010164F5
:101DA0001200141E7C007DB1ECC0E0EDC0E07E00AE
:101DB00075F078EF9000326512010168120013FE91
:101DC000CDEECDD0E0FFD0E01201024C75F07812DC
:101DD0000101C7C083C08290006807E0759300D0FE
:101DE00082D0831201022090003265120101681234
:101DF0000013FEE9240AF9E43AFAEC8DF01200121D
:101E0000A3900068061201015F120013FEEBC0E010
:101E1000EAC0E0E9C0E075F078EF900032651201A9
:101E20000168120013FE1200144490006806E07569
:101E3000F014A4245DF9745B35F0FA7B01E0FF75C2
:101E4000F07890003268120101681200141E7C00C4
:101E50007D14ECC0E0EDC0E07E0075F078EF9000FE
:101E6000326812010168120013FECDEECDD0E0FF02
:101E7000D0E01201024CA3E0FD120030001201027A
:101E80005175F07890003268120101681201027DEC
:101E9000120011BB131313541F020011ED900067C1
:101EA000A0120013FEE92402F9E43AFA020011BB81
:101EB00090005FFFE075F003A424CAF582E4345F6C
:101EC000F583759300222400FFEC3EF0A3EFF09021
:101ED0000067A0020013FE120013FEC8E9C8CCEA96
:101EE000CCCDEBCD229000654EE0FEA3E0FF90004C
:101EF0006000E0229000684CE075F030A4243CF9CA
:101F0000745635F0FA7B01229000670C120013FE24
:101F1000020011BBF0D390006001E09400900060DB
:101F200000E0940322900067A37401F0A37480F092
:101F300022FE90006000F0A3EFF0D39400EE940333
:101F400022FB7F307E000200113D90006000E0FE29
:101F5000A3E0FFC322900060007403F0A3E4F0222A
:101F6000E075F030A424FCF9745635F0FA22FDCE69
:101F7000ECCEEEF0CFEDCFEFA3F02290006000E0CA
:101F8000C313FEA3E013FF22F07B017A4D794622B2
:101F9000120011BB90004D46F0E922FEEF25E0FF54
:101FA000EE3322FF90005528E02290005FFD74047C
:101FB000F0A3E42290006566EFF0A31200141E90D7
:101FC00000550BE030E4099000656A74FFF0801161
:101FD000900055281200D4561200D3779000656AFD
:101FE000F01200D42A120011BB1200D50EFE12000E
:101FF000D3E91200D4679000656B7403F09000651C
:1020000066E0FFB4602AE924011200D39AFDEE12C3
:1020100000D4CE1200D515F01200D42AE924021201
:1020200000D39AFDEE1200D4DA1200D515F0805FCD
:10203000EFB4701990004E8BE0FF1200D4CE120066
:10204000D40AEF1200D4DA1200D40A80429000655C
:1020500066E09000656B701774041200D3E2F5839C
:1020600075930074011200D4127E007F04801C74EA
:1020700006F09000656674801200D3E2F5837593D4
:102080000074041200D4127E007F061200113D90ED
:1020900000656AE01200D50EFE247FF582E4344E1E
:1020A0001200D4679000656BE0FFEE75F008A42481
:1020B0005CF582E4344E1200D46790004E8BE0044D
:1020C000F0E0C394044002E4F022900066F1EDF0E9
:1020D000900066F0EFF07E01120101B31201016879
:1020E000E060032121B61201029D75F07890003264
:1020F0005A12010168E054F0C4540FFDC8EDC874D1
:1021000001088002C333D8FCFD75F078EF900032EF
:102110006F12010168120013FE120011BBFF60383C
:10212000900066F0E0FC90003150120101DCEC12EE
:1021300001016DE05D7021900066F3F0900066F2A1
:102140007402F075F078EC90003258120013F2EC43
:102150001201016DEFF0800C900066F37401F090B5
:102160000066F2F01201029D7E007C017D78120073
:10217000120174582FF974323EFA7B01900066F315
:10218000E07E0029F9EE3AFA120102181201029DCE
:10219000A3E0FDE49000642AF0A37402F0900066CE
:1021A000F2E0FB9000642CE4F0A3EBF0E4FB1201FE
:1021B0004D8E7E048024900066F0120101B1120160
:1021C0000168E0FF640D6004EFB40C02E4FE9000CF
:1021D00066F0120101591200141ECFEECF229000BA
:1021E00042EAE0900066E8F01201B0A11200EAA114
:1021F000C394024015EF940C501075F078EF9000E6
:1022000031071200E978E020E7217B827ABD791C52
:10221000900066E8E09000625E1200EA3E1200E97B
:1022200078E09000625FF0020016D77B827ABD7979
:10223000411200EAA19000625EF075F078900031E2
:10224000101200E978E09000625FF0120016D712D9
:1022500000EAA175F078900031101200E978E0648E
:1022600009707B75F078EF9000321C1200E978E07D
:10227000540F900066E9F0E4900066EBF090006681
:10228000E9E0FF900066EBE0FEC39F5051900066CE
:10229000E81200E9F71200E978120013FEEE1200CE
:1022A000E9C5120011BB900066EAF0C39402402514
:1022B000E4120011ED900066EAE0FF1201B03690E2
:1022C0000066EAE0FF1200EA401200E978E0547F7D
:1022D000FF1201ACE6900066EBE004F0809F120074
:1022E000EAA112008FF522120050259000676412B7
:1022F0000051769000676512004E2612004B64E094
:1023000020E7032123EA90006765E0FE12005205F2
:1023100075F0EA900008FC120013F2E5822E12001C
:102320004C2AE0640160032123EA12017760EF6028
:10233000028013120052057B017A67796612016BE5
:1023400029EF640160040201B0AF12004F8B12004C
:102350004B64120051D29000323E12004B64EEF0FA
:1023600012004F8B12004B64740DF075F078EF90F3
:1023700000323C12004B647401F090006765E0FD90
:102380001200520575F0789000324A12004B64ED4D
:10239000F01201330812004DF0C083C08290006734
:1023A00065E0FE759300D082D08375F00312004E75
:1023B0006B12004DD712004B641200141E12004D18
:1023C000F075930075F003EE12004E6B9000676697
:1023D000E012004DB690002DAE12004EF5EF120047
:1023E0004C691200509412010BA6229000639FEFDB
:1023F000F0A3EDF0900063A27407F0E4900063AAEC
:10240000F0A3F0E4900063A1F0900063A2E0FF90DD
:102410000063A1E0C39F400321249C7E007F04EE63
:10242000C0E0EFC0E07D009000639F1200E4E19007
:102430000063A0E075F0231200E4D5A31200E4D1FC
:10244000D0E0FFD0E0FE1200161C9000639F120047
:10245000E4E1900063A0E075F0231200E4D5A3123C
:1024600000E4D1E92404F9E41200E512FF602375C9
:10247000F078900031101200E4F5E0B409149000F7
:1024800063AAE024A31200E618EFF0900063AAE02C
:1024900004F0900063A1E004F02124099000639F00
:1024A0001200E4E1E9248CF9E43AFA900063A0E038
:1024B0001200E5F5900063AAE0FFA3E0FE6F602C38
:1024C00074A32E1200E618E0FF9000639FF09000C6
:1024D00063ABE004F075F078EF9000321C1200E47A
:1024E000F5E0540F900063A2F021240322C8748108
:1024F000C8CC7466CCCD7401CD7B817A00791D7E09
:10250000007F031200113D7B017A667981900062A1
:102510005E1200141E900062611201AF5F7B827A2E
:10252000B679FB900062641200141E7B827AB67941
:10253000C9120016D77B827AB77906AFDF900066A2
:1025400080EFF09000625EF0120016D77B827AB7BF
:10255000791B120016D79000625E1201AF5F7B827A
:102560007AB7791E120016D77B827AB779351200B6
:1025700016D77B827AB7795F120016D77B827AB73B
:10258000798C120016D77B827AB779AA120016D7F7
:102590007B827AB779C6120016D79000550CE030CE
:1025A000E50A7B827AB779E9120016D79000550BBD
:1025B000E030E7087B827AB8790480067B827AB8BB
:1025C000792C120016D79000550CE0540CFFBF0870
:1025D0000A7B827AB87954120016D79000550BE026
:1025E00030E60A7B827AB87969120016D722900009
:1025F0006684EFF0A3EDF0A3EBF012010922EF7077
:10260000032126ED90006684E0FE1201090FC083CD
:10261000C08290006685E0759300D082D08375F00B
:1026200018120013F2C083C08290006686E0759392
:1026300000D082D08375F0031201087FE92402F9EB
:10264000E43AFA90006687E0FF90006564EEF012CD
:10265000014B5690006684E01201090FC083C082CE
:1026600090006685E0759300D082D08375F01812D3
:102670000013F2C083C08290006686E0759300D09C
:1026800082D08375F0031201087FEF120011ED90E4
:10269000006684E0FFA3E0FDA3E0FB9000657B748F
:1026A00010F012017A8990006687E0FF120108A2FB
:1026B000C083C082E0FE90006684E0120108D1FD74
:1026C000EE4D759300D082D083F0EF4460FF900010
:1026D0006686E0FE90006685E075F0EA900008B737
:1026E000120013F2E5822E12010892EFF02212007E
:1026F000963820E020EF5407640460032127ED9012
:1027000000550BE030E4032127EDEE440112009662
:10271000207401F0221200963820E0032127ED906A
:10272000005FB7E024FE60451470032127AD24024A
:1027300060032127EDEF5407FD640170032127EDAD
:10274000ED640270032127EDBD0509EE44109000F1
:102750005FA0800EEF5407FEBE061090005FA0E061
:102760004420F090005FB77402F022807CEF5407A1
:10277000FEBE050990005FA0E030E40C22BE060812
:1027800090005FA0E020E5651200963830E409EF84
:102790005407FDBD0415800BEE30E50FEF5407FE26
:1027A000BE040890005FB77403F022803CEF54072A
:1027B000FE64046038EE703190005FA0E030E40FFA
:1027C0007F011201A4F212009448E4FBFD801690F0
:1027D000005FA0E030E5127F011201A4F212009424
:1027E00048E4FB7D01120197691201B07522900047
:1027F000325EEF75F078120013F2EF2583F58375E2
:102800009300E02290006608E0FFA3E0FDA3E0FB58
:10281000120198FB9000660CEFF0FB90005528E049
:10282000FF2290005F46E025E02447F582E4345F14
:102830002274AA2EF582E43412F583759300E02207
:10284000E0FE245FF582E43400F583759300E493A1
:10285000FFEE2290006608E0FF75F07822900042BB
:10286000EAE02454F582E43408F583759300E4F03B
:1028700022120013F2EE2583F583E5822FF582E420
:10288000358322900053D5E04401F0CFCF90005320
:10289000D1EFF07D1E2290006608E0FD22CDEFCD45
:1028A000CFCF90005528E06F22900053D0E0FF7DFD
:1028B000012278317669087661087670438F0222AA
:1028C000E09000625EF022E004F0E0C39404227B1A
:1028D000017A5379DB7F487E01221201ADB7900067
:1028E00067B3EFF022900053D1E0FF22E49000683C
:1028F0000AF0A3F075E402AEE5EE541FFE90004F1F
:10290000C3F05406640670231201784A120154A9D8
:10291000EEF09000527DE0FF120155121201553881
:10292000C3942050032129E3E4F022EE64107033B5
:1029300075E412AFE590006085E0FD75F003A42416
:1029400086F582E43460F5837593007405F0ED122A
:102950000154C312015538E0C3942050032129E3E8
:10296000E4F022EE640C6005EE6404703EE4F5E4ED
:1029700090005003E0FCA3E02463F58274503CF522
:1029800083759300E5E5F090005003120154EF9039
:10299000005003E4F0120154A9EEF012015512E4C4
:1029A00012015539C394204002E4F0CFEECFEF304E
:1029B000E13112015528402590005007120154EFD3
:1029C00090005007E4F09000500574FFF5F01200FD
:1029D0001269120155284005120154F722E49000B3
:1029E0004FCBF02290006636EDF090006635EFF0A8
:1029F00012004E2812004B64E020E703212ADA126D
:102A00000050DE12007E87EF7003212ADA12005098
:102A1000DE1200729A120050DE1200E166120050BF
:102A2000DE120194F29000663512004DE612004B62
:102A300064E064097003212ADA90006635E075F0DD
:102A4000789000321C12004B64E05470FEC4540FA6
:102A500090006639F07B017A667937900065111233
:102A600000141E7B017A66091201AA547B827ABB8C
:102A700079EC90006637E09000625EF09000663876
:102A8000E09000625FF0120050DE90006260F09013
:102A9000006639E09000626112004F8112004B64C1
:102AA000E090006262F090006636E090006263F0B1
:102AB000120016D790006638E0FF90006637E0FD00
:102AC00090006636E090006575F090006635E09005
:102AD000006576F07B011200EF8F227B017A5F792F
:102AE000FD90005FB91200141E7B017A607900909E
:102AF000005FBC1200141EE412009616F01200963D
:102B000020F090005FAEF090005FA9F090005F7B36
:102B1000F0120093B1120095F97F087D007B017AD5
:102B20006079091200161C120095499000333D127D
:102B300000956EC0E0EFC0E01200951CD0E0FFD021
:102B4000E0120095F87F04EEC0E0EFC0E0120094C0
:102B5000B5D0E0FFD0E0FE1200161C900033431207
:102B600000956EC0E0EFC0E01200951CD0E0FFD0F1
:102B7000E0120095F87F04EEC0E0EFC0E012009490
:102B8000B5D0E0FFD0E0FE1200161C7B827A9E7961
:102B9000B21201A5FB90005F7AEFF07B827A967902
:102BA0009B1201A5FB90005FB5EFF07B827AB179B3
:102BB0001A1201A5FB90005FB0EFF07B827AB0792A
:102BC000D91201A5FB90005FA8EFF0E490005FFB35
:102BD000F022900065E4EEF0A3EFF0A37464F0A39C
:102BE00074B8F0900065E6E0FEA3E0F5828E837590
:102BF0009300E0FEA3E0FF4E7003FEFF228F828E63
:102C000083759300A3A3E0FCA3E0FD900065E4E0DE
:102C1000FAA3E0FBC3ED9BEC9A500B900065E6EE47
:102C2000F0A3EFF080BD8F828E83759300A3A3E0A5
:102C3000FCA3E0C39BFDEC9AFC900065E8F0A3EDDB
:102C4000F0C39410EC9400501E8F828E8375930015
:102C5000E0FCA3E0FD900065E6E0FAA3E0F5828ADF
:102C600083759300EC8051900065E9E024FCF090BE
:102C70000065E8E034FFF0E0FDA3E08F828E83750D
:102C80009300A3A3CDF0A3EDF0EF2404FFE43EFEF8
:102C9000900065E9E02FFF900065E8E03EFE9000BF
:102CA00065E6F0A3EFF0900065E4E0FDA3E08F821D
:102CB0008E83759300A3A3CDF0A3EDF0EF2404FF62
:102CC000E43EFE221201B14AE4FF12010F62E490D9
:102CD000006823F090006823E0FFC3940450277439
:102CE000812FF582E43452120128697D011201A975
:102CF000CC90006823E0FF7D011201A77690006868
:102D000023E004F080CEE490005528F0900053D7E3
:102D1000F0900053D2F0A3F0FDFF1201A9CCC2192C
:102D2000E4900053D4F0A3F0C21890005527F0D2DD
:102D300017900053CFF09000552AF01201AB367B6C
:102D4000827A8A79801201A5FB90005F2FEFF07BD9
:102D5000827AAD79371201A5FB90005F2DEFF07BF1
:102D6000817A61796C1201A5FB90005529EFF07B07
:102D7000817A9C79BE1201A5FB90005530EFF07B63
:102D8000827A4C79D31201A5FB900053D9EFF07BE6
:102D9000827AAE791B1201A5FB90005285EFF07B81
:102DA000827A9A79001201A5FB90005280EFF022FE
:102DB000CEEFCE1201B08490006816EFF0CFEECFC8
:102DC000EF6003212E98E0FFCEEDCECDCD1201466F
:102DD000BAEF7003212E9890006816E012009485D7
:102DE000120093777003212E9890005E14E09000FB
:102DF0005FB31200958F30E40CE490006816F0A3E6
:102E00007404F0800D90005528E090006816F004DE
:102E1000A3F090006817E0FF90006816E0FEC39FE3
:102E200050769000550BE030E446EE602E90005F47
:102E3000BFE0FF90006816E012009485120095E450
:102E4000EE120095B5C8E9C8CCEACCCD7401CD121C
:102E50000093C57E007F081200113D90006816E0C7
:102E6000FF24B412009372120096545E70208018F2
:102E70007B827AB5797D90006816120094CB12009F
:102E800016D790006816E0FF7DFE1201AB7490002B
:102E90006816E004F0212E1222EF900042F375F044
:102EA00009020013F2E0FF75F009900042F61200EB
:102EB00013F2E0900042EBF0EF75F009900042F55C
:102EC000020013F2E075F009900042F8120013F2CC
:102ED000E0900042EDF0EF900042F775F00902003B
:102EE00013F2E0FE900042EFEFF0EE900042F47536
:102EF000F009020013F2900042F1120013F2E075A3
:102F0000F00390004841120013F2120013FE020079
:102F100014C074312FF582E43448F583759300E0D2
:102F200022E0FF782FE624F1F582E43447F583753B
:102F30009300EFF006E6C3944022F0900067281259
:102F40000013FEE92274702EF582E43447F5837590
:102F5000930022F9E43AFA020011BBE0900042EA41
:102F6000F022E0900049C1F0229000681FE0FF22AB
:102F700090006412E0FF22F9E43AFA1200127FFB9B
:102F800022900042EFE0540FFF90006780F0900025
:102F900042EAE09000677FF0E02425F582E43462A5
:102FA000120132346F60032130609000677F12019C
:102FB000322C20E00321304C203E4490006355E049
:102FC0006003213064D23E120132A9F0120132E5D1
:102FD00074B32FF582E4345C120132341201329260
:102FE00012019B799000623E7401F07B827AB37982
:102FF000DB9000677FE0FF12013259020016D71202
:103000000132A9E06F705D9000623EE004F07B82C7
:103010007AB379FE12013259120016D79000623E3F
:10302000E0B4021C120132E59000677FE024B3F5A2
:1030300082E4345C120132341201329212019B7923
:103040009000623EE0C39402401A80147B827AB4FE
:103050007921120016D7120132A9E06F7002C23E28
:103060001201B0A122900067D3EDF0900067D2EF7B
:10307000F07016900059CAE0D3940050099000599E
:10308000CCE0940040037F022212006A05900067A2
:10309000D2E0900008D8120067B8C083C0829000C8
:1030A00067D3E0759300D082D08375F00612006577
:1030B000E9E0FF900059CCE06F7003213144E0FF5C
:1030C000900059CAE0FE900067D2E0FD900008D859
:1030D0001200689EC083C082900067D3E0FC7593A5
:1030E00000D082D08375F006120066672E1200654C
:1030F000F0EFF09000311012006707ED1200660D3E
:10310000E06401700C900053D2E0FFEC6F703580EA
:103110000C120069A4900067D3E06F7027900059EB
:10312000CCE0FB900059CAE0FD900067D2E0FF9030
:1031300000316A120066B2E5822D120067A9EBF039
:103140001201A79E7F0022CCEFCCCFEBCFEF4480C3
:103150009000322C1201166C120115B7EFF0EC1230
:1031600001164A120013F2EC120115B77406F09022
:103170000063F7E0FEA3E09000322E12011607EC88
:10318000120115B7EBF0CAEECAEA9000322F120115
:10319000166C120115B7EFF0E47003EA64037019BE
:1031A000900063F8E0900063FD7005F0A3F0801AD2
:1031B0007404F0A37409F08011900063F9E0FFA398
:1031C000E0900063FDCFF0A3EFF0900063FDE0FE20
:1031D000A3E09000323012011607EC120115B7EB94
:1031E000F09000323112011613120115B7EFF09072
:1031F0000063FBE0FEA3E0FFCBEFCB75F078EC9033
:10320000003232120013F2EC120115B7EBF090000D
:10321000323312011613120115B7EFF0CFECCFCEF7
:10322000EDCECDCD0201A135900065C0E0244DF575
:1032300082E43462F583759300E0227E007F047D92
:10324000001200161C7E007F047D0022900065C0E5
:10325000E02452F582E43462229000625EE4F0A33E
:10326000EFF09000623EE090006260FFE4F0A3EFB8
:10327000F022900065C0E0FF22F582E43462F5831D
:10328000759300E4F022EF75F078120013F2EF2549
:1032900083227B017A677980FF9000665C7402F07C
:1032A000229000625E0200141E9000677FE0FF9093
:1032B000006251227B827AB2796C227B827AB27967
:1032C0006E22EFF0A3E4F0A374C8F022F074252F6F
:1032D000F582E4346222E09000625EF0222429F557
:1032E00082E4346222900067807410F0E4A3F0223C
:1032F000900065C0E09000625E22F583759300EE59
:1033000022900065C5E0FF22900067F2EFF0A3ED88
:10331000F0E0900067F212004C197401F0EE120018
:103320004FCCEF1200503E9000091012004F58C0D1
:1033300083C082900067F3E0FC759300D082D08355
:1033400075F002120013F2EEF0A3EFF075F0EAED63
:103350009000091812004FD375F002EC12004EAB2A
:10336000A3F0900067F2E075F0EA900008A7120061
:1033700013F2E0FF7E007D0B120184E1CAEECAC9A0
:10338000EFC97B01900067F212004DF4C083C08248
:10339000900067F3E0FE759300D082D08375F00350
:1033A00012004DBDEF12004FCCEE1200503E9000C7
:1033B000324612004F60ED12004B69EEF0A3EFF0C1
:1033C0009000324212004F5FED12004B69E4F0A30F
:1033D000F075F078ED90003244120013F2ED120017
:1033E0004B69E4F0A3F022900067DC12006871647E
:1033F0000160032134C2900067DDE0FF900067DCCC
:10340000E0FE75F0EA900008D4120065E9E0700370
:103410002134C275F0EAEE90000922120013F27511
:103420009300EF1200667DFEA3E04E60032134C2DC
:10343000900059C9E060032134C2900067DC12009B
:103440006690C083C082900067DDE0759300D082F3
:10345000D0831200667DFCA3E064014C7064900090
:1034600067DCE0FE12006622C083C082900067DD48
:10347000E0FD759300D082D083120066A1E4F0A332
:1034800004F075F0EAEE1200663D1200674AE4F0BF
:10349000A3F0EF120068FF900067DD75F0061200E0
:1034A000677B900067DCE01200662DC083C08290CD
:1034B0000067DDE0759300D082D083120066E27F62
:1034C00000227F0222900064E31200141E90006428
:1034D000E8E0FF900064E7E0FE75F0EA1201493190
:1034E000E030E704D2328002C232900064E9E0703A
:1034F0001B1201492175F018EE1201492975F003DC
:10350000EF1201494AE92402F9E4807E30323C128C
:1035100001492175F018EE120013F2C083C08290A9
:103520000064E8E0FF759300D082D0831201494720
:10353000E92402F9E43AFA75F0EAEE900008A712DD
:10354000014935E07E0029F9EE803FCFEDCF75F0DF
:10355000C0EF90000FAA120013F2C083C082900047
:1035600064E7E0759300D082D08375F018120013E1
:10357000F2C083C082900064E8E0759300D082D0EE
:103580008312014947E92402F9E43AFAEBC0E0EA80
:10359000C0E0E9C0E0900064E3120013FE120014E2
:1035A0004422900042EAE0FF900067E4F09000427D
:1035B000EBE0900067E5F075F078EF9000310712CE
:1035C000006608E020E70321367B900067E4E0FF17
:1035D00075F0789000323C12006608E0603590008B
:1035E00067E51200684F900008F4120066672E121B
:1035F0000065F0E064066017900067E412006868F8
:10360000120066672E120065F0E0B4070280000227
:1036100001B0AF900067E412006768EBC0E0EAC059
:10362000E0E9C0E0900067E4E0FF7E007C017D7887
:1036300012001201744B2FF974323EFAC8E9C8CC5B
:10364000EACCCD7401CDD0E0F9D0E0FAD0E0FB7E39
:10365000007F081200113D900067E5E0FF900067D1
:10366000E4120066C9120065E97401F0900042E8B6
:1036700012006724FB7F0312010BA622900065A8AD
:10368000EFF0900065AD7401F0CFEDCF75F048EF2D
:103690009000019C120013F2E0900065A91200EA6C
:1036A0006975F0789000321C1200E978E0540F90B0
:1036B0000065AAF0E4900065ACF0900065AAE0FF18
:1036C000900065ACE0FDC39F4003213755A3E02582
:1036D000E0FFF0900065A9E05F60701200EA6A7593
:1036E000F0789000321D1200E978E0FF60131200BC
:1036F000EA788002C333D8FCFF900065ADE06F70BC
:103700004A1200EA6A1200EACA12019E7A90006523
:10371000A81200E96F7402F07B017A6579AB12019F
:103720006B29BF01301200EA6A75F07890003234DC
:103730001200E978E0FE75F078EF90003277120021
:10374000E978EE1200EA690201B046900065ACE04B
:1037500004F02136BA22C0E0C0F0C093C083C0821A
:10376000C0D0E8C0E0E9C0E0EAC0E0EBC0E0ECC0F7
:10377000E0EDC0E0EEC0E0EFC0E0783C7600A69E51
:10378000E6FF30E64875960708A69775960808A6DE
:103790009718E6FE5418603590006085E0FD120031
:1037A00000D27402F0ED75F003A42487F582E434AE
:1037B00060F583759300EEF008E6FE90006085E00A
:1037C000120000E3EE120000F44002E4F0EF30E2F9
:1037D0002E75E213900063EAE5E3F0E0FF540F601A
:1037E0001E20171B90006085E0FE120000D27401BD
:1037F000F0EE120000E3EF120000F44002E4F07873
:103800003CE630E704120128ECD0E0FFD0E0FED027
:10381000E0FDD0E0FCD0E0FBD0E0FAD0E0F9D0E071
:10382000F8D0D0D082D083D093D0F0D0E0327829B5
:10383000E62470F582E4344712012F1A9000681FC5
:10384000F0E0FF12012E9AE0FE5460706812012E23
:10385000B8E0FCA3E04C60032138E3900042EFEEB7
:10386000F0EF12012EEB12012F5B9000681F120186
:103870002F62E4900047F0F075F009EF12012EF688
:1038800012012F6912012E9AE0FE20E41E900068BA
:103890001FE0FD12012ED7E0FAA3E0FB75F009ED61
:1038A00012012EBCEAF0A3EBF0803812012E99EE43
:1038B00054EFF0802E12012F6912012E9AE030E6AB
:1038C0002212012EB8E0FEA3E04E70179000681F90
:1038D000E012012ED7E0FCA3E0FD12012EB8ECF0BF
:1038E000A3EDF012012F6912012E9AE030E50612C5
:1038F00001A1CC80037829067929E7C3782B96406B
:1039000004E47829F622900066F8EFF07E011201B7
:1039100001B312010168E060032139A0CFEBCFEFC2
:10392000B420087B017A62799A80067B017A6279F9
:10393000A1900066F91200141E900066F91200139F
:10394000FEE92403F9E43AFA120011BBFF90006685
:10395000F8E0FE75F0EA120102A454F0FCC4540F22
:103960004F120011ED75F0EAEE120102A4540FFFA0
:10397000900066F91201027DEF120011ED900066D1
:10398000F8120102897410120102627407F09000AB
:1039900066F9120102147B0212014D8E7E048038FA
:1039A000900066F8120101B112010168E0FF640D98
:1039B0006004EFB40C10900066F81201029112013D
:1039C0000168E054F7F07B007A007900900066F817
:1039D0001201015F1200141ECFEECF229000679AF1
:1039E000EFF0642970207B827AB679409000679C62
:1039F000120094CB120016D71201B132900060046D
:103A00001200953C80499000679AE0642B70441244
:103A100001B101EF60040201B1327B827AB6795BB9
:103A200090005528120094CB120016D7120094482B
:103A300012009485120095DCF583758208C083C05E
:103A400082FDEF120095B57B01D0E0FFD0E0FE02D1
:103A500000161C120094F69000679AE0120095CFB1
:103A6000704D120094F6F46046EFF4FFE4120095F6
:103A7000CF603C7B827AB679799000679A12009485
:103A8000CB120016D7120094F69000679BE0FE243C
:103A9000B412009372FDEF4D90006004F090006747
:103AA0009AE0FF74E12EF582E4345F120095E4227F
:103AB00090006256740FF0C2E8E4F5C6AFC7EF4459
:103AC00020F5C7E4F5C6D2E8FE7F04FD7B017A62EB
:103AD000794D1200161C7B017A6279491201323B42
:103AE0007B017A627929120132417B017A6279384D
:103AF000120132417B017A6279251200161C7B018A
:103B00007A6279571201323B7B017A627952120054
:103B1000161CE490006251F0C23E9000623EF090AC
:103B200000623CF090006248F07B827A8E79A912A4
:103B300001A5FB90006240EFF07B827A2F79811221
:103B400001A5FB90006236EFF07B827AA7794D12D7
:103B500001A5FB90006237EFF07B827AA9793F12D2
:103B600001A5FB9000623DEFF07B827A2179DE12A5
:103B700001A5FB9000622EEFF07B017A62793F0293
:103B800001853F782EE624F1F582E4344712012FB7
:103B90001A90006820F0E012012E9AE0FF54606055
:103BA00003213C38900047F07403F0900068201225
:103BB000012EE212012F5B9000682012012EA5E079
:103BC000900042ECF09000682012012EC4E09000BA
:103BD00042EEF09000682012012F62900042F11234
:103BE000012EDB12012EFE90006820E0FF12012E54
:103BF0009AE0FE30E74012012E99EE547FF0782DC6
:103C0000E6C3943F5011900049C112012F21400298
:103C1000E4F6782D06802B7B827ABA797290006860
:103C200020E0900042F112012EEFE09000625EF081
:103C3000120016D78002800090006820E0FF120179
:103C4000A168782DE6600116782E06E6C394404000
:103C500002E4F622900065001200141E900064FF3A
:103C6000EFF0FD90006505E0FF90006504E0FB12B9
:103C7000010922EF7003213D2490006503E0FF124B
:103C8000005079C083C082900064FFE0759300D03B
:103C900082D08375F018120013F2C083C0829000A6
:103CA0006504E0759300D082D08375F00312004E56
:103CB0006BEF120011ED90006503E0FF7E00120033
:103CC0005079C083C082900064FFE0759300D08279
:103CD000D08375F018120013F2C083C08290006583
:103CE00004E0759300D082D08375F00312004E6B10
:103CF000E92402F9E43AFA120051E3900065001257
:103D00000013FE1200113D90006505E0FF90006475
:103D1000FFE0FD90006504E0FB9000657B7410F00F
:103D200012017A89227E087F547D007B017A007916
:103D3000001200161C7E117FA07D007B017A317974
:103D4000071200161C7F607B017A2F797B120050CE
:103D5000E57FBA7B017A2D79AF120050E51200B6EB
:103D60004B7B817AB379F21201A5FB900030F5EF1D
:103D7000F07B817A6A793C1201A5FB900030DCEF80
:103D8000F07B827A2279E71201A5FB900042E8EFEE
:103D9000F07B817ACD79BE1201A5FB90002DAEEFAC
:103DA000F07B817AF979D71201A5FB90002F72EF91
:103DB000F07B827A69798A1201A5FB90002F71EF5E
:103DC000F07B817A8979551201A5FB90003104EFCF
:103DD000F07B827A4F79B51201A5FB900042E7EFA4
:103DE000F0C23B1201B025E4900030DBF01201A2DA
:103DF000C10200DFBA900067F412004C8AE0FECDE9
:103E0000EECDEF12004E64CFEDCFE92F12004C4CF7
:103E100004900067F5F0900067F412004D24E0D3A1
:103E20009E4036900067F5E0FE900067F4E0FD12DA
:103E3000004C8EE02EF07A007B04EAC0E0EBC0E09C
:103E400075F016ED12004C91E0FDEF12004F48D0D6
:103E5000E0FFD0E0FE0200161C900067F412004C58
:103E60008CE0FE75F016EF12004CFAE0C39EFF9056
:103E70000067F5E0FED39F400FEE9FFF900067F4D0
:103E8000E012004C8EEFF022900067F5E0FF90000A
:103E900067F4E0FE12004C8EE02FF075F016EE1283
:103EA000004CFAE0FF75F016EE12004C91E0FEC3F4
:103EB0009F4010900067F4E012004C8EC3EE9F7597
:103EC0009300F0229000659C1200141E9000659FE4
:103ED000EDF0E4FF900065A17408F0900065A0EF9C
:103EE000F0900065A1E0FF900065A0E0FEC39F4058
:103EF00003213F861200774BEE120076BCE020E7EC
:103F00007B900065A0E0FF9000659C12007A5A7ECD
:103F1000017F78EEC0E0EFC0E07F00EFC0E09000EE
:103F200065A0120078ABD0E0FDD0E0FFD0E0FE123B
:103F300000161C900065A0E090003107120076B3D7
:103F4000E04480F09000659FE0FE75F078EF90000F
:103F50003108120076B7EEF0900065A0E0FFC39440
:103F600002400F75F078EF9000310F120076B774B1
:103F700008F090005CE8E004F07F0122900065A06A
:103F8000E004F0213EE17B817A1C79731201A8F5EF
:103F90007F002290006584EFF090006586EBF0CF03
:103FA000EDCF90006588EFF090006586E0FE900010
:103FB0006588E0FFD39E400321406090006587E064
:103FC00060041201ACB0900065841200E4E11200BC
:103FD000E56D1200E5F5C23790006589F090006547
:103FE000841200E4E190006588E075F0231200E49B
:103FF000D5A31200E4D1E92402F9E41200E512602D
:1040000030D237900065841200E4E11200E56D7E45
:104010000029F9EE1200E512FF90006589E004FE28
:10402000C8EEC87401088002C333D8FC4F120011D7
:10403000ED90006589E004F0E0640770A0900065F1
:1040400084E0FF90006588E0FD30370612017E5D58
:10405000800412017D8A90006588E004F0213FA869
:1040600022900065A2EFF0A3EDF0C39412900065DA
:10407000A7F0E0900065A41200E39B900065A3E028
:10408000FF1200E424FDCEEDCE900065A41200E303
:10409000CD90002DB11200E45B900065A41200E306
:1040A0006724031200E392900065A2E09000315172
:1040B0001200E440ED1200E348E030E7041200E4AF
:1040C0001A900065A3E0FF90002DB91200E428FBD0
:1040D000CEEBCE1200E44824041200E3D490002D6D
:1040E000B91200E45B5403FF1200E44824051200F7
:1040F000E39275F078ED90003107120013F2ED12A3
:1041000000E348E0900065A41200E388900065A4F5
:104110001200E3C074FF120011ED900065A41200BC
:10412000E3DD74F8120011ED900065A7E0FF229026
:10413000005FA9E0640260032141F190005FB4E0F8
:10414000640260032141F17B827AB479AC90005F14
:10415000B1120094CB120016D790005FB1E01200AC
:10416000149841CD0141D10241A509418D0A41A9CF
:104170000B41D70F41DF1041C711419512419D13EB
:1041800041DB1441B71541E916000041F1120095D9
:10419000A00201AC78120095A00201AC9412009527
:1041A000A00201AE020201AA107B827AB479B81291
:1041B0000141F2E4FF800C7B827AB479D51201418F
:1041C000F27F010201AD1C7FFF020172B6E4FF80A5
:1041D000027F010201B13E438F022202000079906A
:1041E000005FF4E0FF020139DC120095A01201B17A
:1041F000AA22120016D77F01120000472290004227
:10420000EFE0540FFF90006804F0900042EAE09065
:10421000006805F075F078EF900031071200E9783A
:10422000E020E7032142C51200EA7FA3E0FD12016E
:10423000A353EF70032142C91200EA7F9000635438
:10424000F0A37401F090006805E0FD75F078EF9040
:104250000032391200E978EDF01200EA7F1200EA2C
:10426000B01200E978E004F01200EA107404F07B68
:104270000312019E7A900068041200E96F7403F043
:1042800075F078EF9000321F1200E978E090006836
:1042900005F0E090002DAF1200EA57E030E70B5434
:1042A0007FFF90006804E06F60111200EA7F7B01DD
:1042B0007A68790512016B29BF010E1200EA7F129C
:1042C00001B04680001201B0A12290006810EFF00A
:1042D000A3EDF07B827AB579011200963FA3EDF051
:1042E000120016D77B827AB5791190005FA912006F
:1042F00094CB90005FB4E09000625FF0120016D79C
:1043000090006811E0FFC394E0403CEFD394E75085
:104310003690006810E0FB701390006011E0FE1210
:104320000094D212009377FDEE4D8016EBB4011786
:1043300090006011E0FF120094D212009377F4FE17
:10434000EF5E90006011F090005FA9E070179000A0
:104350006011E070081200949C12012DB0120094BC
:104360009C02019DD190005FA9E0B4010812009465
:104370009C0200EAFA90005FA9E0FEB40208120075
:10438000949C02019582EEC3940340081200949C11
:1043900012018BCF22900067ACEFF0E4A3F0900005
:1043A00067ADE0FFC39404400321445E1201AF896E
:1043B000EF6003214442900067ADE0FF1200D3FAA2
:1043C0001200D377FECDEECD74B42FF582E4345DC8
:1043D0001200D377FF747F2DF582E4344E1200D3A0
:1043E000775F605E90004E8CE0FD5F705590004EF0
:1043F0008BE06E604D900067ADE0FC1200D4571268
:1044000000D377FEED4E90004E8CF090004E79E098
:10441000700A90004D54E090004E79F090004E7973
:10442000E0FD900067ACE0FB9000640CECF0A3E4CE
:10443000F0A304F0A3E4F0A304F0E4FF12010BA640
:10444000801290004E8BE0FF900067AD1200D3F910
:104450001200D467900067ADE004F021439E2290E3
:10446000006467EEF0A3EFF0A3EDF0CFEBCF900088
:104470005000EFF09000646D7480120154E012015E
:10448000452290006467E0FCA3E0FDCFEDCF9000F3
:10449000646EF0CEECCEEEA3F07401120154D4E4BD
:1044A000FF1201A0CD7B017A64796F120154E7FFFE
:1044B0001201A0CD9000646DE0547F120154E0120F
:1044C00001452290006469E0547FF07B017A6479B1
:1044D00069120154E77F031201A0CD9000646BE0E4
:1044E00090004FC4F054F9F07B017A64796B1201AB
:1044F00054E77F021201A0CD7B017A64796C12012E
:1045000054E77F041201A0CDE49000646EF0041221
:104510000154D47F101201A0CDE490004FC5F0A348
:10452000F0227F031201A0CD22900066B8EFF0A325
:10453000EDF0A3EBF0A3E014F0EB6401704C12007B
:10454000E4DD900066B9E0900066BB1200E4C7E9C4
:104550002404F9E41200E512FFCEEFCE600F9000C4
:1045600066B9E0FFCDEECDE4FB1201B1941200E498
:10457000DD900066B975F0231200E4D4900066BBAC
:104580001200E50654FD120011ED900066BAE0FF3E
:10459000C39410404CEFD394145046E024F0F01232
:1045A00000E4DD900066B9E075F0231200E4D590D8
:1045B0000066BB1200E4D1E92402F9E41200E5121E
:1045C000FF900066BAE025E0240FF582E43400F5A0
:1045D00083759300740193FDCEEDCEF45F1200114C
:1045E000ED900066B8E0FF1200E5DB12013F937F1B
:1045F0000022E490004FC9F0A3F090005007F0A310
:10460000F090005005F0A3F090004FCBF090004FD9
:10461000C7F0A3F090005003F0A3F090005001F019
:10462000A3F07E01FFFD7B017A5179701200161C08
:104630007E017F007D007B017A5079631200161C99
:10464000900063EDE0B4801090005278E090006735
:1046500087F090004FF6800E9000516BE09000675D
:1046600087F090004FDCE0FFA3E090006785CFF07B
:10467000A3EFF07B017A677987120154E77F071275
:1046800001A0CD7B017A5079399000625E1200144E
:104690001E7B827ABE7964120016D790006785E08F
:1046A000FEA3E0FF9000646B7417F0E4A3F07B2797
:1046B0007D031201445F0201B06690006791120011
:1046C00094F11201A6F990006793EFF0F4700321C2
:1046D000477FE024B412009372FE1200947F120010
:1046E00093775E600D90006792E0FD120159667F3E
:1046F00000221200947FF583C083C082759300E08E
:10470000FE90006793E0FD24B412009372FCEE4C1F
:10471000759300D082D083F01200963F1200964627
:10472000A31200141E90006262EDF07B827AB579CC
:1047300059120016D7900067937402F090006793A7
:10474000E0FFC39408503590006791120094231243
:1047500000964D12009377701A90006792E0FFA3C5
:10476000E0FDEE120094252DF582E43583120095CC
:10477000E4800990006793E004F080C07F01227F0D
:10478000002290006818EFF0CFEDCFEF14602014F6
:10479000700321482214700321482E240360032152
:1047A0004841120093391200937E24042148389026
:1047B000005FFFE064047030120095C2702A12019D
:1047C00092EC90006819EFF07B827AB579EB90005B
:1047D0006818120094CB90006000E0FFA3E0900006
:1047E000625FCFF0A3EF802790005FFFE0B4032665
:1047F000120095C270201201767590006819EFF0D2
:104800007B827AB6791B90006818E09000625EF0B7
:10481000120016D7802B120093391200937E2406C3
:104820008016120093391200937E2408800A120029
:1048300093391200937E240A12009396900068190F
:10484000F090006819E0FF22900057CEE0FD900044
:104850005528E0FC6D704590005FA5E06401703C58
:1048600012011F4A9480EE9401500AE4900067A35D
:10487000F0A3F0800412011F25E490005FFDF0A377
:10488000F0900067A3E0FAA3E0FBC3EF9BFFEE9A72
:1048900012011F9B12011F3140738063EC6D606D2C
:1048A00090005FA5E07066900067A504F090006737
:1048B000A5E0FFC39403505512011EB0120013FE71
:1048C000E92F12011EA812011FA36F703790006715
:1048D000A5E0B4010AE4900067A3F0A3F0800412FD
:1048E000011F2512011FAAF012011F7B900067A46F
:1048F000E02FFF900067A3E03E12011F31400E122F
:10490000011F5522900067A5E004F080A022F9E481
:104910003AFAEE120011ED90006740120013FEE922
:1049200022ED75F0C090000FAA120013F2759300EB
:1049300022900008AF120013F2E5822FF582E435D1
:1049400083F5837593002275F003120013F20200C1
:1049500013FEF9E43AFA020011BB900008AF75F0BB
:10496000EA120013F2E582227B017A6779BF7401B3
:10497000F07D98229000635D020013FE120013FE8A
:10498000E92401F9E43AFA227B017A6779C17401DA
:10499000F07D9822120013FEE92FF9EA3EFA221266
:1049A0000013FEE92DF9EA3CFA22CEEDCECDCDCEB4
:1049B000EBCECBCB22E0FDA3E0900064E7F02290A9
:1049C000000859120013F2E02275F002120013F2EF
:1049D000EFF02290005F5FE0FF240EF582E4345494
:1049E000F583759300E022F0A3EFF090005F46E0BE
:1049F00025E02447F582E4345F2290005F2A12000C
:104A000013FE90005F75E075F002A429F9EA35F015
:104A1000FA020011BB90005F46E075F002A4244743
:104A2000F9745F35F0FA7B0190006828E0FF22906E
:104A3000005F70E0FF90005F5FE022F583759300F8
:104A4000E4F0A322F090005F5FE022E0FDE490003C
:104A5000640CF0A32275F009120013F2E4F0A30431
:104A6000F02290005528E02481F582E4345222900F
:104A7000005ED87401F02290005ED87402F022909B
:104A8000005ED3F090005F78F02290005F71E090BC
:104A900000625EF022900067CFEDF0900067CEEFED
:104AA000F075F0789000314F12006608E0FF90003A
:104AB00059CCE0FED39F4035120069FB9000310ACB
:104AC00012006608E0FCA3E064087003EC64046074
:104AD00003214B5375F078EF9000310C12006608FB
:104AE000E0FCA3E064017003EC64307066120069BE
:104AF000FB9000314D12006608E06E60309000556A
:104B000028E0FE900067CFE06E7022EFC394024071
:104B10001C900059CCE0FD900067CEE075F07890D5
:104B200000314D12006608EDF01201AC40900059C2
:104B3000CCE0FF900067CFE0FE900067CEE075F01C
:104B4000EA900008D4120066672E120065F0EFF0BC
:104B50007F00227F0222900065611200141E9000E7
:104B60005528E0FE90006564E0FD6E75F016601259
:104B7000EF90002F87120013F2E5822D1201081327
:104B8000800412010838E0784DF675F016EF9000B9
:104B90002F8D1201087F120108EB90006565F0125D
:104BA0000108ADE0FEE6C39E4002E4F6E4FE90009C
:104BB0006565E0FDEEC39D503475F016EF90002F53
:104BC0008D1201087F120108EBFD90006561120053
:104BD00013FEE92EF9E43AFAED120011ED12010884
:104BE000ADE0FDE6C39D4002E4F60E80C1784DE6DF
:104BF0009000656412010853E5822D12010813121A
:104C000001091AFCED6C700612010835EEF09000F7
:104C10006565E0FF22EF75F078120013F2EF25834F
:104C2000F5837593002275F0EA900008CC1200130A
:104C3000F2E5822FF582E43583F583759300E02257
:104C4000F075F0EAEF90000918120013F275930066
:104C500075F002ED120013F2E4F0A3F07B017A4D3F
:104C600079479000090475F0EAEF020013F2F9E4C5
:104C70003AFA7401120011ED90000940120013FE7F
:104C8000E92290006617E0FF22E0FEA3E0FF90001B
:104C90006619120013FEE92275930075F002ED12F9
:104CA0000013F2E4F0A3221200141E75F078EF2234
:104CB00090006359F0A3E4F0A37408F022F9E43AF9
:104CC000FAEE8FF0020012A375F003120013F20245
:104CD00000141E900053D4E020E203214D5B9000AD
:104CE0005524E475F0011200126990005524E0C3C8
:104CF00013FEA3E013FFD3900053E0E09F90005316
:104D0000DFE09E503CE490005524F0A3F090005367
:104D1000D0E0FF7B017A5579231201A22EEF606D5E
:104D2000120128A91201A9CC90005523E0FF9000A0
:104D300053D0F0E4FD1201A9CC120128A90201848C
:104D40002390005525E0900053D030E006E0FF7D31
:104D5000018004E0FFE4FD0201A9CC120128A912A0
:104D600001A9CC900053D5E020E01E1201281BE4DD
:104D7000FD1201A9CC1201281B7D01120184237BA5
:104D8000817A1C79551201A8F51201B0A122900078
:104D90006427EFF0CCEBCCA3EDF0E0FF75F01190C1
:104DA000002DB9120101A57408F09000642CE0FAFE
:104DB000A3E0FBEF1201023175F011ED120101A128
:104DC000F0900064271201024212010168120102F0
:104DD00008120101687409F09000642BE0FE900055
:104DE000642AE0FBEB90006427120101D5ED12016B
:104DF000016DEEF0A3EFF0CFEC120101E3ED120133
:104E0000016DE4F0A3EFF09000642CE0FEA3E0FF5E
:104E100090003232120101E8ED1201016DEEF0A3B3
:104E2000EF120101F012016F4C9000642E1200137A
:104E3000FE900064271201015F1200141E900064AE
:104E400028E0FD0201A135900063B9120163ED90E5
:104E50000063BEE014601014601314601624037025
:104E6000247F007EF080107F007EF4800A7F007E29
:104E7000F880047F007EFC7D017C00900063C112FD
:104E80000013E6800A7B827ABE7930020016D7E4EE
:104E9000900063BFF0A3F0900063B9E0FCA3E0FDD5
:104EA000900063BFE0FEA3E0FFC39DEE9C504EE484
:104EB000FCFDA3120013DA120012BFE42FFFE43E40
:104EC000FEED3481FDE43CC9EFC9CAEECACBEDCB9F
:104ED000120011BBFF900063BB120013FE90006331
:104EE000BFE0FCA3E029F9EA3CFAEF120011ED90D3
:104EF0000063BFE475F00112001269809A229000ED
:104F000064D0120013FEE92CF9E43AFA22EFF0CE55
:104F1000EDCE74892EF582E43461F583759300E05B
:104F200022900064D3E0FFA3E0FCC39F22FD7B013D
:104F30007A66799E7401F022FD7B017A6679A2740B
:104F400001F022120011ED900064DBE004F0227BFE
:104F5000007A0079467401F022FFE075F008A4247D
:104F600049F582E43461F583E5822FF582E43583E7
:104F7000227B017A65797C7401F022900064D4E090
:104F800004F0221200141EA2E9E433FEC2E9EF1479
:104F900022E4900064D4F022E4900064DBF022E08C
:104FA000FFA3E02491F582E4346122EFF0A3EDF059
:104FB000A3EBF0E4221200502590006761F012008C
:104FC0004E2812004B64E030E76F90006763740175
:104FD000F0E490006762F0900067611200511312D4
:104FE000004B64E0540FFE90006762E0FDC39E50EA
:104FF0004812004C9912004F262D12004B82E0B44B
:10500000032690006761E075F0789000314E120041
:105010004B64E0FE90006763E0FDEE5D600A900087
:105020006762E0FD1201AC5C90006763E025E0F090
:1050300090006762E004F0809E90006761E004F0F9
:10504000C3940C5026E0FF12004E2812004B64E07F
:1050500030E7E6900042E712004EF5EF12004C698F
:10506000A3F0A3F0FB7F0312010BA622900066C9F8
:10507000EDF0A3EB120051CB5F606F120051ED1207
:1050800001AF89EF7072120051ED12004E06FE90D2
:105090000066CAE0FD90002F9012004E49E05E705D
:1050A0005775F016ED12004FF9C083C082E0FE7410
:1050B000B42F12004E08FCEE4C759300D082D083C2
:1050C000F0EFC4333354C0FFED4FFF90006822E08F
:1050D000FD900066CBE0FB9000640CEF12004C6981
:1050E000A3F0A3F07F0302010BA690005528E0FF78
:1050F000900066C9E06F608E120051EDA3E075F07C
:105100001690002F831200516012004B82E0FD7553
:10511000F016EE90002F871200516112004B82EDC5
:10512000F02290006522EFF0A3EDF0FCE0FD75F0B9
:105130001190002DB9120115FF7408F09000652739
:10514000E0FEA3E0FF12011687120013F2EEF0A3B7
:10515000EFF0EC12011623120115FFF0EBC0E0EAAC
:10516000C0E0E9C0E090006522E0FF7E007C017DA8
:105170007812001201742C2FF974323EFAC8E9C873
:10518000CCEACCCD7401CDD0E0F9D0E0FAD0E0FB90
:105190007E007F081200113D90006522E0FE75F050
:1051A000789000322B120013F2EE120115B7740141
:1051B000F090005DBCE0FD90006523E0FB90006492
:1051C0000CEEF0A3E4F0A304F0A3E4F0A304F0E4F5
:1051D000FF12010BA67F012290006832EFF09000D1
:1051E000085A120068A5C083C08290006832E0753A
:1051F0009300D082D08375F008120066672B1200EE
:1052000065F0E4F09000087A120068A5C083C082BF
:1052100090006832E0FF759300D082D08375F0086B
:10522000120066672B120065F0E4F075F0EAED906D
:1052300000089A12006667120067DFC083C082759B
:105240009300E0FFC8EBC87401088002C333D8FCA8
:105250004F759300D082D083F0CFEDCFEFC454F0E0
:10526000CEEBCE4EFF90000FA9E0FD90006832E03B
:10527000FB9000640CEFF0A37401F0A374F4F0A3AE
:105280007401F0A374F4F0E4FF02010BA690006730
:10529000C8EFF0A3EDF0900067C8E0FF75F0EAED0D
:1052A000120065E5E06402600E900067C9E012003C
:1052B00065E2E064047076900067C8E0FDA3E0FF5B
:1052C000120066CB120066672D120065F0E07006D2
:1052D0007B010200CBCD120065D9E0B4040B75F060
:1052E000EAEE120065E57407F0900067C9E09000EF
:1052F000322B12006604E0FF64096044EF604190C5
:105300000067C9E0FF75F0789000321F1200660850
:10531000E0FE90005DBCE0FDCBEECB9000640C1293
:10532000006730A3F0A3F07F0402010BA612006512
:10533000D9E0B4060B75F0EAEE120065E5740AF0E8
:1053400022900066D4EFF0A3EDF0900066D4120036
:10535000514912004B64E0FE900066D6F075F0787B
:10536000EF9000321C12004B64E0C4540F900066B2
:10537000D7F012004CC6EE12004B69120013FE90DB
:105380000066D7E012005001E4120011ED900066B3
:10539000D4E0FF12004E2812004B64E0547FFF124D
:1053A00001ACE6900066D4E0FF1201B036900066D2
:1053B000D5E06040A3E0700BA3E0FF7D967C000287
:1053C00001881F900066D7E0C454F04404FF9000A9
:1053D00066D6E0FE12005141120013F2EE12004BAD
:1053E00069740C12004EF0EEF012004C64FB7F0367
:1053F00012010BA6229000680CEF1200958F54301A
:1054000070032154A89000680CE0FF24B4120093AC
:1054100072FE90005FC9E05E707574812FF582E4C2
:10542000345212009377FF90005FA7E0FEEF6E60AA
:105430005EE49000680DF09000680DE0FFC39403F7
:10544000504D74B42F12009372FE90005FA7E05E7F
:1054500060191200952E120093775E7029900068F3
:105460000DE024B412009372FD80179000680DE0E7
:1054700024B412009372FD1200952E120093775DF2
:105480006004120188D19000680DE004F080A890BB
:10549000005FC9E0FF9000680CE024B41200937232
:1054A000FEEF4E90005FC9F02290006085E0FF752E
:1054B000F003A42486F582E43460F58375930074C8
:1054C0000BF0EF75F003A42488F582E43460F583D3
:1054D000759300227B017A64796E90006675F022E4
:1054E000F07B017A64796D900066757401F022E4B6
:1054F00075F0010200126990005007E0FEA3E0245D
:1055000070F58274513EF583759300E0F5E5E4F59E
:10551000E42290006085E075F003A42487F582E41E
:105520003460F58375930022D390005006E0940018
:1055300090005005E0940022EFF090006085E004B8
:10554000F022CFEECFEF24FF92EA7E007F012212FD
:1055500000141EA2EAE433FEC2EA2290006782EF42
:10556000F0A3EDF090006782E0FF75F0EAED120124
:105570001B4D542090006784F075F078ED12011CEB
:105580004B12011B8BE0FF5420FE90006784E06EFD
:10559000602912011C5512011B6B759300EF54DF3B
:1055A00012011B66C083C08212011C3AD082D083D4
:1055B000F090006783E0FF0201AC2490006782E076
:1055C000FFA3E0FE12011B4A541090006784F01202
:1055D000011B67759300E0FF5410FE90006784E0A4
:1055E0006E602712011C5512011B6B759300EF12A0
:1055F000011B64C083C08212011C3AD082D083F0A8
:1056000090006783E0FF1201AC0822900065F91258
:105610000163EDE4900053DBF0A3F01200DC4CEFEB
:10562000F4FFEEF4900053DBF0A3EFF012019BB710
:10563000EF4E604C900065F9E0FEA3E0FF54076078
:1056400010EF54F82408FFE43E900065F9F0A3EF52
:10565000F0120163827EF0120156817EF47D017C9E
:105660000012017DF4120163827EF8120156817EE0
:10567000FC7D017C0012017DF49000681D740FF028
:10568000227F007D017C0012017DF4900065FB12F9
:105690000013FECFE9CFCEEACE7C00E4FD9000639C
:1056A00079120013E6900065F9E0FFA3E090006333
:1056B0007DCFF0A3EFF07F00229000678EEFF09097
:1056C000006790F0E49000678FF012009515C39486
:1056D0000440032157669000678EE07071120094B9
:1056E0007030E0419000550BE030E4229000678F6D
:1056F000E024B412009372FF90005FA6E05F6006A2
:10570000900067908015E490006790F08010120080
:1057100094489000678FE06F6004A37401F012005A
:105720009515A380319000550BE030E408120095E8
:10573000157D01802390005528E0FE120095156E1E
:1057400060047D01800612009515E4FD800A1200B8
:1057500095159000678EE0FD1201A9CC9000678F2F
:10576000E004F02156CA22900064D712014F8360F2
:105770002D14604A1460672403600321580A8DA623
:1057800012014F98900064DA12014F25507C90006E
:1057900064D712014F02E5A712014F4380E68DAE98
:1057A00012014F98900064DA12014F25505C90006E
:1057B00064D712014F02E5AF12014F4380E68DB668
:1057C00012014F98900064DA12014F25503C90006E
:1057D00064D712014F02E5B712014F4380E6CFEDC7
:1057E000CF8FBE12014F98900064DAE0FFA3E0FD76
:1057F000C39F5016900064D7120013FEE92DF9E400
:105800003AFAE5BF12014F4380DDCFEECFEF24FF20
:1058100092E922C0E0C0F0C093C083C082C0D0E84B
:10582000C0E0EEC0E0309842900049CCE0FEA3E03A
:1058300024D6F58274493EF583759300E599F0907E
:105840000049CC12018020E4900049CCF0A3E05440
:105850000F1201804F1201803E740A1201804F0422
:10586000F0C394204002E4F0C29830993D90004982
:10587000D412018020900049D4E05401F0900049F6
:10588000D274FFF5F012001269D3900049D3E0946E
:1058900000900049D2E09400400812018028F59958
:1058A0008006900049C9E4F0C299D0E0FED0E0F84B
:1058B000D0D0D082D083D093D0F0D0E032900042CC
:1058C000EFE0540FFF90006698F0900042EAE0FE8F
:1058D00054F0C4540FFD90006699F0EE540FFEA3EF
:1058E000F0FB120176EB9000669BEFF06077900082
:1058F0006698E0FDA3E0FF75F0EA9000089A1200B8
:10590000972A2DF582E43583F583C083C082759391
:1059100000E0FE9000669AE0FCC8ECC874010880C4
:1059200002C333D8FCF45E759300D082D083F07448
:10593000B42CF582E4345D12009719FBE490006604
:1059400010F0120180B91201B0A190005528E0FFBB
:1059500090006698E06F700DA3E0FFA3E0FDA3E068
:10596000FB12019F222290006812120094F1120192
:10597000A6F9EFF47003215A0E90006812E01200AD
:105980009485F583C083C082759300E0FE74B42FC4
:1059900012009372F4FFEE5F759300D082D083F013
:1059A0007F0290006812120094231200964D12009C
:1059B0009377FD90006813E0FCED6C700FEE120021
:1059C00094251200964D120095DC80050FEFB40867
:1059D000D11201B101EF603690006812E0702FC85B
:1059E00074C0C8CC745FCCCD7401CD12009646FE55
:1059F0007F031200113DC87486C8CC745FCCCD748F
:105A000001CD120093C57E007F181200113D229037
:105A10000067BCEFF0A3EDF06030900067BCE014CD
:105A2000601214601714601C2403701E75A7407563
:105A3000A698801675AF4075AE98800E75B7407504
:105A4000B698800675BF4075BE98900067BC12007E
:105A500097CF1200968E30E0301201B10E120099ED
:105A6000941200FF5A120099947B08E4FD1200DEA4
:105A700009900067BCE0FDE4FF120123EB120099DE
:105A8000947B01E4FD1201B194900067BDE06025B4
:105A900090000858E0FD900067BCE09000640CF0B6
:105AA000A3E4F0A374C8F0A3E4F0A37464F0E4FBEF
:105AB000FF12010BA62290006622EDF090006621F5
:105AC000EFF012004B5DE0706590006621E0FF751D
:105AD000F0789000325112004B64E0FDA3E090009A
:105AE0006624CDF0A3EDF012004FE412016F4C904C
:105AF000006621E0FF12004FE4EBC0E0EAC0E0E9FD
:105B0000C0E0E0FFA3E0FD90006624E0FBA3E0908E
:105B1000006527CBF0A3EBF0D0E0F9D0E0FAD0E0BD
:105B2000FB12015122900066237404F080281200B9
:105B30004B57E0FF640D6004EFB40C0D12004B579F
:105B4000E4F090006623F0800D12004B57E4F090D3
:105B50000066237402F090006623E0FF2290006646
:105B6000BCEFF0A3EDF075F0789000310712001350
:105B7000F2ED1200E4FAE020E703215C00900066F9
:105B8000BCE0FEA3E0FF75F0EA900008CC12001321
:105B9000F2E5822E1200E56130E0657B017A6679DC
:105BA000BF900065111200141E7B017A6619120164
:105BB000AA54900066BCE0A31200E55154FEF09098
:105BC0000066BE1200E4E1EF75F0231200E4D59008
:105BD0000066BF1200E4D1E92402F9E41200E512E4
:105BE0004404120011ED900066BEE0FF900066BC18
:105BF000E0FBCDEBCD900065877401F012013F937F
:105C000022E4FFFE7D807C4390005634120013E6B0
:105C1000E4FFFEFD7C4490005638120013E690002D
:105C20005634120013CE12000C1A900057C4EEF036
:105C3000A3EFF090005638120013CE12000C1A9009
:105C40000057C6EEF0A3EFF07B017A55793CE4FFF4
:105C50001201B0567A55796C7F0112015C9C7A551D
:105C600079CC7F031201B0567A55799C7F021201DC
:105C70005C9C7A5579FC7F041201B0567F011201B9
:105C8000AD1CE4FD7F051201AE7BE4FF1201B13EC5
:105C90007F01120000477F010200004F7B011201CB
:105CA000B0567B0122900063DD1200141E90006349
:105CB000E0EDF0FFA3E0FDA3E0FBE4900064EDF075
:105CC00012017F28900063E4E4F0A3EFF07B017AF7
:105CD0006379E6900063E0120149B5900063E2E069
:105CE000900064E8F0E4A3F0120134C5900063E38F
:105CF000E06017D3900063E5E09408900063E4E06F
:105D000094004006E4F0A37408F0E4FFFED3900092
:105D100063E5E09F900063E4E09E4021900063E62D
:105D200012014994120011BBFD900063DD1201497C
:105D300094ED120011ED0FBF00010E80D0900063B2
:105D4000E4E0FEA3E0FF22900067CAEFF0A3EDF0CD
:105D5000900067CAE0FF75F0EAED120065E5E064C7
:105D600002600E900067CBE0120065E2E064047010
:105D7000111200683FFD7480120067CC12017A890D
:105D80008042900067CA120065DDE06403600C7514
:105D9000F0EAEE120065E5E0B40512900067CBE092
:105DA000FF900067CAE0FD7B010200825A12006882
:105DB0003FFD120065E2E0B407167420120066FB96
:105DC000120170C41200683F120065E2740AF022EA
:105DD0001200683FFD120065E2E0640A60081200EC
:105DE00069AB120170C4229000651BEFF0A3EDF0C7
:105DF00090002DB9120115FC7408F01201168712DB
:105E00000115FF12011621120115FFF0ED12011507
:105E1000F87440F0CEEBCE75F078EF9000322C1293
:105E20000115B2EE12011648120115B27403F0907A
:105E300000651E12015E7D9000651BE0FD90003242
:105E40002E1201160CED120115B7EEF0A3EFF09033
:105E500000652012015E7D9000651B1201166090A6
:105E6000003230120115B2ECF0A3ED120115A9E4D5
:105E7000F0A3F09000651CE0FD0201A135E0FEA357
:105E8000E0FF1201AFB22290006848EFF0120093D9
:105E9000D512009377FEA3E0FF64957003EE640BC8
:105EA0006033EFF47002EEF4602B90006848E090ED
:105EB0000055101200955F120093D51200960090C5
:105EC000006848E0900055121200955F1200950995
:105ED000120096002290006848E0240D12015F191C
:105EE000E0FD120093D51200960BED241C12015F09
:105EF0001912009352120093CC120093771200945F
:105F00000D1200950812009377FEA3E09000551241
:105F1000120094141201B01322FF1201AB161200EA
:105F200000809000684822E49000671CF004120191
:105F30007FF9FF1201A323741A12017FF27F071267
:105F400001A3237D207C00748012017FF27F031265
:105F500001A323CFEDCFEF9000671DF0CEECCEEE86
:105F6000A3F07B017A67791D900065F804F0E4FFE7
:105F70001201A3237B017A67791E740112015FBBB2
:105F80009000671C740312017FF67F031201A323A4
:105F9000E49000671CF07B017A67791C0412015FB2
:105FA000BB12017FF77F101201A3239000671C74BE
:105FB0001712017FF67F020201A323900065F8F01B
:105FC0000F1201A32322900063FF120013E690003A
:105FD00064031200141E900063FF120013CEEF54EE
:105FE00007FFE4FEFDFCEF6003E4FF22E47B08FA18
:105FF000F9F8900063FF120013CE1200130890000E
:106000006406EEF0A3EFF07B017A64790612002FAC
:10601000E81201A031900064087403F07B017A64F7
:10602000790812002FF21201A0311201A651EF4E91
:106030007003FEFF2212002FE1E4FFFE90006403D4
:10604000120013FEE92FF9EA3EFAE5D4120011ED31
:106050000FBF00010EEF64084E70E1A22992AF7EDF
:10606000007F0122900067ECEFF0A37402F0900033
:1060700067EDE0FFC39408400321610112004E2741
:1060800012004B64E030E76F900067EDE0120050C3
:106090005F12004B64E030E05E1201AED8EF605753
:1060A000900067ED1200505D12004B64E020E7475E
:1060B00075F078EF9000325912004B64E0FF9000C9
:1060C00067ECE0FEEF6E602FA3E0FF75F0789000C4
:1060D000325912004B64EE12004E5012004B6474A1
:1060E0000112004EF0EFF0A3E4F0A30412004C699B
:1060F000FB7F0312010BA6900067EDE004F0216026
:106100006E22900064C01200141E900064C3ECF074
:10611000A3EDF07B827AB8797E120016D7900064E6
:10612000C3E07002A3E06074900064C374FFF5F0F4
:1061300012001269E4900064C5F0A3F0900064C3FB
:10614000E0FEA3E0FFA3E0FCA3E0FDC39FEC9E50B4
:1061500029900064C0120013FEE92DF9EA3C1201F7
:10616000AF697B827AB87980120016D7900064C537
:10617000E475F0011200126980C2900064C0120040
:1061800013FE900064C5E0FEA3E029F9EA3E120187
:10619000AF697B827AB87987120016D722900067A0
:1061A00058EFF0A3EDF004FB1200DE099000552833
:1061B000E0FF90006758E06F707A9000675AF01225
:1061C00000E637900031511200E4F5E0FE900067E0
:1061D0005AE0C39E505EE0FEC8EEC874010880021B
:1061E000C333D8FCFD75F078EF90003152120013E4
:1061F000F2EF2583F583E5822EF582E43583F5837E
:10620000759300E0640370231200E637900031506C
:106210001200E4F5E05D60139000675AE0FD900025
:1062200066337401F0E4FB120166CB9000675AE01C
:1062300004F0808B22CCEFCC900060FCE01460195D
:1062400014603014603B14604624047078EC64558C
:106250007079900060FC04F022ECB4AA0890006011
:10626000FC7402F022ECB45508900060FC7401F05C
:10627000228052900060FDECF0900060FC7403F00E
:1062800022900060FEECF0900060FC7404F022901C
:106290000060FDE09000681AF0900060FEE0900061
:1062A000681BF07B017A68791A7D0212019337CE60
:1062B000ECCEEF6E700D900060FDE0FFA3E0FD12EC
:1062C00001AA328000E4900060FCF022900064D0CB
:1062D00012014F83602814604314605E24037079B8
:1062E00012014F9112014F21501012014EFE120067
:1062F00011BBF5A712014F7B80EA8DA6805B1201CE
:106300004F9112014F21501012014EFE120011BB8D
:10631000F5AF12014F7B80EA8DAE803D12014F91A7
:1063200012014F21501012014EFE120011BBF5B7A1
:1063300012014F7B80EA8DB6801F12014F9112012E
:106340004F21501012014EFE120011BBF5BF120179
:106350004F7B80EACFEDCF8FBECFEECFEF24FF9201
:10636000E922F8120012BF90006322120013E69097
:10637000006322120013CEE4FDFC900063220200B1
:1063800013E6900065FB120013FECFE9CFCEEACEF4
:106390007C00E4FD90006379120013E6900065F93B
:1063A000E0FFA3E09000637DCFF0A3EFF022900028
:1063B0006322120013CE7810020013A8900063220B
:1063C000120013DAE82290006330020013FE9000FE
:1063D000655D020013FE90006322120013CEE4FDFF
:1063E000FC227B017A5379DB7F487E0122EEF0A309
:1063F000EFF0A30200141E9000666212010175F016
:1064000075F011EF90002DB5120101A57440F090C8
:1064100000666212010242120101681201020812B2
:10642000010168740AF0CFEBCFEFFE90006665E0E3
:10643000FDEDFF1201AFB290006662120101D6EDD0
:106440001201016DEEF0A3EFF090006666E0FF7EB2
:10645000001201AFB2CCEECCCDEFCD90006662E081
:10646000FF75F0789000323012010168ECF0A3ED76
:10647000F075F078EF9000323212010168E4F0A379
:10648000F090006663E0FD0201A135900066B0EF78
:10649000F0A31200141E900066B1120013FEE9244E
:1064A00002F9E43AFA1200127FFFAEF01201AFB225
:1064B000900066B0E0FD900031161200687DED128C
:1064C00000660DEEF0A3EFF0900066B1120013FE2F
:1064D000900031181200687CED1200660D12001455
:1064E0001E12006703ED1200660DE0FEA3E0FF90B0
:1064F00000320D1200687CED1200660DEEF0A3EF85
:10650000F012006703ED1200660DE0FCA3E0FD90C1
:106510000066B0E0FFA3120013FE020028D4900032
:1065200049D0E0FEA3E0FF900060E8E06E7003A3B6
:10653000E06F6079900049C5E0FEA3E024E6F582B3
:1065400074493EF583759300E09000684DF0C227D2
:1065500012018710900060E6E0FCA3E0FDC39410F8
:10656000EC940050239000684DE0FF74EC2DF58210
:1065700074603CF583759300EFF012016235900072
:1065800060E61201AD7480061201AD7CD226900047
:1065900049C51201AD74900049C5E4F0900060E86F
:1065A0001201AD75900060E8E4F021651E229000B4
:1065B00066F4EFF07E01120101B312010168E07090
:1065C00040CFEBCFEFB410087B017A6279A8800648
:1065D0007B017A62798B900066F51200141E9000A0
:1065E00066F412010289742012010262740FF090A5
:1065F0000066F5120102147B0212014D8E7E0480AA
:1066000038900066F4120101B112010168E0FF64E4
:106610000D6004EFB40C10900066F41201029112A8
:10662000010168E054FBF07B007A0079009000667D
:10663000F41201015F1200141ECFEECF229000670A
:10664000E01200696BFC24FE6007146011240270E4
:1066500068120068E2A3E0FDC3EC94018051900051
:1066600059CCE0D394035017120068E2120187C599
:10667000CEEFCE120068E2A3E0FDEE2402803012DD
:106680000068E2C394025019900059CCE0FC9403D6
:1066900040047E028031900067E1E0FDEC2402803E
:1066A0000E120068E2A3E0FD900059CCE02402FB4A
:1066B0001200A51DCEEFCE800E900067E0E0C394DF
:1066C000027E0350027E02CFEECF22C8EDC87401D5
:1066D000088002C333D8FC90006634F0EB75F07884
:1066E0006023EF9000315012004E1CC083C0821214
:1066F0000051C0FCEE4C759300D082D083F0EDC405
:1067000054F0FB8027EF9000315012004E1CC083E4
:10671000C082120051C0F4FCEE5C759300D082D0B0
:1067200083F0CEEDCEEEC454F04401FBEFC39402EF
:10673000402690006633E06401701D12004E511235
:10674000004B64740912004EF0EFF0CFEB12004CD6
:1067500063FB7F0312010BA622C0E0C0F0C093C010
:1067600083C082C0D0E8C0E0ECC0E0EDC0E0EEC085
:10677000E0EFC0E030C04E12018005900049D0E447
:106780001201804FFF1201803E740BF0C39000494C
:10679000D1E09401FD7C0074E62DF582EC344912C1
:1067A000018037FEEF75F003A42488F582E434609D
:1067B000F583759300EE1201804F04F0C3942040DE
:1067C00002E4F0C2C030C102C2C1D0E0FFD0E0FE9E
:1067D000D0E0FDD0E0FCD0E0F8D0D0D082D083D0A3
:1067E00093D0F0D0E03274FC1200988E7D991201A3
:1067F000685FFF120168377F02120168377D997F59
:1068000003120162CC74821200988E7D9812016886
:106810005FFF1201684B7F021201684B7D987F0376
:10682000120162CCD2E97B827A5879BD1201A5FBB4
:1068300090000FA9EFF0227D99120162CC7B017AC2
:1068400068792B900064D37401F0227D9812016264
:10685000CC7B017A68792B900064D37401F022E438
:10686000FF120162CC7B017A68792B900064D374AB
:1068700001F022900067B0EFF0A3EDF0BDFE39907B
:106880000067B0E075F008A4FFAEF0247EF9745FF5
:106890003EFA7B01EBC0E0EAC0E0E9C0E074E62F1D
:1068A000F9744C3EFA1200D4F8D0E0F9D0E0FAD0F6
:1068B000E0FB1200D4C68044900067B01201A81417
:1068C000EFF4703A900067B0E0FFE4FD1201A81900
:1068D000EFB4FF0E900067B0E0FF7D0212019CABA9
:1068E0007F07900067B1E0FE900067B0E01200D330
:1068F000C2F583E5822F1200D477EEF0D22C2290DD
:1069000000675CEBF09000675BEFF012004B5DE01E
:1069100070259000675BE0FF75F0789000314D12B4
:10692000004B64E0FBCEEDCECDCD12019ABD9000C0
:10693000675D7404F0804C9000675B12004B5BE075
:10694000FF640D6004EFB40C249000675CE09000DD
:10695000675B12004C70EE12004B6912004B8DEE1B
:1069600012004B69E4F09000675DF08016900067BC
:106970005B12004DC912004B64741BF09000675D00
:106980007401F09000675DE0FF2212005025900036
:10699000675E120051769000676012004E2612006A
:1069A0004B64E030E76E9000675EE0FF12017760B5
:1069B000EF600280159000675EE0FF7B017A6779E7
:1069C0005F12016B29EF640160040201B0AF900017
:1069D000675E1200513F12004B64E0FE12004FB29E
:1069E00012004B64EEF09000675E12004F8F1200B1
:1069F0004B64740CF090002F7212004EF5EFF09083
:106A0000006760E0FF9000640D12004C65FB7F049E
:106A100012010BA622900067A01200141E12011E84
:106A2000CFE9240112011EA8FE12011E9D7C0090D8
:106A3000005FFD12011EC6E9240312011EA8FE120A
:106A4000011ECFE9240412011EA89000600012016B
:106A50001EC612011F90240512011EA890004D476A
:106A6000F012011E9D90004D4812011ECEE9240136
:106A700012011EA890004D4912011ECEE9240412F5
:106A8000011EA890004D4A12011ECEE924031201F6
:106A90001EA890004D4B12011F887D800201B0F4AA
:106AA000E47844F608F675A74075A69875AF40756A
:106AB000AE9875B74075B69875BF4075BE987B01A6
:106AC0007A1379AE120097428FA7120097541200E2
:106AD00097F08FA7E4F5A775A6887A14792E12008F
:106AE00097428FAF12009754120097F08FAFE4F5E2
:106AF000AF75AE887A1479AE120097428FB7120044
:106B00009754120097F08FB7E4F5B775B6887A15E9
:106B1000792E120097428FBF12009754120097F0FF
:106B20008FBFE4F5BF75BE88229000661C1200512D
:106B3000A61201AF4990006620EFF070037F062295
:106B400090006620E014F07E007F11EEC0E0EFC000
:106B5000E07D00E075F011A424AFF9742D35F0FA52
:106B60007B01D0E0FFD0E0FE1200161C90006620F2
:106B7000E0FD75F011120051257480F09000661C44
:106B8000E0FF12018D1690006620E0FF9000661C69
:106B9000E09000321F12004BB8EE12004B69EFF08C
:106BA0009000661D120013FEEF120011ED7F01220E
:106BB0009000641D1200141E90006420EDF07B0113
:106BC0007A647924A3120149B590006423E090000F
:106BD00064E8F0A37401F0120134C5E47848F608C3
:106BE000F690006420E0FF7848E6FC08E6FDC39FCD
:106BF0007480F86C9850249000641D1201499F1213
:106C00000011BBFF900064241201499FEF12001194
:106C1000ED784906E61870C90680C690006420E049
:106C2000FFA3E0FDA3E0FBA3E090006483F0A37466
:106C300001F002017EC390006626EFF012004B5D6A
:106C4000E07024900066261200518ACEEBCE9000B0
:106C5000651EE4F0EB12004C68FB12015DE790004A
:106C6000662A7404F0804D9000662612004B5BE0AB
:106C7000FF640D6004EFB40C2590006629E0FF90DE
:106C800000662612004C71EE12004B6912004B8D0B
:106C9000EE12004B69E4F09000662AF08016900036
:106CA000662612004DC912004B64741BF0900066FA
:106CB0002A7401F09000662AE0FF22900067D0EF6E
:106CC000F0A3EDF0900059CCE0D3947F40109000F9
:106CD00067D0E0FFA3E0FD1201A6A57F022290008D
:106CE00059CCE0FF900067D1E0FE900067D0E0FD56
:106CF00075F0EA900008C8120066672E120065F071
:106D0000EFF075F0EAED90000900120066672E12B0
:106D10000065F0E04401120069A3900067D1E0FE35
:106D20006F7019900067D0E075F0EA900008BF120C
:106D30000066672E120065F0E054FEF07F0022909E
:106D4000006830EFF0E0FF9000092612006672FA4A
:106D5000A3E0FB120066211200674AEAF0A3EBF001
:106D600090006830E0FF1200663A1200674AE4F0D3
:106D7000A3F0900059CA120067418002C333D8FCC7
:106D8000FE900059CBF01200665F2D120065F0E016
:106D90005E60081200692EE4F080071200692E740C
:106DA00001F074D02DF9E43459FA7B019000683079
:106DB000E01200662DCFEDCF12006993120066E558
:106DC0007F0022EF605B900053D4E0FEA3E0FFEE73
:106DD00020E2724404900053D4F0A3EFF0E490005A
:106DE0005524F0A3F090005528E0900053D0F09087
:106DF0000053D9E0FDE49000640CF0A304F0A37408
:106E0000F4F0A37401F0A374F4F0E4FBFF12010B9F
:106E1000A690005526EFF07B817A1C79410201A8EB
:106E2000F5900053D4E030E21C900053D454FBF0B2
:106E300090005526E075F009900042F5120013F21B
:106E4000E4F0A304F0229000668C1200141E90005F
:106E5000668FEDF09000668C120013FE9000668F36
:106E6000E075F005A429F9EA35F0FA120011BBFF2C
:106E7000B4FF03C21522EF64F0601712019A3F2499
:106E80000112019A74CDEFCDE4FF1201AF33E4FF9C
:106E900080027F011201A8D012019A3F240312013F
:106EA0009A74AEF09000640FEEF0A3EFF0900064DF
:106EB0000DEEF0A3EFF0900063C5E0FDE4900064F8
:106EC0000CF0FBFF12010BA622900067F6EFF0A377
:106ED000EDF01200514B120013F2ED12004B69E07D
:106EE000705F1200520C1201B036900067F6E0FF9E
:106EF000A3E0FE75F0EA900008A212004C23E0C364
:106F00009407504775F0EAEE900008A212004C2357
:106F1000E0C3940190006251F0E0FF7D0A7C001212
:106F200001881F9000623E7401F0D23E1200520CA4
:106F300012004E2812004B647480F07D0102018122
:106F40001C1200520C7D0112015341229000674037
:106F50001200141EE9240212014952FF12014917BE
:106F6000240312014952FE12014917240212014959
:106F70000E2403F9E43AFAEF120149132404120132
:106F80004952FF12014917240512014952FE12010C
:106F9000491724041201490E2405F9E43AFAEF12C4
:106FA000014913240612014952FF1201491724070F
:106FB00012014952FE1201491724061201490E24FA
:106FC00007F9E43AFAEF020011ED9000672EEFF0B6
:106FD000A3EDF0A3EBF01201A67BEF7069900067C0
:106FE0002EE0FFA3E0FDA3E0FB1201A83A900067AA
:106FF0002EE0FA1200D4571200D377FE90004E7E96
:10700000E0FD5E70419000672EE0FC1200D3B412E8
:1070100000D377FB747A2CF582E4344E1200D377D8
:107020006B6023ED4E90004E7EF090004D45E0FDEC
:107030009000640CEAF0E4A3F0A3F0A3F0A3F0FB4B
:107040007F0312010BA622900067BAEFF0E4A3F0D1
:10705000900067BAE0FE120098861200971960034C
:107060007F012275F0EAED900008CC1200972A2EDD
:107070001200968930E025900067BAE0FF75F0EACB
:10708000ED900008CC1200968230E510900067BBAE
:107090007401F0CEEDCECDCD12015B5D900067BAEC
:1070A000120097CF1200968E30E0121200977B12DA
:1070B00000968E30E10712019B3B7F022290006711
:1070C000BBE0FF22900066A412014FAB7847F6EBBD
:1070D0006028E0900066A512014F5912014F1AFD79
:1070E000900066A4E0FF900064DA12014F4F120195
:1070F000576718E630E303087640900066A6E0780C
:1071000047467946F7A3E0FF30E60518E654BFF698
:10711000EF30E3067846E64408F6900066A7E030D4
:10712000E5067846E64420F6900066A412014F9FDB
:1071300012014F1AFD900064D312014F4F020162F9
:10714000CC9000670C1200141EE9240112011EA845
:1071500014601D24F560192405706212011F085483
:1071600001FF9000670FF012011EA5FD02018EF9CC
:1071700012011F08540124609000670FF0E92401F8
:1071800012011EA890004D46B401057401F0800361
:107190007404F09000670C12011EA190004D48F09D
:1071A0009000670C120013FEE9240312011EA89040
:1071B000004D4712011F88E4FD1201B0F422C2AC59
:1071C000C28EE4900049C7F0A3F0900049D4F0A328
:1071D000F0900049D2F0A3F0900049C9F090004926
:1071E000C3F0A3F0900049CCF0A3F0900049CAF09E
:1071F000A3F07E02FFFD7B017A4A79E61200161C9D
:107200007E007F107D007B017A4979D61200161C22
:10721000758780C29FD29ED29C758920E58F54804D
:107220002480600424807008438E10758DF38003E1
:10723000758DE6D2ACD28EC299229000645EEEF0DB
:10724000A3EFF0A3ECF0A3EDF0A3EAF0A3EBF07E44
:10725000647F654A601690006460E0FCA3E0FD90E6
:1072600000645EE06C7003A3E06D7004E4FEFF2236
:10727000A2AFE433FDC9EDC9C2AF90006460120152
:107280009208E4F5DB75DA029000645E1201920860
:10729000E4F5DB75DA06900064621201920875DA93
:1072A0000A75DB01E4F5DA1201A9EECEE9CEEE248F
:1072B000FF92AF7E002290006797EFF0E4900067A6
:1072C00099F090006798F01201731CE0120093D5BA
:1072D0001200960B1201731C12009352120093CCF1
:1072E000120093771200940D120095081200937704
:1072F000FEA3E0FF75F004ED900055121200941902
:1073000090006798E004F0E0C3940440BA1201745E
:107310009A1201B013E490006797F02290006799E9
:10732000E004F0E0FF1201AB16120000809000674D
:107330009822782AE624B0F582E4344712012F1A05
:1073400090006821F0E012012E9AE0FF5460703E38
:10735000900047F07404F09000682112012EE212B0
:10736000012F5B9000682112012EA5E0900042ECF5
:10737000F09000682112012EC4E0900042EEF090DF
:1073800000682112012F6275F00912012EF690009B
:107390006821E0FF1201A168782A06E6C394404004
:1073A00002E4F67828E660011622900066A8120032
:1073B000141EE4900066ABF0900066ABE0FFC3944F
:1073C00008505C75F0EAEF120149BF20E7489000D1
:1073D00066A8120013FEEF120011ED7E007FEAEEA8
:1073E000C0E0EFC0E07D00900066ABE075F0EAA47D
:1073F0002459F9740835F0FA7B01D0E0FFD0E0FEA3
:107400001200161C900066ABE075F0EA120149BF4D
:107410004480F07F0022900066ABE004F080997F0A
:107420000122900066E4120115BF7440F0900066DE
:10743000E412011697120115B274011201164812D6
:107440000115B2740B120116901201AFB2900066D2
:10745000E4E0FD75F0789000322E120013F2ED1288
:107460000115B7EEF0A3EFF0900066E7E0FF7E00B5
:107470001201AFB2900066E4120116609000323043
:10748000120115B2ECF0A3ED120115A9E4F0A3F07E
:10749000900066E5E0FD0201A1359000550BE0305B
:1074A000E454E490006845F090006845E0FFC39420
:1074B00004505E1200947030E03390006845E0FBA9
:1074C0002401FFE433FE7C007D6412001201900071
:1074D000640DEEF0A3EFF090005FA812009631EB80
:1074E000F09000640F1200949312010BA6900068B4
:1074F00045E004F080B290005FA8E0FD90005528C0
:10750000E012009599E4F074C81200949012010BF7
:10751000A62290006478EFF0CEEBCE12010862E96B
:107520002402F9E43AFA9000647D1200141E7F01EF
:107530009000647CE0FCEFC39C5013A3120013FE88
:10754000E92FF9E43AFAE4120011ED0F80E290001D
:10755000647BE0FF9000647D120013FEEF120011C7
:10756000ED9000647CE0FF90006478E01201086216
:10757000EF120011ED90006478E0FFCBEECB9000AD
:10758000657B7410F002017A89E4900067B4F01210
:1075900000127FFDCEEDCE900067B5F0EFC3941ED4
:1075A0004012EFD39427500CEFC394275027C3EF1A
:1075B000941E8016EFC394594018EFD39462501272
:1075C000EFC39462500FC3EF945904900067B4F076
:1075D00080037F0022900067B5E025E0FDE433FCE6
:1075E000E075F008A42DFFE5F03CFE900067B4E0E4
:1075F0007C002FFFEC3E8FF0120012A37F0122CB04
:10760000EDCBCAECCA90006770EFF01200E486126E
:1076100000E343E0F9FF7E00D3EB9FEA9E50012296
:10762000E9FD7C00CFEBCFCEEACE12001213CFEDF6
:10763000CFEF6028C3EB9FFFEA9400FE90006770D5
:10764000E0FD1200E486120013F2ED1200E348E0C0
:107650007C002FFFEC3E90006771800BCEEACECF0E
:10766000EBCF90006771EEF0A3EFF090006771E050
:10767000FEA3E0FF227FC07E00900067957402F0B9
:10768000A37440F0C3120093A45015120093391252
:1076900000939390006794F07B827AB5798B804059
:1076A000900067951200939E90005FFFE075F003D5
:1076B000501812009341E92402120093969000673B
:1076C00094F07B827AB5799D801612009341E9246B
:1076D000031200939690006794F07B827AB579AF9D
:1076E000120016D790006794E0FF229000673DEFEC
:1076F000F0A3EDF075F0EA9000085A120013F2C002
:1077000083C0829000673DE0759300D082D083757E
:10771000F0081200972A2B12009689FFCEEBCE902C
:1077200000673EE01200976FC083C0829000673D03
:10773000E0759300D082D08375F0081200972A2E4E
:1077400012009689FEEFD39E400774FF9F2E04809F
:1077500003C3EE9F9000673FF09000673FE0FF2279
:1077600075F078EF12004B60E06007640D60037FF6
:10777000012212004D8F12004B64E060037F022251
:1077800075F078EF9000323712004B64E060037FB1
:10779000032275F078EF9000323812004B64E060FD
:1077A000037F042212004FB212004B64E060037F9B
:1077B000052275F078EF9000323C12004B64E060D7
:1077C000037F06221200510A12004B64E07F00B4CE
:1077D0000A027F072290006777EDF0A3EBF090009C
:1077E0006776EFF075F078900032681200580E124C
:1077F0000059C6120057E5FF7E007D1E120184E18C
:1078000012005A8890006776E09000325F120058AC
:107810000A12005AEB9000325F1200580E12005804
:10782000FD602490006777E0C454F0FFA3E04FFFB1
:1078300090006776E09000325A12005A6FEE120004
:107840005813EFF07F01227F002275E405AFE59029
:1078500000527DEFF030E1028016EF30E20280103E
:10786000EF30E302800AEF30E4028004EF30E708F3
:1078700090004FC5120154EF90004FC5E07002A375
:10788000E0603B90004FC4E0F9440EF5E575E4027A
:1078900075E424AFE5CDEFCDCCE4CCAFE5E944060B
:1078A00054F7F5E575E402C390004FC6E094649088
:1078B000004FC5E094004006E4F5E575E40122CEF2
:1078C000EFCE75F0EAEE9000092112006675900087
:1078D00059C6F075F0EAEE90000920120066755462
:1078E0007F900059CEF0EE1200694D12006675903F
:1078F0000059CCF0EE1200666E900059CBF075F096
:10790000EAEE9000092512006675900059CAF0CF82
:10791000EECF75F0EAEF90000924120013F2CFEDDC
:10792000CF75930075F008EF120013F2E090005944
:10793000C9F022900067EBEBF0900067EAEFF012DD
:10794000004B5DE07015900067EA1200518A9000CC
:107950003106E0FB120192557F0422900067EA1283
:10796000004B5BE0640D702D90003106E04480FE1A
:1079700075F078EFA312004B64EEF0900067EB1205
:10798000004D8D12004B64EEF075F078EF12004B55
:1079900060E4F0FF22900067EA12004DC912004B2C
:1079A00064741BF07F012290006838EFF012004CE5
:1079B000B1EE12004B69E4F075F078EE9000323EC3
:1079C000120013F2EE12004B69E0FE1200510A128F
:1079D000004B64EEF0CEEDCE900008FC12004F5745
:1079E000E5822E12004C2AE4F012004DD712004B13
:1079F0006412004D591201AA9612004FA890006817
:107A00003812004C0F12004B6412004F1D900032D0
:107A10003C12004B64E4F0229000684CEFF0C394F9
:107A2000014006E0D3940340147B827ABE791B9018
:107A300000684CE09000625EF0020016D712011E52
:107A4000F4E0FF1201B1557B827ABE79281200164C
:107A5000D712011EF4EBC0E0EAC0E0E9C0E0C87450
:107A6000FCC8CC7455CCCD7401CDD0E0F9D0E0FA8F
:107A7000D0E012011F41E4FF1200004F7F0112000D
:107A800000477F041201AD1C229000657812014F5F
:107A9000AB9000657DF0EB60309000657AE090007F
:107AA000657912014F5912014F1AFD90006578E077
:107AB000FF900064DA12014F711201576790006560
:107AC0007CE030E304A37440F09000657AE0540752
:107AD000FFA3E04FFF9000657DE04F9000657CF0D4
:107AE0009000657812014F9F12014F1AFD900064BB
:107AF000D312014F71020162CC900066EC120101B9
:107B000075F0900066EC1201024212010168120148
:107B1000020812010168740BF0900066EFE090001B
:107B200066EC120101D5ED1201016DE4F0A3EFF056
:107B3000CFEB120101E3ED1201016DE4F0A3EFF0D0
:107B400075F078ED90003232120013F2ED1201015F
:107B50006DE4F0A3120101F012016F4C900066EC8D
:107B6000E0FFA3E0FD0201A135EF64407030D3EDEA
:107B70009410EC940050037F0022D3ED9440EC94D9
:107B80000050037F0122D3ED9480EC940050037FDA
:107B90000222D3ED94C0EC940050397F0322D3ED40
:107BA0009408EC940050037F0022D3ED9410EC94E1
:107BB0000050037F0122D3ED9420EC940050037F0A
:107BC0000222CEECCECFEDCFD3EF9440EE94005016
:107BD000037F03227F0022900067DA120068717031
:107BE00060900067DAE0FF12006622C083C08290D6
:107BF0000067DBE0FE759300D082D083120066A19F
:107C0000E4F0A304120066381200669DE4F0A3F0CD
:107C1000900067DAE075F0EAA424D4F9740835F02E
:107C2000FA7B01A3E0FF7C0029F9EC3AFA900067A7
:107C3000DAE01200662D12006993120066E57F00FB
:107C4000227F0222900066DC1200141EE49000667F
:107C5000DFF0900066DFE0FFC39410505112007710
:107C600057E020E740900066DC12007A5A7E007FE1
:107C700016EEC0E0EFC0E07D00900066DFE075F03A
:107C800016A4247BF9742F35F0FA7B01D0E0FFD0E5
:107C9000E0FE1200161C900066DFE01200775874B8
:107CA00080F07F0122900066DFE004F080A47F0076
:107CB000229000676BEDF0A3EBF09000676AEFF0A5
:107CC000BF01127B017A5C79DD12017D0F12007712
:107CD000E47F4880359000676AE0B402127B017A45
:107CE0005D79AB12017D0F1200780A7F6E801B7BDD
:107CF000017A5C79E19000676BE0FDA3E09000669B
:107D000048F01201993D120079A512019B7922A336
:107D1000E0FDA3E090006648F01201993D22C2AF59
:107D2000E47830F6F5D57580FF7590FF75A0FF7586
:107D3000B0FFE58F54807012E4900063EDF075920F
:107D4000021201B16075E35D8012900063ED7480F2
:107D5000F0759203E41201B16075E3BBF5E375E2DF
:107D600080900063ECE592F075910875911030DA1F
:107D70000B75EBAA75EB55C2DA438F02D2EC75D5C1
:107D8000FFE4900063EAF0D2AF2290006755EFF075
:107D9000A3EDF0900067551200E62D1200E4F5E027
:107DA00090006757F075F0EAEF1200E4E5E9248CE3
:107DB000F9E43AFA90006756E01200E5C3900067D4
:107DC00055E090006422F090006757E09000642333
:107DD000F07D0112016BB090006756E0FF900067E4
:107DE00055E0FD90006757E0FB9000657B7480F0E4
:107DF00002017A8990006375120013E6E4FFFEFD2C
:107E0000FC9000637F120013E6E490006383F0901F
:107E100000637DE07002A3E07003FEFF2290006328
:107E200079120192277F021201ABEB900063751269
:107E30000192277F061201ABEB7C637D7D7B027F85
:107E40000A1201ABEB900063837421F07C637D83A5
:107E50007B01E4FF1201ABEB1201A9EE2290006757
:107E600052EFF0A3EDF0900067521200E62D1200E1
:107E7000E4F5E090006754F075F0EAEF1200E4E5F5
:107E8000900067531200E5711200E5C3900067523D
:107E9000E090006422F090006754E090006423F0CA
:107EA0007D0112016BB090006753E0FF90006752B4
:107EB000E0FD90006754E0FB9000657B7410F002D9
:107EC000017A89CEEBCE1201492175F018EE12002D
:107ED00013F2C083C08290006483E0FD759300D0EC
:107EE00082D08312014947900064851200141EEE6F
:107EF0001201495A2D1201493CE030E704D2338087
:107F000002C23390006484E07007A3120013FE8065
:107F100011900064853033061201497C8004120000
:107F200013FEEF120011ED22CEEBCEE4FCEF1201B6
:107F3000492275F018ED1201492975F003EE12017E
:107F4000494A900064EE1200141ECFEECFCEEDCE63
:107F500075F0EAEE12014931E030E704D2348002D4
:107F6000C234900064EDE07007A3120013FE80118C
:107F7000900064EE3034061201497C800412001334
:107F8000FE120011BBFFCCEFCCCFECCF221201AE22
:107F9000639000550CE030E35890005FFBE07025E3
:107FA00090005F7A1200959604F0A374F4F0A37425
:107FB00001F0A374F4F0E4FBFF12010BA6EF0490B0
:107FC000005FFBF02290005FFBE0C39401FFE494AC
:107FD00000FE900042F575F009EF120013F2EE7505
:107FE000F009A42583F5837593007401F0A374F45C
:107FF000F0229000671CF074017B017A67791C9075
:108000000065F8F022900049D0E0FEA3E024E6F5F8
:108010008274493EF583759300E5C1F0900049D024
:10802000E475F00102001269900049D4E0FEA3E07B
:1080300024E6F582744A3EF583759300E02275F0DC
:1080400003A42486F582E43460F58375930022F05E
:1080500090006085E022900053DD7401F0A3744825
:10806000F0A3E4F0A37405F0A374FFF0A3742CF064
:10807000900053E57402F0900053E304F0E4A3F0A1
:108080009000550B7402F0E4A3F09000550BE0440F
:1080900080F01201A0999000550DE064037004A3D4
:1080A000E064E960139000550D7403F0A374E8F0E8
:1080B000120163E21201560B229000660FEBF09062
:1080C00000660DEFF0FEA3EDF0FFE490006611F006
:1080D000EE900064DA1200688D1201576790006616
:1080E00010E0600DA3E0FF9000660FE0FEEF4E8011
:1080F0000F90006611E0FF9000660FE0F4FEEF5E67
:1081000090006611F09000660EE0FF9000660DE0B2
:10811000900064D31200688D020162CC9000676702
:10812000EFF0A3EDF0E4A3F090006769E0FFC394E3
:1081300010503990002F7B120051F430E725547F06
:10814000FF90006767E06F701A7B017A5C79DD90C1
:10815000006769E0FD90006768E090006648F012F3
:1081600001993D90006769E004F080BC7B017A5C76
:1081700079DD9000665C7404F07F4802019B79E42D
:1081800090005FA2F090005FA1F090005FA4F090DB
:10819000005FA3F090006006E054F0F090006005EE
:1081A000E0FEA3E0FF30E42730E604120094FDEF88
:1081B00030E708E490005FFDF0A3F0EE30E0041239
:1081C0000094AAEE30E108E490006000F0A3F0EE25
:1081D00054F8FEEF542FFF90006005EEF0A3EFF08F
:1081E00022C2AEC2ADC2CAE4F5C8F5C9900049C505
:1081F000F0A3F0900049D0F0A3F0900049CEF0A396
:10820000F07E01FFFD7B017A4979E61200161CD24F
:1082100080D28175C050D2CDD2CC438E20E58F3034
:10822000E70875CBFF75CAE6800675CBFF75CAF304
:1082300085CBCD85CACCC2C0C2C1C2AED2CA0201F2
:108240005F27900067F0EFF012004B5DE0702CEBC1
:1082500054F0C4540FFFCEEFCEEB540FFB900067E9
:10826000F0E0FFCCEBCCCBCB900066E7EEF0120158
:108270007422900067F17404F08021900067F0127E
:10828000004B5BE0FF640D6004EFB40C08E4900069
:1082900067F1F08007900067F17401F0900067F1DA
:1082A000E0FF22900065AFEDF0A3EAF0A3EBF090C1
:1082B0000065AEEFF01200E9F91200E9781200E96A
:1082C000BC120011BBFF603BE4900065B0F0A3F06E
:1082D000A3F0A3EF1200EA3F1200E978E0547FFF19
:1082E0001201ACE6900065B3E0FF1201B0369000D9
:1082F00065AE1200E9F71200E9781200E9BCE41259
:108300000011ED227E02900059CBE06403702790AB
:108310000059CAE06401701A9000091012014C66FD
:1083200012014C98740312014C40759300ED120138
:108330004CC8E4FE802A900059CBE064017021759E
:10834000F0EAEF90000910120013F212014C98129B
:10835000014C40CFEDCF759300EF12014CC8E4FE05
:10836000CFEECF22E490005FF5F0EFC39459400FB9
:10837000EFD394615009C3EF94592431F0803EEF5C
:10838000B462028018EFC3941E400EEFD3942650BF
:1083900008C3EF941E2431801FEFB4270990005FBB
:1083A000F57430F08017EFC394044011EFD3941D9F
:1083B000500BC3EF9404244190005FF5F090005FF0
:1083C000F5E0FF22CBEFCBC2AC900049D2E0FCA39A
:1083D000E0FDD2AC7003EC640260ECCFEBCF900018
:1083E00049C7E0FCA3E024E6F582744A3CF58375B6
:1083F0009300EFF0C2AC900049D212018020D2ACC1
:10840000900049C712018020900049C7E05401F054
:10841000900049C9E0700804F012018028F599CF56
:10842000EBCF2290006737EFF0A3EDF0E4A3F090DC
:10843000006739120128409000006393FD7B011210
:1084400000E64190006739120128C740E2900067BA
:1084500038E0B4012C90005285E0FD90006737E0D1
:108460009000640CF0A3E4F0A37432F0A3E4F0A352
:10847000740FF0E4FBFF12010BA6900053CFE00451
:10848000F022EFC394594056EFD3945C50509000C3
:108490005FB1E064166002E4F090005FF3E0FEB4C8
:1084A000550E90005FB1E064166021740AF0801CE4
:1084B000EEB4570990005FB17412F0800F90005F26
:1084C000F3E0B4560790005FB17413F090005FB111
:1084D000E0600BD21FC3EF9459A3F07F01227F000D
:1084E00022900065F1EDF0900065EFEEF0A3EFF063
:1084F0007D017C0012019416900065F2EEF0A3EF6E
:10850000F04E6004EF4E702DE4900065F2F0A3F0A1
:108510007B827AB67990900065F1E09000625EF01F
:10852000900065EFE0FFA3E09000625FCFF0A3EF63
:10853000F0120016D7900065F2E0FEA3E0FF229053
:108540000067281200141E120011BBFFE92401125B
:10855000012F53FD12012F3B240312012F53C0E0C2
:1085600012012F3B240412012F539000640C1201BE
:108570002F3A240512012F779000640DE5F0F0A347
:10858000EB12012F3A240712012F779000640FE5B8
:10859000F0F0A3EBF0D0E0FB02010BA690006827FF
:1085A000EFF07B827ABA794490005528120128C0F6
:1085B000A3EFF0120016D7900053D5E020E03790DB
:1085C000006827E0FF120128A2602BE4FD12018B56
:1085D0007CEF602290006827E0FF1201AEAA9000B5
:1085E00060007401F0A37480F090005FFD7402F0ED
:1085F000A3E4F07F01227F0022CCEFCC75F078EC71
:108600001200774FEC120076BCE030E748ED241200
:10861000FF9000683BF0FBCFEDCFCDCD7F02120184
:10862000143F75F078EC90003254120013F2EC1203
:108630000076BCE0B4011E90005DBCE0FD900068D7
:108640003BE0FBCFECCF9000640CEF120077727F21
:108650000412010BA62290006802EAF0A3EBF0EDF1
:1086600090002DB91200E9B17408F075F011ED9089
:10867000002DBB120013F2EAF0A3EBF075F011ED40
:1086800090002DB71200E9B4F0CEEDCECDCD900024
:1086900063F77429F0A3E4F0A3F0A3F0900068025C
:1086A000E0FBA3E0900063FBCBF0A3EBF07B2002A8
:1086B0000131479000684BEFF0C394045051120110
:1086C0001F607B01E0FF1201B1559000684B120161
:1086D0001F60EBC0E0EAC0E0E9C0E0C874CCC8CCE1
:1086E0007455CCCD7401CDD0E0F9D0E0FAD0E012D1
:1086F000011F417B827ABE7913120016D7E4FF1264
:1087000000004F7F01120000477F031201AD1C22C1
:10871000900060EAE0702890006100E0FDE49000C5
:10872000640CF0A3F0A374C8F0A3E4F0A374C8F041
:10873000E4FBFF12010BA6EF04900060EAF0229028
:108740000060EAE0C39401FFE49400FE900042F56B
:1087500075F009EF120013F2EE75F009A42583F508
:1087600083759300E4F0A374C8F022900067C6EF0D
:10877000F0A3EDF030E00E900067C6E0FD7B01E471
:10878000FF1201B194900067C7E030E1067F01124B
:108790000187B8900067C7E030E2067F02120187C8
:1087A000B8900067C7E030E30E900067C6E0FD7B3D
:1087B000017F031201B19422900067C6E0FD7B01A6
:1087C0001201B19422900059CCE0FECCEECC604B6B
:1087D0001200685612006608120013FEE9240EF912
:1087E000E43AFA9000674F1200141E7D01EDC39425
:1087F00001FFE49400FE9000674F120013FEE92F82
:10880000F9EA3EFA120011BBFF900059CCE06F70FC
:1088100005CCEDCC80050DEDB404D2CFECCF229089
:10882000006808ECF0A3ED120132CC1201323404DE
:10883000120132CC12013234540FF0744D2F120158
:10884000322F4401F0E49000623EF090006236E086
:10885000FD120132CD12013234FB9000640CEFF0B6
:1088600090006808E0FFA3E09000640DCFF0A31231
:108870000132C2E4FF02010BA690006835EFF0CE92
:10888000EBCEE4FC75F078EF12004B60E0702690C0
:10889000006835E0FF9000315E12005068EF120072
:1088A0004B7BE0FBE490006665F0A3EEF012016301
:1088B000F77C0480189000683512004B5BE0FF6481
:1088C0000D6004EFB40C04E4FC80027C01CFECCF1B
:1088D000229000678BEFF0A3EDF0E4A3F090006727
:1088E0008DE0FFC39403504074B42F12009372FFC5
:1088F0009000678CE05F6027EF24FE601024FE602C
:10890000142403701A1200962A7D53800E120096CA
:108910002A7D3980061200962A7D471201AB749099
:1089200000678DE004F080B522CCEBCC75F011ED42
:1089300090002DB9120101A57408F09000666AE05C
:10894000FAA3E0FBED12010231ED1201019EF0CE1F
:10895000EDCECDCD900063F77422F0A3E4F0CEEC21
:10896000CEEEFBA3E4F0A3EBF09000666AE0FBA37D
:10897000E0900063FBCBF0A3EBF07B0102013147F9
:10898000900067E21200696BB42213900067E2E086
:10899000FFA3E0FD900059CAE02406FB801F900071
:1089A00059CBE0B42120900067E2E0FFC39402407D
:1089B000047E03801D900067E3E0FD7B211200A58B
:1089C0001DCEEFCE800C900067E2E0C3940240021F
:1089D0007E03CFEECF22900067251200141EE4FF25
:1089E00012012F12F4603CE4FEC8EEC87401088046
:1089F00002C333D8FCFD12012F125D702112012F2A
:108A0000124D759300F0EF33333354F82EFF90007E
:108A10006725120013FEEF120011ED7F01220EEE0A
:108A2000B408C60FEFB410B87F002290006734126C
:108A300000141E1200D38F54F0C313FF900067344C
:108A4000120013FE120011BB54074F120011ED90DB
:108A5000006734120013FEE924021200D39AF404D2
:108A6000120011ED1200D38F540FF404120011ED17
:108A7000D394F7500A1200D38F540F120011ED2235
:108A800090005ED3E030E03290005ED7E06004E416
:108A9000F0800790005ED77404F090005F74E004EB
:108AA000F0E0C39414402412019E0A900049C1E0F2
:108AB000900042F712014A55801112014A621201D8
:108AC00049E090005ED7F01201B0A190005ED7E0BF
:108AD000FF02000037CBEFCB90005005E0FCA3E095
:108AE000FDF44C60F3CFEBCF90004FC9E0FCA3E066
:108AF0002470F58274513CF583759300EFF090007B
:108B00005005120154EF90004FC9120154EF90002C
:108B10004FC9E4F090004FCBE0700A04F0C2EA12B3
:108B20000154F7D2EACFEBCF22E4FFFE782BE6FD2B
:108B3000EEC39D504612012F45E0FD900042F51214
:108B4000012E9EE0FAA3E04A600DED12012EB974E9
:108B5000FFF5F012001269EF701E75F009ED1201B9
:108B60002EBCE0FAA3E04A700FED12012E9AE0202D
:108B7000E6067829EEF67F010E80B122CCEFCC908C
:108B80000053E3E030E445CFCF74AA2F120128341C
:108B9000540190006826F0CFEDCFEF6014E070290B
:108BA00090005528E06C7021CFECCF12018E098027
:108BB0001890006826E0700A7B817A1C792D1201DA
:108BC000A8F590006826E0FF227F00227F0122EFB7
:108BD0006401704690005FB4E014F0E0FF7006128C
:108BE00001AEEF8011EFB4010D90005FA97401F0A8
:108BF000E490005FF4F0E4FF74F32FF582E4345F57
:108C0000120093776D700D74F32FF582E4345F12C8
:108C10000095DC220FEFB402DF2290005FB4E00485
:108C2000F022CCEBCC12011657120115FF7408F09C
:108C3000900066E3E0F9FB12011687120115FFEBC5
:108C400012011621120115FFF0EFC0E0CFEDCFCDDC
:108C5000CDCFECCF7403900063F7F0A3EFF0E4A363
:108C6000F0A3F0E9FFA3E4F0A3EFF0D0E0FFE4FB12
:108C70000201314790006824EDF0C22D900053D4DA
:108C8000E030E240EF30E03C900053E2E0FF601A59
:108C900090006824E0FEEF6E7010900053D0E0FD6D
:108CA0007F011201AFDAD22D801190006824E0FF1D
:108CB000900053E1E05F6F7002D22D302D06E4FF8B
:108CC00012016DC3227E157FAE7D007C18120196C5
:108CD000E07E027F007D007B017A1379AE120016E0
:108CE0001C7D027B017A1279AA1200993F7D007BDC
:108CF000017A0879541200993F12016AA012010208
:108D0000AE120167E67B827AA1799A1201A5FB90E7
:108D1000000858EFF02275F011ED12005125E04FD8
:108D2000759300F075F011ED90002DB112004EAB6F
:108D300075F078EF9000315112004B64E030E7108D
:108D400075F011ED90002DB1120013F2E04440F0E7
:108D500075F078EF9000310F12004B64E0FFED12D8
:108D6000004EA4A3EFF0229000663FEF120077724E
:108D700012007A63CFEDCFCDCD9000664804F0129B
:108D800001993D9000663FE0B4010C12007A631235
:108D90000078E47F44801C9000663FE012007A6314
:108DA0009000665CB402077404F07F6A8005740169
:108DB000F07F3612019B7922EF602D9000550CE078
:108DC00020E345E4FF12019AFC9000550CE054F3B7
:108DD000F04428F07B827AB4794E120016D7120044
:108DE000944812017F8D80169000550CE0FF30E30F
:108DF0001754F3F07B827AB47969120016D77B811D
:108E00007A1C79191201A8F522900067B2EFF09050
:108E10000053E3E030E425900067B2E004FF7D04F6
:108E2000120128DA6002800E900067B2E0FDE4FFD4
:108E3000120128DA6022E0C394018017900067B223
:108E4000E004900053D1F0C394044002E4F0900099
:108E500053D1E0FF1201AEAA229000683AEFF0C3AE
:108E600094025042120078C1120076DF20E737905A
:108E7000000004C083C0827D00EF75F004A4247359
:108E8000F9742F35F0FA7B01D0E0FFD0E0FE12003C
:108E9000161C9000683AE0120078C3F583759300C1
:108EA0007480F07F01227F0022E49000683FF09000
:108EB00000683FE0FFC39404503BEF90000019931B
:108EC000FF90006256E05F60239000683FE0FF1271
:108ED000019C6E90006256E0FF9000683FE09000B9
:108EE000001993F4FEEF5E90006256F09000683F28
:108EF000E004F080BA0201B0A190006704EFF0A393
:108F0000ED1200958F5430600CE490006706F0A3DA
:108F10007404F0800D90005528E090006706F0047E
:108F2000A3F090006707E0FE90006706E0FFC39E95
:108F3000501690006704E0FDA3E0FB12016FCA9099
:108F4000006706E004F080DA229000682FEFF0E07E
:108F5000FF75F0EAED900008D0120149612FF5820B
:108F6000E43583F583C083C082759300E0FFC8EBCE
:108F7000C87401088002C333D8FC4F759300D082B7
:108F8000D083F09000682FE0FF120149AA9000659D
:108F90007B7440F002017A89900067D6EFF07E0280
:108FA000E0FF1200666E900067D7F01200694C1265
:108FB000006675FFCCEFCC900067D6E0FF640160DF
:108FC00008EC7013A3E0B4020ECEEDCECDCD1201AD
:108FD0008304CEEFCE800C900067D6E0C3940240AD
:108FE000027E03CFEECF22900067EEEFF012004B2F
:108FF0005DE0701A900067EE1200518ACEEBCECB86
:10900000CB12019ABD900067EF7404F080219000AC
:1090100067EE12004B5BE0FF640D6004EFB40C08D8
:10902000E4900067EFF08007900067EF7401F09024
:109030000067EFE0FF22EDC3941E401EEDD394279E
:109040005018EF6D70037F0122ED243BFBE433FAEF
:10905000EF6B7001EA702A7F0122EDC3945940172B
:10906000EDD394625011EF6D70037F0122C3ED9434
:109070003B6F700D7F0122CEEDCEEF6E70037F014E
:10908000227F00229000683912004C8AE4F075F0CB
:1090900016EF12004D29E4F07F04C0E0EFC0E07D40
:1090A000009000683912004F47D0E0FFD0E0FE1278
:1090B00000161C7E007F04EEC0E0EFC0E07D009053
:1090C000006839E0120050FBD0E0FFD0E0FE020063
:1090D000161C900066FCEFF07E01120101B3120134
:1090E0000168E0701F900066FC12010289CEEBCE91
:1090F000CBCB900066FFE0900066EFF012017AF9AA
:109100007E048018900066FC120101B11201016812
:10911000E0FF640D6004EFB40C02E4FECFEECF225A
:1091200090006840EBF06410701612011BCF6407CA
:109130004A703875F0EAED12011B4D4440F0802B67
:1091400090006840E06420702212011BCF640F4A37
:109150007019CEEDCE75F0EAEE12011B4D4440F0D1
:1091600090005528E06F60037F00227F032290006B
:1091700066A1EBF0900066A012014F0DFE90006614
:10918000A3F0900064DA12014F3812015767900083
:1091900066A1E07007A3E0547FF08008900066A20B
:1091A000E04480F0900066A0E0FF900066A3E090AD
:1091B0000064D312014F38020162CC900067DEEFE9
:1091C000F0A3EBF0E4FF900067DFE0900067DE7053
:1091D0001A1200684F900008CC120066672E120029
:1091E00065F0E0FEEDF4FCEE5C80131200684F9039
:1091F0000008CC120066672E120065F0E04D7593F2
:1092000000F00FEFB408BF22E0FDA3E08F828E8351
:10921000759300CDF0A3EDF090006466E0F5DB906F
:10922000006465E0F5DB22120013CE78081200130B
:10923000BB9000637F120013E67C637D7F7B03227B
:109240008D828C83759300E5822BF582E43583F55E
:109250008375930022900067FA120115BF7440F0E5
:10926000900067FAE0FF90003220120115AF7408F9
:10927000F09000322C120115AE12011647120115A2
:10928000B27405120116901201AFB2900067FA1283
:10929000011572E4F0A3F0900067FBE0FD0201A16C
:1092A000359000669DEBF09000669C12014F0DFE1C
:1092B0009000669FF0900064DA12014F2D12015762
:1092C000679000669EE05480F0E0FF9000669DE0AD
:1092D000FEEF4EA3F09000669CE0FF9000669FE0DA
:1092E000900064D312014F2D020162CCC390006044
:1092F00001E0948090006000E0940150137B827A3A
:10930000B579C11201932712009339E92401801124
:109310007B827AB579D61201932712009339E9241A
:109320000212009396FF229000625E7401F0A37413
:1093300080F0120016D722900067101200141E90C1
:10934000006713EDF0E4FE90006713E0FD14F0ED0C
:10935000602C90006710E475F001120014071200F1
:1093600011BB6EFEE4FFEFC3940850DBEE30E7075D
:1093700025E06407FE8004EE25E0FE0F80E8CFEED6
:10938000CF221201AAB6E490004E7EF090004E8CDF
:10939000F090004D46F07B817AB179961201A5FBE1
:1093A00090004D45EFF07B817AC379A81201A5FBAF
:1093B00090004D54EFF090004E79F07B817AAC79BB
:1093C000BB1201A5FB90006822EFF02290005F7CA9
:1093D000E06004E4F0800790005F7C7407F0900088
:1093E0006003E004F0E0C3940A402190005528E0B7
:1093F0001200953412009377FF90005F7CF012000A
:109400000037E490006003F01201B0A190005F7C8F
:10941000E0FF0200003790006718EEF0A3EFF012B3
:1094200000120190006718EEF0A3EFF012012BD2AA
:109430009000671AEEF0A3EFF04E7003FEFF22904B
:10944000006718E0FEA3E0FF7D00A3E0FAA3E0F9C7
:109450007B011200161C9000671AE0FEA3E0FF22B9
:109460007F207B017A4C79E61200D45F7F087B0174
:109470007A4D794C1200D45F7B017A4E797A1200D2
:10948000D4EE7B017A4E79751200D4EEE490004E52
:109490008BF0FE7F08FD7B017A4E79831200161C4B
:1094A000C22CE490004FC2F02290005E9BE090003E
:1094B00057C8F090005FFDE0FCA3E0900057C91290
:1094C000011F6E90006000E0FCA3E0900057CB12FB
:1094D000011F6E90005EA1E0900057CDF090005704
:1094E000CFE030E10C7B017A5779C87D061201B1DB
:1094F000B92212004E2712004B64E0547FD394042B
:109500005004C23E802C75F078EF9000321B1200A0
:109510004B6412004DE612004B64E0B40914EFC333
:109520009402400E75F078EF9000321D12004B64EB
:10953000E4F01201AB550201B1A39000653EEDF0DD
:1095400075F078EF900032651200580E120013FE8D
:109550009000654212005AEB900032681200580EDB
:10956000120013FE9000653F1200141E9000654229
:10957000120013FEE9241012005895640645F07F8E
:109580000122EF6401702B90005FF3E06D700DF02D
:1095900090005FA974031200958014F090005FF4AE
:1095A000E06D702590005FA904F0E41200957C1432
:1095B000F02290005FB4E004F090005FA97403F023
:1095C000CFEDCF90005FF5EFF02290006837EFF01D
:1095D0007E0112004B5DE0702012004ECC7401F051
:1095E000CFECCF7E00A314F0A3EFF090006837E03B
:1095F000FF1200E7D77E0480149000683712004BFA
:109600005BE0FF640D6004EFB40C02E4FECFEECF2C
:1096100022900067AEEFF0A3EDF0BDFE1A90006758
:10962000AEE01200D4A01200D4F87B017A60790970
:109630001200D4C6D22C22900067AE1201A814CE1C
:10964000EFCEEEF4600F900067AEE0FFCDEECD12EE
:10965000019CABD22C2290006836EFF07E01120004
:109660004B5DE0701E12004ECC7403F0CFECCFA324
:10967000E4F0A3EFF090006836E0FF1200E7D77E39
:109680000480149000683612004B5BE0FF640D60AC
:1096900004EFB40C02E4FECFEECF22900042EAE0E9
:1096A00070147B827AB57928120016D79000550B7A
:1096B000E0547FF080269000550CE030E308120063
:1096C00094481201AE639000550BE0FF20E70D4473
:1096D00080F07B827AB5793B120016D70201B0A1E7
:1096E000EF4E7008FE7F01ED1D70011C900064B804
:1096F000EEF0A3EFF0A3ECF0A3EDF0900064B8E07F
:10970000FEA3E0FFF5828E83759300E4F0A3F0C31F
:10971000ED9404FDEC94008F828E83759300A3A3D7
:10972000F0A3EDF022900063CB7423F0E49000638B
:10973000CEF0C2EBA2EA33FFC2EA75E323E4F5E21E
:10974000F5E375E201D2EBEF24FF92EAC213C214F3
:10975000E4FF1201A8D0C2157B827AA97986120192
:10976000A5FB900063C5EFF022CCEFCCE490005F46
:10977000A1F090006006E04410F0CFCFCEEDCECD4A
:10978000CDCEEBCECBCB1200F867CDEFCDCFCFEF68
:1097900060141D120095EC900053D1EFF07D1E1265
:1097A00001AD9E7F01221201817F7F002290006720
:1097B000E8EFF0A3EDF0900067E8E0FFED12014C58
:1097C0002630E018900067E9E012014C2630E509E8
:1097D000900067E8E012019B3B7F0122900067E860
:1097E000E0FFA3E012014C267F0030E1027F01225E
:1097F0009000683DEFF0CEEDCECDCD12014061E49A
:10980000FE9000683DE09000322C1200E440ED250F
:1098100083F583E5822E1200E32FE0FD75F048EF1B
:109820001200E46F1200E32FEDF00EEEB408D20246
:1098300001ADD090005538EFF0A3EDF0CEEACEEEBA
:10984000A3F0CECECFEBCFEFA3F0900057CFE03018
:10985000E223CFEDCFEF90006849B40C057404F01B
:1098600080037403F07B827AB179B190006849E09B
:10987000FD1201B1B522900065D81200141E9000AF
:109880005539E0900065DBB40C08120013FE740437
:109890008006120013FE7403120011ED900065DBC8
:1098A00012011F0CFF7E00900065D812011ED77BAD
:1098B000017A5579380200113D30C0371201800518
:1098C000900049D0E4F0C2C08029EF30E02CE4F5EC
:1098D000E4AEE5900049D0E0FCA3E024E6F5827414
:1098E000493CF583759300EEF01201801C9000490D
:1098F000D0E4F075E405AFE580D02275F078EF9004
:109900000031C5120013F2EF2583F583CFEDCF753B
:10991000930075F006EF120013F2CFEBCF759300B2
:109920001201287A120127FD541F75F01690002F9E
:109930007D120013F2E054F0C4540FFF2290006631
:10994000441200141EED131313541FFFCEEDCEEE80
:109950005407FEC8EEC87401088002C333D8FCFE69
:1099600090006648E09000664460071200788F4ED1
:1099700080081200788FFFEEF45F120011ED229044
:1099800000679D1200141E12011F90240112011E77
:10999000A890004D47F09000679D12011EA1900015
:1099A0004D48F09000679D120013FEE92403120158
:1099B0001EA890004D4912011F88E4FD0201B0F479
:1099C00090006844EFF0E02402F0E0C39404400407
:1099D000E024FCF090006844E0FD24AA1200947397
:1099E00030E01A90006006E04410F0120095EC7D23
:1099F0000A1201AD9E90006844E004FF227F00221D
:109A0000301707C2171201285D22900042EAE0FFDA
:109A10001201AAF6EF6011900042EAE0FF1201AADB
:109A2000D6E49000552A800D9000552AE004F0C33A
:109A30009414400AE4F01201285D1201B0A12290B2
:109A400000668FE075F005A4FF9000668C1200138D
:109A5000FEE92FF9EA35F0FAE922F5E3E4F5E2D27E
:109A6000EBCFEECFEF24FF92EA22C2EBA2EAE4337F
:109A7000FEC2EA22F9E43AFA1200127FFF229000B5
:109A800067F8EFF0C394025008E0FD7B01E4FF802B
:109A900027900067F8E0FFC39412500DC3EF9402C3
:109AA000A3F0FD7B017F01800F900067F8E0C39475
:109AB00012A3F0FD7B017F0212017CB122900068AD
:109AC00000120115BF7440F0900068001201169753
:109AD000120115B212011647120115B274091201D2
:109AE00016901201AFB29000680012011572E4F0F6
:109AF000A3F090006801E0FD0201A135EF602B7B2F
:109B0000827AB47997120016D7E490005FA612000B
:109B1000958F4470F0A3E054F7F0E4FF120156B9BA
:109B20007B817A1C79690201A8F59000550BE054FD
:109B30008FF0120094481201AE63229000682A123E
:109B40000097CD1200968E44041200977A12009668
:109B50008E54FDF09000682AE0FF7B017D02120127
:109B60009B6EE4FB7D0112019B6E0201A5A3120115
:109B700091BB9000682AE0FF229000665912001401
:109B80001EA2E8E433FEC2E8E4FD9000665CE0FC5F
:109B9000EDC39C501790006659120013FEE92DF991
:109BA000E43AFA120011BBF5C70D80DE8FC6CFEE86
:109BB000CFEF24FF92E82290006722743EF0A3E4E6
:109BC000F07B017A67792212002FE81201A0319010
:109BD0000067247451F07B017A67792412002FF218
:109BE0001201A0311201A651EF4E7003FEFF227E3A
:109BF000007F0122900064DFE0900064E1F09000BB
:109C000064E0E0900064E2F0CEEBCEEE25E0FE747E
:109C1000412DF582E4346112014F1A2EFECDEECDB6
:109C20007B017A6479E1900064D37402F0020162EE
:109C3000CC900059CA120067418002C333D8FCFDA2
:109C400075F078EF9000314E12006608E05D601B01
:109C5000900059CBE0FD75F078EF9000315E120076
:109C600066B5120067A6EDF07F00227F0222900009
:109C7000677CEFF0A37420F0E4A3F09000677CE031
:109C800024B3F582E4345C120132347B017A6779C3
:109C90007D1201329812019B797B827AB379C09050
:109CA00000677C120132D6020016D7CEEDCEEEC38D
:109CB00094075029EF75F008A424E7F582E4344CAA
:109CC000F583E5822E1200D372FDEF1200D3C2F5A8
:109CD00083E5822E1200D477EDF00E80D1EF1200D2
:109CE000D4BA1200D40A229000682CEFF0ED30E7CD
:109CF00005547F4420FD7F019000682C120097904E
:109D0000E0FEEFC39E50199000682CE01200967B95
:109D1000542F6D7008EF120011ED7F01220F80D8D3
:109D20007F0022900065EB1200141EA2AF9228C2A1
:109D3000AF8FE2900065EEE0FF14F0EF601A900044
:109D400065EB120013FE900065EEE029F9E43AFAA3
:109D5000E5E3120011ED80DBA22892AF22E4FE12AF
:109D600000774BEE120076BCE030E723900031081C
:109D70001200777DEE120076BCE06F701212007751
:109D800091EE120076BCE0C3940840037F01220EDE
:109D9000EEB40CCB7F0022C225E92404120057E563
:109DA00060079000653DE014F09000653DE0FF7EA7
:109DB000009000653A120013FE12005B577B817A17
:109DC0001D790112001592EF3395E04F7002D225F4
:109DD00022EF7035ED6455600EED64476009ED6467
:109DE000576004EDB45622CFEDCF90005FF3EFF053
:109DF000E4A3F0D21DD21F90005FA904F0120095D9
:109E000049A3F090005FB404F022E412014A7F906D
:109E1000005F75F090005F6FF090005F45F01201F9
:109E20004A62120149E090005ED7F090005ED9E0EE
:109E3000900042F512014A557B817A1C7923020178
:109E4000A8F5900066AC12006836A3E0900066ACFE
:109E5000B40113E0FFA3E0FDA3E0FB9000657B7479
:109E600040F002017A89E0FFA3E0FDA3E0FB90004F
:109E700066A77440F0120170C422CCEFCC9000664B
:109E800060E0FFA3E090006352CFF0A3EFF0CFEBD0
:109E9000CF90006345EFF0CFEDCF90006351EFF02E
:109EA000CFECCF75F078EF900032751200E978E4CE
:109EB000F0229000550CE030E32590005528120068
:109EC00093E11201A886EF900055286008120093D4
:109ED000E1E4FB8006120093E17B010200E641E42D
:109EE00090005FFBF01201B0A12290006553EFF0EB
:109EF000A3EDF0A37455F0A374AAF0A3EFF0CFED97
:109F0000CFA3EFF07B017A6579537D02120193377D
:109F100090006559EFF07B017A6579557D05020166
:109F2000A383EF7033FEEE12007758E030E724543D
:109F30007F6F701F75F016EE120077DCE054F0C4EE
:109F4000540F6D700E75F048EE9000019B120013D7
:109F5000F2EBF00EEEB410CE22EF04FEEEC394044A
:109F6000500C1201283130E00280110E80EEE4FE28
:109F7000EEC39F50121201283130E008EE1200119A
:109F8000ED7F01220E80E9EF120011ED7F0022C863
:109F9000742CC8CC7466CCCD7401CD7B817A0079E9
:109FA000077E007F041200113D90005528E09000CC
:109FB000662BF07B017A66792CE4FF12011FB47FD7
:109FC0000102014395E4FF1201AD1CE4FF1201B14F
:109FD0003E7F011200004FE4FF1201AC78E49000D4
:109FE0006004F0FE7F04FD120096461200161C90DD
:109FF0000060111200953C0200161CE4900060FC09
:10A00000F0A3F0A3F01201AD7D900049C5E0FFA3DD
:10A01000E0900060E8CFF0A3EFF07B827AAF79C6E2
:10A020001201A5FB90006100EFF0E4900060EAF0FF
:10A0300022900065FF12002FDD90006602E0FE1402
:10A04000F0EE601A900065FF120013FE90006602A9
:10A05000E029F9E43AFA120011BBF5D280DB8FD186
:10A06000A22992AF229000660412002FDD8FD190BA
:10A07000006607E0FF14F0EF601A9000660412001B
:10A0800013FE90006607E029F9E43AFAE5D21200DF
:10A0900011ED80DBA22992AF22C874E6C8CC7453BC
:10A0A000CCCD7401CD7B017A5F79617E007F0E1289
:10A0B00000113DC8740EC8CC7454CCCD7401CD7B56
:10A0C000017A5E79DB7E007F4F0200113D900066D1
:10A0D000721201554F90006675E0FD14F0ED601AA4
:10A0E00090006672120013FE90006675E029F9E494
:10A0F0003AFA120011BBF5E580DB8FE412015542FC
:10A1000022900066771201554F8FE49000667AE046
:10A11000FF14F0EF601A90006677120013FE9000B3
:10A12000667AE029F9E43AFAE5E5120011ED80DB00
:10A130001201554222CEEDCE75F078EF9000322B11
:10A140001200E3437401F090005DBCE0FDCBEECB68
:10A150009000640CEFF0E4A3F0A3F0A3F0A3F07F71
:10A160000412010BA67F0122EF131313541FFEEFFD
:10A170005407FDC8EDC87401088002C333D8FCFD44
:10A1800074312E12012F15FEEDF4FDEE5D75930076
:10A19000F012012E99E04420F0221201B0A19000AB
:10A1A00042EAE01460111460151460192403701B56
:10A1B00075A78275A6982275AF8275AE982275B77D
:10A1C0008275B6982275BF8275BE98221201A16869
:10A1D000C3782BE69401FF7829E6FEEEC39F501862
:10A1E00074712EF582E43447F583759300E0FD1217
:10A1F000012F45EDF00E80E3782BEFF622CEEDCE69
:10A200001200D4441200D377FD1200D4322D120074
:10A21000D477EE1200D4431200D377041200D44353
:10A220001200D377C3944040041200D4022290005D
:10A2300053E3E0540CFE7017EF04120011ED12000E
:10A2400011BBC394044005E4120011ED7F0122BE4E
:10A25000040A12019F59EF60037F01227F002290C0
:10A26000006829120097CD1200968E4402120097C2
:10A270007A1200968E54FBF090006829E0FF7B0173
:10A280007D01120191BB90006829E0FF0201A577D2
:10A29000CCEFCCCEEBCEEE44289000682DF0CFCFA3
:10A2A000CEEDCE74912EF582E4346112014F1AFD89
:10A2B0007B017A68792D900064D37401F002016209
:10A2C000CC7B817AC779DC1201A5FB90006349EF52
:10A2D000F07B827A4179FD1201A5FB90006347EF84
:10A2E000F0E490006346F090006355F090006354F2
:10A2F000F022900067791200141EED640C700E12AB
:10A30000005B96AEF0EE30E31944F08011CFEDCF54
:10A31000EF6408700D12005B9630E70674FF1200C0
:10A32000598222900065F51200141E900065F8E035
:10A33000FE14F0EE601A900065F5120013FE900016
:10A3400065F8E029F9E43AFA120011BBF5E580DB83
:10A350008FE42290006355E0602190006354E06F29
:10A36000701675F078EF900032391200E978E0CE7F
:10A37000EDCE6E60067F00227F00227F01303E021C
:10A380007F00229000671F1200141EE4FCECC39DA6
:10A39000501A9000671F120013FEE92CF9E43AFAF4
:10A3A000120011BBFF1201AF9E0C80E17E007F0105
:10A3B00022900067461200695F120011BBFD75F024
:10A3C00078EF9000311112006608E4F0A3EDF0126E
:10A3D000006856120066081200695F020116A11299
:10A3E000007785E0FE44806023EE547FFE900032CB
:10A3F0001F1200777EEE120076BCE4F01200778523
:10A40000E4F075F011EF120076EEE4F022900067B0
:10A41000FC12011652120115FF1201161F1201152E
:10A42000FF1201162B7401F0A3E4F0A3F0A3F09047
:10A430000067FC1201167702013147900067FE1297
:10A44000011652120115FF1201161F120115FF12FB
:10A4500001162B7402F0A3E4F0A3F0A3F0900067C0
:10A46000FE1201167702013147E4FF12019AFCE463
:10A47000FF12018DB8120095AE90005528E06F7064
:10A480000A7B817A1C79691201A8F5120095AE1237
:10A4900001AEAA0201B0A174BF2FF582E4345F12AD
:10A4A000009377601F90005FB012009631EFF0A329
:10A4B000E4F0A37430F0A3E4F0A37430F0E4FBFF05
:10A4C00012010BA622ED131313541FFFCEEDCEEE97
:10A4D0005407FEC8EEC87401088002C333D8FCFEDE
:10A4E000E92FF9E43AFA120011BB5E7F0060027FA7
:10A4F0000122EF6029E4FF1201AD1C9000550BE032
:10A5000020E405A3E030E3167B827AB4798312005D
:10A5100016D7E4FF12000047E4FF1200004F22C0EC
:10A52000E0EFC0E0C2EC759110AF87EF20E203537B
:10A5300087FCAF9CEF600CE59130E407759110AF9C
:10A540009C80F1D2ECD0E0FFD0E032E4900049C230
:10A55000F07829F6782BF6782EF608F6782AF67831
:10A560002CF6C22A08F67828F6FE7F10FD7B017AC9
:10A570004879310200161C900067BEEFF09000642D
:10A58000DA1201496812015767900067BFE044047E
:10A59000F0900067BEE0FF900064D31201496802AA
:10A5A0000162CC900067C0EFF0900064DA120149BC
:10A5B0008812015767900067C1E04408F090006777
:10A5C000C0E0FF900064D312014988020162CC9080
:10A5D0000065D21200141E900065D212011ED77BB6
:10A5E000017A5779C87E007F061200113D90006500
:10A5F000D5120013FE7406020011ED900049C2E06E
:10A60000FEC3948040037F002275F003EE90004863
:10A6100041120013F21200141E900049C2E004F02F
:10A62000E0C39401FF22E4FDC8EDC87E0074010878
:10A630008005C333CE33CED8F9FF90006346E0FBEC
:10A64000EF5B7005ED2408FF220DEDB408DA7F0002
:10A65000227B017A68791E900066077401F07F08FA
:10A660001201A0659000681EE0FF30E0E4EF541E88
:10A670006004E4FEFF227E007F0122900053D4E0BC
:10A6800030E2037F012290005ED3E030E0149000BE
:10A690005F78E0FE30E0037F0122EE440190005F2E
:10A6A00078F07F0022CEEFCE75F0EAEE900008F44D
:10A6B000120066672D120065F07408F0CFEDCFCD63
:10A6C000EECD9000657B7440F0E4FB02017A899046
:10A6D0000067881200141E90006788120013FE1293
:10A6E0000011BBFF600E12018AD59000678912012C
:10A6F00054EF80E37E007F0122E4FEEF602274E1EC
:10A700002EF582E4345F120093776D7004CFEECFA4
:10A710002274B42E12009372F45FFF0EEEB408DBC5
:10A720007FFF22900065CC1200141E900065CC12B1
:10A73000011ED77B017A5779BC7F0412011F449018
:10A740000065CF120013FE7404020011ED90005C4E
:10A75000DCE0FF9000623CE06F701690006248E021
:10A7600004F0C39403400EE4F01201B0A1438F0241
:10A77000221201B0A122CEEFCECCEDCC74712EF519
:10A7800082E43400120128499000007593FDCEEC5C
:10A79000CECBEECB1200E641E4FF020156B9EFC387
:10A7A00094024021CEEDCEEEC454F0CDEBCD4DFE63
:10A7B00012004E5112004B64740F12004C54FB7F78
:10A7C0000312010BA622EFB40C0BEC30E307ED20D3
:10A7D000E7037F0122EFB41011EC30E70DCEECCE91
:10A7E000CFEDCFEF20E7037F01227F0022900068AA
:10A7F00034EFF012004E301201AFB290006834E036
:10A80000FD9000320D12004CAAED12004B69EEF0E3
:10A81000A3EFF022E0FFA3E0FD7E02EF1200D3C21F
:10A82000F583E5822E1200D3726D7004CFEECF2235
:10A830000EEEC3940840E47FFF22CCEFCCCFEDCFE7
:10A84000EFC454F04481FFCEEFCECFECCFCDEECDB0
:10A850001201A1FDCFCFCEEBCECDEECD0201A1FDF9
:10A86000E4FE90000940120013FE75F023EF120081
:10A87000E4D575F005EE1200E50A54FB120011ED67
:10A880000EEEB408DD22EFB48004AE808016EFB483
:10A890009004AE90800EEFB4A004AEA08006EFB49A
:10A8A000B002AEB0CFEDCFEE5FFF22900053E4E0F8
:10A8B00030E01C900053D2E06F60069000552BEF03
:10A8C000F0900053D7E06F60069000552BEFF02218
:10A8D00012019A6AEF900063CB7009E04480F05453
:10A8E000BFF08007E04440F0547FF0900063CBE07D
:10A8F00012019A5A22201408900053E3E030E01924
:10A90000201516E4900063CFF0900063C612001487
:10A910001ED215E4FD12016E462275F0EAED90009C
:10A9200008C812014C2D70037F0122CEEDCEEE122D
:10A93000014C265421FFBF01037F01227F00221218
:10A9400001B0A1900030F5E0FD900042EAE09000F7
:10A95000640CF0E4A3F0A3F0A3F0A3F0FB7F0402E7
:10A96000010BA6C0E0E8C0E0784C7600759108A61F
:10A97000D9E630E10B784306E67003784206D22A26
:10A98000D0E0F8D0E0327F011201A8D0900063CF70
:10A99000E004F0900063C6120013FE900063CFE065
:10A9A000FD12016E460201B0A1900067CCEFF0FBF2
:10A9B000A3EDF01200682A12017EC3900067CDE07B
:10A9C000900067CC120067C702017A89CEEFCECC27
:10A9D000EDCC74682EF582E4340012012849900011
:10A9E000006C93FDCEECCECBEECB0200E6417C6852
:10A9F0007D417B017F011201ABCE90006841E0FDFB
:10AA000030E204E4FEFF22ED30E0E37E007F01222D
:10AA10001201B101EF7F0070027F0190006847EFE3
:10AA2000F0BF01041201B13290006847E0FF02005C
:10AA3000004FEF14701DEDC394014017EDD3940F38
:10AA40005011CFEDCF1201054B7B827ABE795A129D
:10AA50000016D722E4120011EDEF25E024F5F5826F
:10AA6000E4346212004E0DFF90006511120013FED7
:10AA7000EF020011EDCEEDCE12007A53CDEFCDCF27
:10AA8000EECF90006648EFF01201993D120078DE9B
:10AA90007F5202019B79CDEFCDCCEECCED4C601511
:10AAA000C3EF94AEEE9415400CEF94AEEE942D509F
:10AAB000041200F40D22900061E2E0FF900055289E
:10AAC000E09000000393FEEF4E900061E2F0A3E0FF
:10AAD0004EF0020194601200977B1200968E54068D
:10AAE00060131200977B1200968E54F9F0E4FB7D00
:10AAF00003120191BB227B017A6779C2900064DA6C
:10AB00007402F07D9E12015767900067C3E07F00DA
:10AB100030E5027F0122EF75F07BA4FF90005FAC6F
:10AB2000E02FFF90005FABE035F0FEEF2480FFE404
:10AB30003EFE020000C21201A099E490005F75F091
:10AB400012014A7FC20AC20CC20D90005F45F0900C
:10AB5000005F6FF02290003106E0FFC394084013BD
:10AB6000EF94081200EA718002C333D8FC4E9000C3
:10AB70006346F02290006814EFF0A3EDF0FBE4FDD3
:10AB800012016FCA90006814E0FFA3E0FB7D010290
:10AB9000016FCA9000550BE020E71590005FB512D9
:10ABA0000096317401F0A3E41200948D12010BA6FB
:10ABB00022900067A77401F0900067A67490F07C63
:10ABC000677DA67B027F0C1201ABEBD2EB22A2AF1A
:10ABD000923FC2AF8FDACFEBCF1BEF600912019229
:10ABE00040E5DBF080F0A23F92AF22A2AF923FC2DD
:10ABF000AFCEEBCE1BEE600912019240E0F5DB8098
:10AC0000F08FDAA23F92AF22120050D64015120008
:10AC10004E5112004B64740212004C54FB7F03121D
:10AC2000010BA622120050D6401512004E51120000
:10AC30004B64740312004C54FB7F0312010BA622D9
:10AC4000120050D6401512004E5112004B64740E83
:10AC500012004C54FB7F0312010BA622120050D6A7
:10AC6000401512004E5112004B64740612004C54F1
:10AC7000FB7F0312010BA62290006846EFF0E4FF71
:10AC800012019AFC7F011201A4F290006846E0FFD5
:10AC90000201859C74B42F1200937212009654FD29
:10ACA0005E600CEEF4FFED5FF0E4FF120156B92296
:10ACB0001200977B1200968E30E40F1200977B12E1
:10ACC00000968E30E10412019B3B22E49000682E36
:10ACD00012014F0EFD7B017A68792E900064D374C7
:10ACE00001F0020162CCEFC39408401474F82F12F3
:10ACF00000EA718002C333D8FCF45E90006346F032
:10AD00002290005FC9E0FECFCF74B42F120093727F
:10AD1000F4FDEE5D12009616E05DF022EFC394059F
:10AD20005014EF12011EB5120013FEE94A4B6006E3
:10AD300090005FFFEFF02290005ED5E0FF900042B0
:10AD4000EAE06F7008300D0590005F75F00201B009
:10AD5000A174B42F12009372FF90005FC9E05F608E
:10AD600009CFEDCF90005FA7EFF02274019000575C
:10AD7000CEF0FF22E475F00102001269E490006059
:10AD8000E6F0A3F0227E007F607D007B017A60798F
:10AD9000861200161CE490006084F0A3F02290005C
:10ADA0005533EFF0CFEDCFA3E4F0A3EFF07B017AC2
:10ADB00055792F0201853FEFC39D501174AA2F12C0
:10ADC00001283430E004EF04FF220F80EA7F0022E4
:10ADD0009000683CEFF0FD7F0212018D67900068E3
:10ADE0003C1200E48E02017CB19000550BE030E78C
:10ADF0001090005FB5120095961200948D12010B11
:10AE0000A62274B42F1200937212009654FD5E7045
:10AE100009ED4EF0E4FF120156B922900042EA1209
:10AE20000128409000006393FDE4FB1200E641021C
:10AE300001B0A1E4FF1200977B1200968E20E1037F
:10AE40007F00220FEFB404ED7F0122E4FF1200998E
:10AE500057120097197004EF04FF220FEFB407EDAB
:10AE60007F002290006843EFF07F01120156B990F5
:10AE7000006843E0FFE4FD0201A9CCCEEDCEEE90E8
:10AE80000057CFB40104E04FF022E0FEEFF4FFEEF4
:10AE90005FF022E4900067ABF07B017A6779AB90BA
:10AEA00000660204F0FF0201A0311201289D60102B
:10AEB000120128831201AD9E120128E51201A8ABF0
:10AEC000221201289D6010120128831201AD9E12EA
:10AED0000128E51201A8AB2275F078EF9000326FDF
:10AEE00012004B641200501D7F0060027F0122E4BB
:10AEF00090005F7BF090005FA9F090005FB1F0A33D
:10AF0000F0A3F0C21F2290005FB3E06F700E12003A
:10AF100093B11200161CE490005FB3F0229000532E
:10AF2000E4E0FE30E10C20E603201806D2181201FE
:10AF3000AEAA2212019A6A900063CBE054C0FCF0E2
:10AF4000EF4D4CF012019A5A227F1212007785E0E1
:10AF500020E704EF04FF220FEFB41AEF7F00227BFB
:10AF6000827AB679F30200141EFA120011BB900027
:10AF7000625EF02274BF2FF582E4345F1200937793
:10AF800060067DFE1201AB742274B42F120093721E
:10AF9000FF90005FA6E05F7F0060027F012275E402
:10AFA00005AEE5EE30E5F7CEEFCECECE8EE5E4F59C
:10AFB000E422CDEFCDCCEECCCFCFEFFACECEEE2447
:10AFC00000FFE43AFE22202706D2261201AD7C12B1
:10AFD00001B0A1E4900060EAF022EF600F9000550C
:10AFE00028E06D6007CFEDCF1201AEAA227B827AF6
:10AFF000BB79B19000625EE4F0A3EFF0020016D7D7
:10B000009000550BE020E405A3E030E3037F00222D
:10B010007F01227B827ABA7964120016D712012846
:10B02000CF0201560B7B817AF679F61201A5FB90CF
:10B03000005B5CEFF02290006231EFF07B017A62FE
:10B04000792D0201853F9000634CEFF07B017A631C
:10B0500079480201853FEFC394055009EF12011EA4
:10B06000B51200141E227B017A507900120154E7B8
:10B07000FF0201A0CD90005FA0E054CEF0E490006C
:10B080005FB7F0221201B101EF60037F00221200CE
:10B09000944822E47843F618F6900067A8F0A3F0ED
:10B0A00022900049C1E012012E9AE04420F0229043
:10B0B0000049C1E012012E9AE04480F02212007A89
:10B0C000484403F5C7E4F5C6D2E82212007A4844A2
:10B0D00001F5C7E4F5C6D2E822120095AE7D011253
:10B0E000015A0F0201B0A1900053D4E07F0030E27A
:10B0F000027F0122CFEDCF12011FB47F0102014375
:10B10000959000550BE07F0030E4027F0122120091
:10B11000977B1200968E54F9F022120095AE120120
:10B12000AF740201B0A17E007D00120095400200C4
:10B13000161C7E007D00120093B30200161CEF70F7
:10B14000040201ADE91201AB93229000681D740F57
:10B15000F00201AE9390006708EFF0A30200141E06
:10B16000F58EF5D275D102F5E32212012E99E04455
:10B1700020F022CFEDCFCDCD0201A383784A760017
:10B1800008764022120171BE020181E19000672D14
:10B19000E024FF22120149AA0201916EC2B1C28CC1
:10B1A000D28C32E490006355F0229000684AEFF0B0
:10B1B00022EA494B22EA494B22EA494B22415F28C5
:10B1C0005248293A503A25642C2853743D3078254A
:10B1D0003032782C43683D307825303278293D3E36
:10B1E00000666F726365004F7665722063757272D8
:10B1F000656E74206F63637572732C20506F727468
:10B20000203D202562750A0D004D6F6E69746F72C6
:10B210002048432061637469766974792E2E2E0A62
:10B220000D00436C65617220506F72742E2E0A0DF2
:10B23000004F7665722063757272656E7420636C60
:10B240006561722C20506F7274203D202562750A52
:10B250000D0040436F6E6E6563745F4368402C431E
:10B260006F6E6E6563743D25730A0D0059004E00C4
:10B270004E6578743D3E52657365740A0D004F76D5
:10B2800065724D6178446576696365733D3E4967D3
:10B290006E6F7265202562780A0D00536B69700A23
:10B2A0000D0040506F72745F456E61626C655F4364
:10B2B00068402C456E61626C653D25730A0D004047
:10B2C0004F7065726174696F6E3D3E52657365744F
:10B2D00020506F72740A0D0040506F72745F537586
:10B2E0007370656E645F4368402C53757370656E50
:10B2F000643D25732C00456E746572205375737020
:10B30000656E64204D6F64650A0D004C656176655D
:10B310002053757370656E64204D6F64650A0D006F
:10B3200040506F72745F52657365745F4368402C60
:10B33000444F4E45002C456E61626C653D25732C73
:10B34000436F6E6E6563743D25732C0044657669AA
:10B350006E783A2562642C4E65787428456E756D5A
:10B360006572617465290A0D004572726F7220431F
:10B370006F6E646974696F6E0A0D00425F285248EF
:10B38000293A503A25642C2853743D3078253032C0
:10B39000782C43683D307825303278293D3E004393
:10B3A0006F6E6E656374204368616E6765640A0D35
:10B3B000005265736574204368616E67650A0D000D
:10B3C00055534248433A40506F727428256275299C
:10B3D0002C506F7765724F6E0A0D003055534248FE
:10B3E000433A506F7274282564292C526573657432
:10B3F0002025642054696D65732E2E0A0D00315589
:10B40000534248433A506F7274282564292C526580
:10B410007365742025642054696D65732E2E0A0DA2
:10B420000055534248433A43616E63656C20726530
:10B4300073657420666F7220646576696365206445
:10B440006973636F6E6E65637465640A0D004D6F9A
:10B4500075736520526F616D696E67204D6F64650D
:10B460002053746172740A0D004D6F75736520521C
:10B470006F616D696E67204D6F64652053746F70E6
:10B480000A0D00537769746368204D6F646520531B
:10B49000746172740A0D004B4D2053796E63204D18
:10B4A0006F64652053746172740A0D005B46756E9B
:10B4B0003D25303262785D0053696E676C652053BC
:10B4C000637265656E20526F616D696E67204D6FA6
:10B4D00064650A0D00517561642053637265656E81
:10B4E00020526F616D696E67204D6F64650A0D00B3
:10B4F0005B53656E64203A2025303262785D0A0D18
:10B50000005B4B2025303262782025303262785D36
:10B51000005B535F696E6465783D2562752C7369C5
:10B520007A653D2562755D00476F204162736F6CDF
:10B53000757465204D6F64650A0D004D53486F7436
:10B540006B6579203A20476F2052656C617469768B
:10B5500065204D6F64650A0D005365742052657057
:10B56000617465204163746976655B2562755D2849
:10B570002530326278293A2562750A0D00466F72CD
:10B580006B20506F72743A2562750043473AE4B8F5
:10B5900089E7AD89E58886E4B88A0D0A0043473A11
:10B5A000E4B889E7AD89E58886E4B8AD0D0A0043C3
:10B5B000473AE4B889E7AD89E58886E4B88B0D0A97
:10B5C0000043473AE4BA8CE7AD89E58886E4B88A57
:10B5D0002025640D0A0043473AE4BA8CE7AD89E5BB
:10B5E0008886E4B88B2025640D0A0043473A4F4E05
:10B5F000455F32207269676874206D6F76652C2014
:10B600006D61696E20706F72743A2562752C204DE1
:10B610006F757365593A25640A0D0043473AE58F03
:10B620003F20E4B880E5A4A7E4B889E5B08FEFBC7B
:10B630008CE4B8BBE7AA97E58F3F202562750A0026
:10B64000436C65617220416C6C2072657065617439
:10B65000206B65793A2562750A0D0053746F70206E
:10B66000506F72743A25627520526570656174205E
:10B670005374617475730A0D00536574207265709C
:10B68000656174206B65793D25303262780A0D0062
:10B69000212121206D5F6D616C6C6F6328256275BF
:10B6A000293D25643A4552524F522C6E6F742065E5
:10B6B0006E6F756768206D656D6F7279207370614C
:10B6C0006365202121210A0D000A0D415349583696
:10B6D00038303034204B4D28257329202D205665D5
:10B6E0007273696F6E3A25732C446174653A2573E1
:10B6F0000A0D00322E312E332E3400323032332DEB
:10B7000030352D3234004368697020526576697394
:10B71000696F6E3A202562780D0A000A0D002053E9
:10B72000797374656D20496E666F726D6169746FAF
:10B730006E3A0A0D00202028762920555342204BCE
:10B740004220446174612050617273657220456EBD
:10B7500067696E6520537570706F72740A0D0020F2
:10B760002028762920555342204D4F5553452044DB
:10B770006174612050617273657220456E67696EF5
:10B780006520537570706F72740A0D002020287840
:10B7900029205553422053746F72616765204465B8
:10B7A000766963653A4E4F0A0D00202028782920DB
:10B7B00055534220417564696F204465766963651D
:10B7C0003A4E4F0A0D00202028762920555342205A
:10B7D00047656E657269632048494420446576690F
:10B7E00063653A5965730A0D005359533A4D6F75A5
:10B7F000736520537769746368204D6F6465204FCB
:10B800006E0A0D005359533A4D6F75736520436F9F
:10B810006F7264696E617465696F6E2052656C61E8
:10B8200074697665204D6F64650A0D005359533A6B
:10B830004D6F75736520436F6F7264696E617465D7
:10B84000696F6E204162736F6C757465204D6F6413
:10B85000650A0D004D6F757365204163726F6573E6
:10B8600073204D6F64650A0D004D6F75736520532D
:10B87000796E63204D6F6465204F6E0A0D005B008A
:10B880002530326278200025303262785D004347EF
:10B890003C503A2562753E0A0D00484B206578659C
:10B8A000633A2066756E3D2562782076616C3D2591
:10B8B0006420766964783D2562780A0D00484B2043
:10B8C000657865633A2073696E676C65207363728F
:10B8D00065656E206379636C65206D6F64653D25D9
:10B8E00062750A0D00484B20657865633A206F6EDB
:10B8F000652D74776F206379636C65206D6F646567
:10B900003D2562750A0D00484B20657865633A2035
:10B91000706270206379636C65206D6F64653D258E
:10B9200062750A0D00484B20657865633A20666FA2
:10B9300075722D77696E206379636C65206D6F6415
:10B94000653D2562750A0D00484B20657865633AB0
:10B95000206F6E652D7468726565206379636C6510
:10B96000206D6F64653D2562750A0D005245545582
:10B97000524E5F4C4153545F4D4F44453D256275D7
:10B980000A0D00484B20657865633A2073796E6331
:10B990003D25640A0D00484B20657865633A206DAB
:10B9A0006F7573652072656C61746976650A0D0048
:10B9B000484B20657865633A206D6F75736520612B
:10B9C00062736F6C7574650A0D00484B206578656D
:10B9D000633A20706F7274206A756D702076616CA6
:10B9E00075653D2564206E6578743D2562780A0D85
:10B9F0000042757A7A6572204F4E0A0D0042757AC0
:10BA00007A6572204F46460A0D00484B20657865DE
:10BA1000633A206175746F7363616E207374617231
:10BA2000740A0D00484B20657865633A206175748F
:10BA30006F7363616E20696E74657276616C3D250B
:10BA4000640A0D0043757272656E74486F73743DBD
:10BA50002562752C204A756D70506F72743D256299
:10BA6000750D0A00666C6173682077726974650AE7
:10BA70000D005441534B5F4576656E745F4D6169AF
:10BA80006E28293A202121212053595354454D2015
:10BA90004552524F523A5441534B5F4556454E54CE
:10BAA000204F564552464C4F575B2562755D20210D
:10BAB00021210A0D002121212053595354454D20A5
:10BAC0004552524F523A5441534B5F555342204FC7
:10BAD000564552464C4F57202121210A0D00544112
:10BAE000534B5F41637469766528293A20212121EF
:10BAF0002053595354454D204552524F523A5441C8
:10BB0000534B5F4556454E54204F564552464C4F79
:10BB1000575B2562755D202121210A0D002121211D
:10BB20002053595354454D204552524F523A544197
:10BB3000534B5F4D535F494E54455256414C204F35
:10BB4000564552464C4F57202121210A0D002121F4
:10BB500021205441534B5F4552524F523A54415366
:10BB60004B5F4D616C6C6F6328292C4E4F20465201
:10BB70004545204944202121210A0D004040454EE1
:10BB8000554040204552524F523A446576696E788E
:10BB90003A2562642C536B6970204E65787420439B
:10BBA0006C61737320456E756D65726174650A0D05
:10BBB000005553424843204572726F72282564290C
:10BBC0003A4D656D6F727920416C6C6F63204661F0
:10BBD000696C7572650A0D00555342204B42207204
:10BBE0007074207061727365640A0D003E204D4FC1
:10BBF000554E543A202844433A487562505F496490
:10BC00003D2562752C487562446576696E783D25E0
:10BC100062752928446576696E783D2562782C48DE
:10BC20007562506F727449643D2562752C436C6176
:10BC300073733D30782530326278292844435F4D54
:10BC400061736B3D30782530326278290A0D0043EC
:10BC50006C656172205374617274080D00636C61CD
:10BC6000725F61200055534248435F434F52455F26
:10BC7000436C6561725F44657669636528293A445F
:10BC8000783D2562642C43623D3078256C78204EE7
:10BC90006F74204E554C4C21210A0D00636C61726B
:10BCA0005F622000636C61725F632000636C61728D
:10BCB0005F642000636C61725F652000636C617279
:10BCC0005F662000484F544B455920414354495624
:10BCD00045210A0D00484B206D617463683A206667
:10BCE000756E3D2562782076616C3D25642069641F
:10BCF000783D2562780A0D00484B2076616C7565A9
:10BD0000206F76657272756E3A2066756E3D25629B
:10BD100078206964783D2562780A0D004855425FB5
:10BD200052656D6F7665446576696E783A20455246
:10BD3000524F52282562752C2530326278290D0A1F
:10BD4000003E204B564D3A446576696E783D25623B
:10BD50007820436C617373202562782C434C4541F5
:10BD600052207265676973746572202E2E0A0D0069
:10BD70005461626C65204E554C4C0A0D0050617246
:10BD8000736572204661696C3A30310A0D0050616A
:10BD900072736572204661696C3A30340A0D005046
:10BDA0006172736572204661696C3A30350A0D0024
:10BDB0004C4544204E554C4C00636C6561725F6489
:10BDC000635F613A2562752000636C6561725F6430
:10BDD000635F623A2562752000636C6561725F641F
:10BDE000635F633A25627520000A0D005B56697235
:10BDF0007475616C204855425D20564944203D20B1
:10BE0000253034782C20504944203D20253034788A
:10BE10000A0D006F6E655F330D0A006D61696E5F1C
:10BE2000706F7274202564006F6E655F320D0A00BA
:10BE300057726F6E6720706172746974696F6E20DB
:10BE40006E756D626572210A0D0053796E635F66CF
:10BE50006C61673A2562750A0D0052585F6D6F6418
:10BE6000650D0A004052532D323332204020257395
:07BE7000206270730A0D004F
:00000001FF
