C51 COMPILER V9.60.7.0   USBDC_VIRTUAL_CORE                                                06/18/2026 10:50:18 PAGE 1   


C51 COMPILER V9.60.7.0, COMPILATION OF MODULE USBDC_VIRTUAL_CORE
OBJECT MODULE PLACED IN .\usbdc_virtual_core.obj
COMPILER INVOKED BY: C:\Users\Administrator\AppData\Local\Keil_v5\C51\BIN\C51.EXE ..\Src\usbdc\usbdc_virtual\usbdc_virtu
                    -al_core.c LARGE OMF2 ROM(D16M) OPTIMIZE(9,SIZE) BROWSE NOAREGS INCDIR(..\src\main\;..\src\cpu\;..\src\flash\;..\src\uart
                    -\;..\src\swdma\;..\src\mstimer\;..\src\i2c\;..\src\spi\;..\src\task_man\;..\src\project\;..\Src\ps2_host;..\Src\console_
                    -edid;..\Src\storage;..\Src\data_stream;..\Src\kvm_control\kvm_hotkey;..\Src\kvm_control\kvm_console;..\Src\kvm_control\k
                    -vm_button;..\Src\kvm_control\kvm_edid;..\Src\kvm_control\kvm_buzzer;..\src\gpio\;..\Src\hardware_ps2;..\Src\usbdc;..\Src
                    -\usbdc\usbdc_virtual;..\Src\usb_std;..\Src\usbhc;..\Src\kvm_control\power_saving;..\Src\usbhc\MSC;..\Src\usbhc\AUDIO;..\
                    -Src\usbhc\HUB;..\Src\usbhc\HID;..\Src\usbhc\HID_PARSER;..\Src\usbhc\ROOT_HUB;..\Src\usbdc\usbdc_hub;..\Src\usbdc\usbdc_h
                    -id;..\Src\kvm_control\kvm_storage\spi_flash;..\Src\usbdc\usbdc_msc\usb_scsi;..\Src\usbdc\usbdc_msc;..\Src\handler\logite
                    -ch;..\Src\handler\A4_Tech;..\Src\usbdc\usbdc_vendor;..\Src\hsur;..\Src\extender\core;..\Src\extender\receiver;..\Src\uar
                    -t_console;..\Src\kvm_control\km_sync;..\Src\hsur;..\Src\kvm_control\km_log;..\Src\kvm_control\km_api;..\Src\kvm_control\
                    -kvm_ir;..\Src\kvm_control\kvm_rtc;..\Src\i2c;..\Src\kvm_control\kvm_multiview) STRING(FAR) DEFINE(RuntimeCodeAt0KH,MCU_T
                    -YPE_AX68004,KVM,HC_TIMEOUT=10000,VHID,HID_PARSER_CORE_KB,HID_PARSER_CORE_MS,API,NO_AUDIO,NO_MSC,NO_EDID,HUART_BAUD=HUART
                    -_115K,SYNC,CROSS_JUMP_MAP0,VPID_CHANGER,SYNC_KB_HOTKEY,SYNC_MS_HOTKEY,REPEAT_MODE=1,HSUART,MULTIVIEW) VARBANKING DEBUG P
                    -RINT(.\usbdc_virtual_core.lst) TABS(2) OBJECT(.\usbdc_virtual_core.obj)

line level    source

   1          /*
   2           ******************************************************************************
   3           *     Copyright (c) 2014 ASIX Electronic Corporation      All rights reserved.
   4           *
   5           *     This is an proprietary source code of ASIX Electronic Corporation
   6           *
   7           *     The copyright notice above does not evidence any actual or intended
   8           *     publication of such source code.
   9           ******************************************************************************
  10           */
  11           /*============================================================================
  12           * Module Name: usbdc_virtual_core.c
  13           * Purpose: The USB DC Virtual Core prgoram, Handle all the activity of Virtual
  14           *          USB DC,is the interface between Host & Virtual Root HUB,Virtual HID
  15           *          the other virtual device.
  16           * Author: Jack Wang
  17           * Date:
  18           * Notes:
  19           *=============================================================================
  20           */
  21          
  22          /* INCLUDE FILE SECTION               */
  23          #include <string.h>
  24          #include <stdlib.h>
  25          #include "project_include.h"
  26          
  27          /* NAMING CONSTANT DECLARATIONS           */
  28          #define HW_CONFIG_FLASH_OFFSET_MAX  (sizeof(HWConfigData) / FLASH_WORD_LEN)
  29          
  30          /* GLOBAL VARIABLES DECLARATIONS          */
  31          u16_t_u8_t    StatusInfo;
  32          HWConfigData  USBDC_VIRTUAL_HwConfig;
  33          U8_T      USBDC_VIRTUAL_SerialByPort;
  34          #if (SYSTEM_EXTENDER_SUPPORT)
              U8_T XDATA    USBDC_PassthroughTempory[USB_HC_MAX_DEVICE][USBDC_PORT_MAX][8];
              #else
  37          U8_T XDATA    USBDC_PassthroughTempory[64];
  38          #endif
  39          
  40          //~~~~~~~~~~~~~~~~~~~~~~~~~~~~~~
  41          //Setup Up Token Parser Usage
  42          //~~~~~~~~~~~~~~~~~~~~~~~~~~~~~~
C51 COMPILER V9.60.7.0   USBDC_VIRTUAL_CORE                                                06/18/2026 10:50:18 PAGE 2   

  43          U8_T      Request_No;
  44          U8_T      Type_Recipient;
  45          U8_T      wValue_H;
  46          U8_T      wValue_L;
  47          U8_T      wIndex_H;
  48          U8_T      wIndex_L;
  49          U8_T      Port_Protocol[USBDC_PORT_MAX];
  50          U8_T      TASK_USBDC_VIRTUAL_PassThrough_Setup_Wait_ID;
  51          
  52          /* LOCAL VARIABLES DECLARATIONS           */
  53          /* LOCAL SUBPROGRAM DECLARATIONS          */
  54          void USBDC_VIRTUAL_Setup_DataStageOut(U8_T devinx,U8_T port,U8_T handle_type);
  55          void USBDC_VIRTUAL_Fill_Device_Reg(U8_T devinx,U8_T active_port,U8_T address);
  56          void USBDC_VIRTUAL_Control_Endp_Stalled(U8_T devinx,U8_T port);
  57          void USBDC_VIRTUAL_Control_Statue_In(U8_T devinx,U8_T port);
  58          
  59          RESULT USBDC_Standard_SetConfiguration(U8_T devinx,U8_T port);
  60          RESULT USBDC_Standard_Feature_Control(U8_T devinx,U8_T port,FlagStatus state);
  61          RESULT USBDC_Standard_SetInterface(U8_T devinx,U8_T port);
  62          RESULT USBDC_Class_SetIdle(U8_T devinx);
  63          RESULT USBDC_Standard_GetConfiguration(U8_T devinx,U8_T port);
  64          RESULT USBDC_Standard_GetStatus(U8_T devinx,U8_T port);
  65          RESULT USBDC_Standard_GetInterface(U8_T devinx,U8_T port);
  66          void USBDC_VIRTUAL_Endp_Stall_Control(U8_T port,U8_T devinx,U8_T endp_addr,FlagStatus);
  67          RESULT USBDC_Standard_GetDeviceDescriptor(U8_T devinx,U8_T port);
  68          RESULT USBDC_Class_GetDescriptor(U8_T devinx,U8_T port);
  69          //~~~~~~~~~~~~~~~~~~~~~~~~~~~~~~~~~~~~~~~~~~~~~~~~~~~~~
  70          // Class Request Function Declartion
  71          //~~~~~~~~~~~~~~~~~~~~~~~~~~~~~~~~~~~~~~~~~~~~~~~~~~~~~
  72          RESULT USBDC_Class_GetProtocol(U8_T devinx,U8_T port);
  73          RESULT USBDC_Class_SetProtocol(U8_T devinx,U8_T port);
  74          RESULT USBDC_Class_GetReport(U8_T devinx,U8_T port);
  75          RESULT USBDC_Class_SetReport(U8_T devinx,U8_T port);
  76          void TASK_USBDC_VIRTUAL_PassThrough_Setup_Wait(void);
  77          U8_T USBDC_Standard_GetDeviceDescriptor_Inx(U8_T devinx);
  78          /* EXTERNAL GLOBAL VARIABLES DECLARATIONS */
  79          /* EXTERNAL SUBPROGRAM DECLARATIONS       */ 
  80          
  81          /*
  82           * ----------------------------------------------------------------------------
  83           * Function Name: USBDC_VIRTUAL_Init
  84           * Purpose: Initial the usb dc system  
  85           * Params:  NONE
  86           * Returns: NONE
  87           * Note:
  88           * ----------------------------------------------------------------------------
  89           */
  90          void USBDC_VIRTUAL_Init(void)
  91          {
  92   1      #if (SYSTEM_STORAGE_FLASH)
  93   1        U16_T offset;
  94   1        
  95   1        /*01.Read related config of virtual device from flash */
  96   1        for (offset = 0; offset < HW_CONFIG_FLASH_OFFSET_MAX; offset++)
  97   1        {
  98   2          FLASH_InfoWordRead8Byte(0x00000000 + (offset * FLASH_WORD_LEN), ((U8_T *)&USBDC_VIRTUAL_HwConfig) + (off
             -set * FLASH_WORD_LEN));
  99   2        }
 100   1        
 101   1        // Get serial number
 102   1        if (USBDC_VIRTUAL_HwConfig.serialNum[0] <= HUB_SIZ_STRING_SERIAL)
 103   1        {
C51 COMPILER V9.60.7.0   USBDC_VIRTUAL_CORE                                                06/18/2026 10:50:18 PAGE 3   

 104   2      #if (PROJECT_USB_GENERIC_HID_ENABLE)      
 105   2          memcpy(VHID_StringSerial, USBDC_VIRTUAL_HwConfig.serialNum, USBDC_VIRTUAL_HwConfig.serialNum[0]);
 106   2      #endif /* #if (PROJECT_USB_GENERIC_HID_ENABLE) */
 107   2      
 108   2          memcpy(HUB_StringSerial, USBDC_VIRTUAL_HwConfig.serialNum, USBDC_VIRTUAL_HwConfig.serialNum[0]);
 109   2          offset = USBDC_VIRTUAL_HwConfig.serialNum[0] - 2;
 110   2          USBDC_VIRTUAL_SerialByPort = USBDC_VIRTUAL_HwConfig.serialNum[offset];
 111   2        }
 112   1        else
 113   1        {
 114   2          USBDC_VIRTUAL_SerialByPort = HUB_StringSerial[8];
 115   2        }
 116   1        
 117   1        // Get product string
 118   1      #if (PROJECT_USB_GENERIC_HID_ENABLE)
 119   1        if (USBDC_VIRTUAL_HwConfig.vHIDProductString[0] <= VHID_SIZ_STRING_PRODUCT)
 120   1        {
 121   2          memcpy(VHID_StringProduct, USBDC_VIRTUAL_HwConfig.vHIDProductString, USBDC_VIRTUAL_HwConfig.vHIDProductS
             -tring[0]);
 122   2        }
 123   1      #endif /* #if (PROJECT_USB_GENERIC_HID_ENABLE) */
 124   1      
 125   1        if (USBDC_VIRTUAL_HwConfig.vHUBProductString[0] <= HUB_SIZ_STRING_PRODUCT)
 126   1        {
 127   2          memcpy(HUB_StringProduct, USBDC_VIRTUAL_HwConfig.vHUBProductString, USBDC_VIRTUAL_HwConfig.vHUBProductSt
             -ring[0]);
 128   2        }
 129   1      #endif
 130   1        
 131   1        /*02.Reserved a device in the Device Table for virtual Hub */
 132   1        memset(&USBDC_Device[USBDC_VHUB_DEVINX],0x00,sizeof(USBDC_DeviceTypeDef));
 133   1        USBDC_Device[USBDC_VHUB_DEVINX].DevIdx |= DC_USED_MASK;
 134   1      
 135   1        /*03.Init the Hub & HID device*/
 136   1        USBDC_VHub_Init(); //The virtual Hub will used index0,Endp 0,Endp 1
 137   1      
 138   1      #if (PROJECT_USB_GENERIC_HID_ENABLE)
 139   1        USBDC_VHid_Init(); //The virtual HID will used index1,Endp 0,Endp 1,Endp 2
 140   1      #endif  /* #if (PROJECT_USB_GENERIC_HID_ENABLE) */
 141   1      
 142   1      #if (SYSTEM_USB_PEN_DRIVE_SUPPORT)
                USBDC_VMsc_Init(); //The virtual HID will used index1,Endp 0,Endp 1,Endp 2
              #endif
 145   1      
 146   1        /*04.Assing device into USBDC Register */ 
 147   1        USBDC_VIRTUAL_Fill_Device_Reg(USBDC_VHUB_DEVINX,UDC_PORT_ALL_ACT,0x00); //Port0,Port1,Port2,Port3 Active 
             -the root hub device
 148   1      
 149   1      #if (PROJECT_USB_GENERIC_HID_ENABLE)
 150   1        USBDC_VIRTUAL_Fill_Device_Reg(USBDC_VHID_DEVINX,UDC_PORT_ALL_ACT,0x00); //Port0,Port1,Port2,Port3 Active 
             -the root hub device
 151   1      #endif /* #if (PROJECT_USB_GENERIC_HID_ENABLE) */
 152   1      
 153   1        USBDC_VIRTUAL_Active_Device(USBDC_VHUB_DEVINX,UDC_PORT_ALL_ACT);
 154   1      
 155   1        TASK_USBDC_VIRTUAL_PassThrough_Setup_Wait_ID = TASK_Create(TASK_USBDC_VIRTUAL_PassThrough_Setup_Wait);
 156   1      
 157   1      #if (SYSTEM_TASK_DUMP_SUPPORT)
                printf("TASK_USBDC_VIRTUAL_PassThrough_Setup_Wait_ID=%bu\n\r",TASK_USBDC_VIRTUAL_PassThrough_Setup_Wait_I
             -D);
              #endif  
 160   1      }
C51 COMPILER V9.60.7.0   USBDC_VIRTUAL_CORE                                                06/18/2026 10:50:18 PAGE 4   

 161          
 162          /*
 163           * ----------------------------------------------------------------------------
 164           * Function Name: USBDC_VIRTUAL_Fill_Device_Reg
 165           * Purpose: Use Device Table, fill up DC Register
 166           * Params:  NONE
 167           * Returns: NONE
 168           * Note:
 169           * ----------------------------------------------------------------------------
 170           */
 171          void USBDC_VIRTUAL_Fill_Device_Reg(U8_T devinx,U8_T active_port,U8_T address)
 172          {
 173   1        U8_T pinx;
 174   1        U8_T ep;
 175   1        U8_T enable_bit;
 176   1        U8_T reg0;
 177   1        U8_T ep_dir;
 178   1        U8_T ep_dbuf=0;
 179   1        U8_T ep_iso;
 180   1        U8_T ep_pksize;
 181   1        U8_T prefetch[USBDC_PORT_MAX];
 182   1        U8_T index;
 183   1      
 184   1        for (pinx = 0; pinx < USBDC_PORT_MAX; pinx++)
 185   1        {
 186   2          prefetch[pinx] = 0;
 187   2          
 188   2          if (active_port & MOUNT_PORT[pinx])
 189   2          {
 190   3            for (ep=0; ep < USBDC_Device[devinx].EndpNum; ep++)
 191   3            {
 192   4              if ((ep == 0) || (USBDC_Device[devinx].EndpAddr[ep] & 0x0f))
 193   4              {
 194   5                //Check Double Buffer Flag
 195   5                if (USBDC_Device[devinx].EndpAddr[ep] & USBDC_TABLE_DOUBF_MASK)
 196   5                {
 197   6                  if (ep != 0) //Control Endp will ingore the double buffer setting
 198   6                  {
 199   7                    ep_dbuf = DA_EP_CFGR_DBUF_SET;
 200   7                  }
 201   6                }
 202   5                else
 203   5                {
 204   6                  ep_dbuf = DA_EP_CFGR_DBUF_RESET;
 205   6                }
 206   5                
 207   5                //Check DIR
 208   5                if (USBDC_Device[devinx].EndpAddr[ep] & USBDC_TABLE_DIR_MASK) //OUT-0,IM-1
 209   5                {
 210   6                  ep_dir = DA_EP_CFGR_DIR_IN;
 211   6                }
 212   5                else
 213   5                {
 214   6                  ep_dir = DA_EP_CFGR_DIR_OUT;
 215   6                  index=ep+1;
 216   6                  if (index < USBDC_Device[devinx].EndpNum)
 217   6                  {
 218   7                    if ((USBDC_Device[devinx].EndpAddr[index] & 0x0f) == (USBDC_Device[devinx].EndpAddr[ep] & 0x0f))
 219   7                    {
 220   8                      continue;
 221   8                    } 
 222   7                  }   
C51 COMPILER V9.60.7.0   USBDC_VIRTUAL_CORE                                                06/18/2026 10:50:18 PAGE 5   

 223   6                }
 224   5                
 225   5                //Check ISO
 226   5                if (USBDC_Device[devinx].EndpAddr[ep] & USBDC_TABLE_ISO_MASK) //OUT-0,IM-1
 227   5                {
 228   6                  ep_iso = DA_EP_CFGR_ISOCH_SET;
 229   6                }
 230   5                else
 231   5                {
 232   6                  ep_iso = DA_EP_CFGR_ISOCH_RESET;
 233   6                }
 234   5      
 235   5                //Check prefetch
 236   5                if ((ep_iso == DA_EP_CFGR_ISOCH_SET) && (ep_dir == DA_EP_CFGR_DIR_IN))
 237   5                {
 238   6                  prefetch[pinx] = DC_IEPPR_ENABLE_SET | (devinx << 4) | (USBDC_Device[devinx].EndpAddr[ep] & 0x0f);
 239   6                }
 240   5      
 241   5                //---------------------------------------------
 242   5                //Test Only if the ISO port enable the endpoint
 243   5                enable_bit = DA_EP_CFGR_EPEN_SET;
 244   5      
 245   5      #if (SYSTEM_USBAUDIO_DEVICE_SUPPORT)
                        if (ep) // not include control endpoint pipe
                        {
                          if (USB_PDevice[devinx].DevClass == USB_AUDIO_CLASS)
                          {
                            if (ep_iso == DA_EP_CFGR_ISOCH_SET)
                            {
                              if (pinx != KVM_CurrentUSBAudio)
                              {
                                enable_bit = DA_EP_CFGR_EPEN_RESET;
                              }
                            }
                          }
                        }
              #endif
 260   5                reg0 = (USBDC_Device[devinx].EndpAddr[ep] & 0x0f) | enable_bit | ep_dbuf | ep_dir | ep_iso;
 261   5                ep_pksize = USBDC_REGS_Get_Pkt_Size(ep_iso,USBDC_Device[devinx].EndpMaxSize[ep]);
 262   5                
 263   5      #if ((SYSTEM_MSC_DEVICE_SUPPORT || SYSTEM_EXTENDER_MSC_SUPPORT) && (SYSTEM_USB_HC_BURST))
                        //Check Burst Mode
                        if (USBDC_Device[devinx].EndpAddr[ep] & USBDC_TABLE_BURST_MASK) //
                        {
                          ep_pksize |= DA_EP_CFGR_BUREN_SET;
                        }
              #endif /* # if ((SYSTEM_MSC_DEVICE_SUPPORT || SYSTEM_EXTENDER_MSC_SUPPORT) && (SYSTEM_USB_HC_BURST)) */
 270   5                
 271   5                //Write into Register
 272   5                USBDC_EPCFGR_Write(pinx,devinx,ep,reg0,ep_pksize);
 273   5                USBDC_REGS_Endp_Reset(pinx, devinx, ep);
 274   5              }
 275   4            }
 276   3            
 277   3            //-------------------------------------------------
 278   3            //2.Assign IDCFGR->Device Address
 279   3            USBDC_REGS_Address_Write(pinx,devinx,address);
 280   3      
 281   3            //-------------------------------------------------
 282   3            //3.Assign DCIEPPR->Prefetch
 283   3            if (prefetch[pinx])
 284   3            {
C51 COMPILER V9.60.7.0   USBDC_VIRTUAL_CORE                                                06/18/2026 10:50:18 PAGE 6   

 285   4              USBDC_Write_Regs(pinx, DCIEPPR, &prefetch[pinx], 1);
 286   4            }
 287   3          }
 288   2          
 289   2          // Check Terminate condition
 290   2          active_port &= ~MOUNT_PORT[pinx];
 291   2          if (active_port == 0)
 292   2          {
 293   3            break;
 294   3          }
 295   2        }
 296   1      }
 297          
 298          /*
 299           * ----------------------------------------------------------------------------
 300           * Function Name: USBDC_VIRTUAL_Active_Device
 301           * Purpose: Use Device Table, fill up DC Register
 302           * Params:  NONE
 303           * Returns: NONE
 304           * Note:
 305           * ----------------------------------------------------------------------------
 306           */
 307          void USBDC_VIRTUAL_Active_Device(U8_T devinx,U8_T active_port)
 308          {
 309   1        if (active_port & 0x01)
 310   1        {
 311   2          USBDC_HAL_Address_Active(0,devinx,SET);
 312   2        }
 313   1        if (active_port & 0x02)
 314   1        {
 315   2          USBDC_HAL_Address_Active(1,devinx,SET);
 316   2        }
 317   1        if (active_port & 0x04)
 318   1        {
 319   2          USBDC_HAL_Address_Active(2,devinx,SET);
 320   2        }
 321   1        if (active_port & 0x08)
 322   1        {
 323   2          USBDC_HAL_Address_Active(3,devinx,SET);
 324   2        }
 325   1      }
 326          
 327          /*
 328           * ----------------------------------------------------------------------------
 329           * Function Name: USBDC_VIRTUAL_INNAK_Control
 330           * Purpose: Enable the IN NAE interrupt report feature
 331           * Params:  NONE
 332           * Returns: NONE
 333           * Note:
 334           * ----------------------------------------------------------------------------
 335           */
 336          void USBDC_VIRTUAL_INNAK_Control(U8_T devinx,U8_T port,U8_T endpmask,U8_T value)
 337          {
 338   1        U8_T in_nak=0;
 339   1        
 340   1        USBDC_Read_Regs(port,(DAyINAKE+devinx),&in_nak,1);
 341   1        if (value)
 342   1          in_nak |= endpmask;
 343   1        else
 344   1          in_nak &= ~endpmask;
 345   1        
 346   1        USBDC_Write_Regs(port,(DAyINAKE+devinx),&in_nak,1);
C51 COMPILER V9.60.7.0   USBDC_VIRTUAL_CORE                                                06/18/2026 10:50:18 PAGE 7   

 347   1      }
 348          
 349          
 350          /*----------------------------------------------------------------------------
 351           * void USBDC_VIRTUAL_Setup_IN_Process(U8_T port,U8_T insr) 
 352           * Purpose : Setup Transfer Handle
 353           * Params  : none
 354           * Returns : none
 355           * Note    : none
 356           *----------------------------------------------------------------------------*/
 357          void USBDC_VIRTUAL_Setup_IN_Process(U8_T port, U8_T devinx)  //in Complete
 358          {
 359   1        U8_T td_id;
 360   1      
 361   1        if ((USBDC_Device[devinx].ControlState[port] == IN_DATA) || (USBDC_Device[devinx].ControlState[port] == L
             -AST_IN_DATA))
 362   1        {
 363   2          /*PASSTHROUGH*/
 364   2          if (USBDC_Device[devinx].PassThroughState[port] == PASSTHROUGH_IDLE)
 365   2          {
 366   3            USBDC_VIRTUAL_Setup_DataStageIn(devinx,port,1);
 367   3          }
 368   2          else
 369   2          {
 370   3      #if (SYSTEM_EXTENDER_TRANSMITTER)
                    if (USB_PDevice[devinx].DevAttr & DEVATTR_REMOTE_DEV_MASK)  //if not extender, then 
                    {
                      USB_PDevice[devinx].Hc.PassThrough_State = PASSTHROUGH_DC_SETUP_DATA_IN; // return  to HC setup data i
             -n mode
                      TASK_Active(TASK_TYPE_EVENT,TASK_USBHC_ExtenderT_PassThrough_Handle_ID,0x00,devinx,0,0);
                    }
                    else
              #endif /* #if (SYSTEM_EXTENDER_TRANSMITTER) */
 378   3            {
 379   4              if (USBDC_Device[devinx].ControlState[port] == LAST_IN_DATA)
 380   4              {
 381   5                USBDC_Device[devinx].ControlState[port] = WAIT_STATUS_OUT;
 382   5              }
 383   4      
 384   4              if ((USB_PDevice[devinx].Hc.Control.State != CTRL_STATUS_OUT) &&
 385   4                (USB_PDevice[devinx].Hc.Control.State != CTRL_IDLE))
 386   4              {
 387   5                td_id = USB_PDevice[devinx].Hc.Control.TdNum;   // which host channel is used by device
 388   5                TASK_Active(TASK_TYPE_USB,TASK_USBHC_Handle_Control_ID,td_id,devinx,0,0);  // perform HC IN processin
             -g
 389   5              }
 390   4            }
 391   3          }
 392   2        }
 393   1        else if (USBDC_Device[devinx].ControlState[port] == WAIT_STATUS_IN)
 394   1        {   
 395   2          USBDC_Device[devinx].ControlState[port] = SETUP_COMPLETE;
 396   2      #if (SYSTEM_EXTENDER_TRANSMITTER)
                  if (USB_PDevice[devinx].DevAttr & DEVATTR_REMOTE_DEV_MASK)  //if not extender, then
                  {
                    if (USB_PDevice[devinx].Hc.PassThrough_State != PASSTHROUGH_IDLE)
                    {
                      ExtenderT_Device_Passthough_State[devinx] |= T_USB_PASSTHROUGH_DC_DONE_FLAG;
                      ExtenderT_Passthrough_Done_Check(devinx);
                    }
                  }
              #endif /* #if (SYSTEM_EXTENDER_TRANSMITTER) */
C51 COMPILER V9.60.7.0   USBDC_VIRTUAL_CORE                                                06/18/2026 10:50:18 PAGE 8   

 406   2        }
 407   1      }
 408          
 409          /*******************************************************************************
 410          * Function Name  : USBDC_VIRTUAL_Setup_OUT_Process
 411          * Description    : Process the OUT token on all default endpoint.
 412          * Input          : None.
 413          * Output         : None.
 414          * Return         : Post0_Process.
 415          *******************************************************************************/
 416          void USBDC_VIRTUAL_Setup_OUT_Process(U8_T port, U8_T devinx) 
 417          {
 418   1        if ((USBDC_Device[devinx].ControlState[port] == IN_DATA) || (USBDC_Device[devinx].ControlState[port] == L
             -AST_IN_DATA))
 419   1        {
 420   2      #if (SYSTEM_EXTENDER_TRANSMITTER)
                  if (USB_PDevice[devinx].DevAttr & DEVATTR_REMOTE_DEV_MASK)  //if extender remote usb device
                  {
                    if (USB_PDevice[devinx].Hc.PassThrough_State != PASSTHROUGH_IDLE)
                    {
                      if (USBDC_Device[devinx].ControlState[port] == IN_DATA) //If host issue data complete in middle way.
                      {
                        if ((ExtenderT_Device_Passthough_State[devinx] & T_USB_PASSTHROUGH_REMOTE_DONE_FLAG) == 0x00)
                        {
                          ExtenderT_Device_Passthough_State[devinx] |= T_USB_PASSTHROUGH_STATUS_OUT_FLAG;
                          ExtenderT_Device_Passthrough_Flag |= BIT_MASK[devinx];            
                        }
                        else
                        {
                          ExtenderT_Device_Passthough_State[devinx] |= T_USB_PASSTHROUGH_DC_DONE_FLAG; //data complete            
                          ExtenderT_Passthrough_Done_Check(devinx);
                        }
                      }
                      else
                      {
                        ExtenderT_Device_Passthough_State[devinx] |= T_USB_PASSTHROUGH_DC_DONE_FLAG; //data complete          
                        USB_PDevice[devinx].Hc.Control.State = CTRL_STATUS_OUT;
                        ExtenderT_Passthrough_Done_Check(devinx);
                      }
                    }
                  }
              #endif /* #if (SYSTEM_EXTENDER_TRANSMITTER) */
 447   2          USBDC_REGS_Endp_ControlSet(port,devinx,0,DA_CR_ENPX_IN_NAK_SET); //Asnwer NAK for next IN     
 448   2          USBDC_Device[devinx].ControlState[port] = SETUP_COMPLETE; 
 449   2        }
 450   1        else if ((USBDC_Device[devinx].ControlState[port] == OUT_DATA) || (USBDC_Device[devinx].ControlState[port
             -] == LAST_OUT_DATA))
 451   1        {
 452   2          USBDC_VIRTUAL_Setup_DataStageOut(devinx,port,1);
 453   2        }
 454   1        else if (USBDC_Device[devinx].ControlState[port] == WAIT_STATUS_OUT)
 455   1        {
 456   2          USBDC_REGS_Endp_ControlClear(port,devinx,0,DA_CR_BCLR_SET); // now can receive data   
 457   2          USBDC_Device[devinx].ControlState[port] = SETUP_COMPLETE;
 458   2      
 459   2      #if (SYSTEM_EXTENDER_TRANSMITTER)
                  if (USB_PDevice[devinx].DevAttr & DEVATTR_REMOTE_DEV_MASK)  //if extender remote usb device
                  {
                    if (USB_PDevice[devinx].Hc.PassThrough_State != PASSTHROUGH_IDLE)
                    {
                      ExtenderT_Device_Passthough_State[devinx] |= T_USB_PASSTHROUGH_DC_DONE_FLAG;
                      ExtenderT_Passthrough_Done_Check(devinx);
C51 COMPILER V9.60.7.0   USBDC_VIRTUAL_CORE                                                06/18/2026 10:50:18 PAGE 9   

                    }
                  }
              #endif  /* #if (SYSTEM_EXTENDER_TRANSMITTER) */
 469   2        }
 470   1        /* Unexpect state, STALL the endpoint */
 471   1        else if (USBDC_Device[devinx].ControlState[port] != SETUP_COMPLETE)
 472   1        {
 473   2          USBDC_REGS_Endp_ControlClear(port,devinx,0,DA_CR_BCLR_SET); // now can receive data
 474   2        }
 475   1      }
 476          
 477           
 478          /*******************************************************************************
 479          * Function Name  : DataStageIn.
 480          * Description    : Data stage of a Control Read Transfer.
 481          * Input          : handletype=0->prepare,1->send out complete
 482          * Output         : None.
 483          * Return         : None.
 484          *******************************************************************************/
 485          void USBDC_VIRTUAL_Setup_DataStageIn(U8_T devinx,U8_T port,U8_T handletype)
 486          {
 487   1        U8_T  *DataBuffer;
 488   1        U16_T Length;
 489   1      
 490   1        /* No more data to send and empty packet */
 491   1        if (USBDC_Device[devinx].PassThroughState[port] != PASSTHROUGH_IDLE &&
 492   1          USB_PDevice[devinx].Hc.PassThrough_State == PASSTHROUGH_DC_SETUP_DATA_IN)
 493   1        {
 494   2          Length = USB_PDevice[devinx].Hc.PControl.Data_Length;
 495   2      #if (SYSTEM_EXTENDER_TRANSMITTER)
                  if (USB_PDevice[devinx].DevAttr & DEVATTR_REMOTE_DEV_MASK)  //if is extender remode usb device
                  {
                    //Length = USB_PDevice[devinx].Hc.PControl.Data_Length;
                    DataBuffer = USBDC_Device[devinx].Control_EndpBuf[port]+USB_PDevice[devinx].Hc.PControl.Current_Length;
                  }
                  else
              #endif  /* #if (SYSTEM_EXTENDER_TRANSMITTER) */
 503   2          {                 
 504   3            DataBuffer = USBDC_Device[devinx].Control_EndpBuf[port];
 505   3          }
 506   2        }
 507   1        else
 508   1        {
 509   2          Length = USBDC_Device[devinx].Ctrl_TotalByte[port] - USBDC_Device[devinx].Ctrl_CurrentByte[port];
 510   2          DataBuffer = USBDC_Device[devinx].Control_EndpBuf[port]+USBDC_Device[devinx].Ctrl_CurrentByte[port];
 511   2        }
 512   1      
 513   1        if (Length == 0)
 514   1        {
 515   2          /* No more data to send and empty packet */
 516   2          if (handletype == 1) // Send Complete
 517   2          {
 518   3            if (USBDC_Device[devinx].ControlState[port] == LAST_IN_DATA)
 519   3            {
 520   4              USBDC_Device[devinx].ControlState[port] = WAIT_STATUS_OUT;
 521   4              return;
 522   4            }
 523   3            else 
 524   3            {
 525   4              if (USBDC_Device[devinx].ControlState[port] == IN_DATA)
 526   4              {
 527   5                USBDC_Device[devinx].ControlState[port] = LAST_IN_DATA;
C51 COMPILER V9.60.7.0   USBDC_VIRTUAL_CORE                                                06/18/2026 10:50:18 PAGE 10  

 528   5                USBDC_HAL_Endp_Buf_Length_Write(0,port,devinx,0,USBDC_DIR_IN);
 529   5                goto USB_VIRTUAL_Setup_DataStageIn_Post;
 530   5              }
 531   4            }
 532   3          }
 533   2        }
 534   1      
 535   1        if (Length > USBDC_Device[devinx].EndpMaxSize[0])
 536   1        {
 537   2          Length = USBDC_Device[devinx].EndpMaxSize[0];
 538   2        }
 539   1      
 540   1        USBDC_HAL_Endp_In_Buf_Move(DataBuffer,Length,port,devinx,0);
 541   1        USBDC_Device[devinx].Ctrl_CurrentByte[port] += Length;
 542   1      
 543   1        if (Length == USBDC_Device[devinx].EndpMaxSize[0])
 544   1        {
 545   2          USBDC_Device[devinx].ControlState[port] = IN_DATA;
 546   2        }
 547   1        else
 548   1        {
 549   2          USBDC_Device[devinx].ControlState[port] = LAST_IN_DATA;
 550   2        }
 551   1      USB_VIRTUAL_Setup_DataStageIn_Post:
 552   1        USBDC_REGS_Endp_ControlSet(port,devinx,0,DA_CR_BVLD_SET);
 553   1      }
 554          
 555          /*******************************************************************************
 556          * Function Name  : USBDC_VIRTUAL_Setup_DataStageOut_Handle.
 557          * Description    : Data stage of a Control Write Transfer.
 558          * Input          : None.
 559          * Output         : None.
 560          * Return         : None.
 561          *******************************************************************************/
 562          RESULT USBDC_VIRTUAL_Setup_DataStageOut_Handle(U8_T devinx,U8_T port)
 563          {
 564   1        U8_T        led_inx;
 565   1        U8_T        led_value;
 566   1        U8_T        report_type;
 567   1        U8_T        report_id;
 568   1        U8_T        report_inf;
 569   1        USB_Setup_TypeDef *Setup;
 570   1        
 571   1        Setup = &USBDC_Device[devinx].Setup[port];
 572   1        Request_No = Setup->b.bRequest;
 573   1        Type_Recipient = Setup->b.bmRequestType & (REQUEST_TYPE | RECIPIENT);
 574   1      
 575   1        if ((Type_Recipient & REQUEST_TYPE) == CLASS_REQUEST) /* Class Interface Request*/
 576   1        {
 577   2          if (Type_Recipient != (CLASS_REQUEST | OTHER_RECIPIENT))
 578   2          {
 579   3            switch(Request_No)
 580   3            {
 581   4              case SET_REPORT:  //0x09
 582   4                report_type = Setup->b.wValue.bw.lsb;
 583   4                report_id   = Setup->b.wValue.bw.msb;
 584   4                report_inf  = Setup->b.wIndex.bw.msb;
 585   4                if (report_type == 0x02) // standard led command
 586   4                {
 587   5                  if (report_id >= 0x02)
 588   5                  {
 589   6                    return USB_SUCCESS;
C51 COMPILER V9.60.7.0   USBDC_VIRTUAL_CORE                                                06/18/2026 10:50:18 PAGE 11  

 590   6                  }
 591   5      #if (PROJECT_USB_GENERIC_HID_ENABLE)
 592   5                  if (devinx == USBDC_VHID_DEVINX)
 593   5                  {
 594   6                    led_inx = 0;
 595   6                  }
 596   5                  else
 597   5      #endif
 598   5                  {
 599   6                    led_inx = 0;
 600   6                    if ((USBDC_Device[devinx].Current_Protocol[port] & (0x01 << report_inf))== 0x00) // boot protocol
 601   6                    {
 602   7                      if (Setup->b.wLength.bw.msb > 1)
 603   7                        led_inx = 1;
 604   7                    }
 605   6                  }           
 606   5                  led_value = *(USBDC_Device[devinx].Control_EndpBuf[port]+led_inx) & 0x07;   
 607   5      
 608   5                  if (KVM_HostLed[port] != led_value)
 609   5                  {
 610   6                    KVM_HostLed[port] = led_value;
 611   6      #ifdef SYNC
 612   6                    //check keyboard sync setting
 613   6                    if (KVM_Flash.cSystemFlag2 & (SYSTEM_ALL_SYNC_MASK | SYSTEM_KB_SYNC_MASK))  
 614   6                    {               
 615   7                      //memset(KVM_HostLed,led_value,sizeof(KVM_HostLed));                  
 616   7                      if (KM_SYNC_KbLed != led_value)
 617   7                      { 
 618   8                        //printf("p=%bu,d:%bu,set led=%02bx\n\r",port,devinx,led_value);
 619   8                        KM_SYNC_KbLed = led_value;
 620   8                        KVM_CONSOLE_Keyboard_Led_Control(led_value);                  
 621   8                      }                                   
 622   7                    }
 623   6                    else
 624   6                    {
 625   7                      if (KVM_CurrentHost == port)
 626   7                      {
 627   8                        KVM_CONSOLE_Keyboard_Led_Control(led_value);
 628   8      #if (SYSTEM_EXTENDER_TRANSMITTER)                
                                ExtenderT_KVM_KB_Led_Check(port);
              #endif  //#if (SYSTEM_EXTENDER_TRANSMITTER)
 631   8                      }
 632   7                    }               
 633   6      #else
                            if (KVM_CurrentHost == port)
                            {
                              KVM_CONSOLE_Keyboard_Led_Control(led_value);
              #if (SYSTEM_EXTENDER_TRANSMITTER)                
                              ExtenderT_KVM_KB_Led_Check(port);
              #endif  //#if (SYSTEM_EXTENDER_TRANSMITTER)
                            }
              #endif /* #ifdef SYNC */              
 642   6                  }
 643   5      
 644   5      #ifdef SYNC           
 645   5                  if (devinx == USBDC_VHID_DEVINX)
 646   5                  { 
 647   6                    KM_SYNC_Start(port);
 648   6                  } 
 649   5      #endif                        
 650   5                  
 651   5                }
C51 COMPILER V9.60.7.0   USBDC_VIRTUAL_CORE                                                06/18/2026 10:50:18 PAGE 12  

 652   4                break;
 653   4            }
 654   3            
 655   3          }
 656   2        }
 657   1        return USB_SUCCESS;
 658   1      }
 659          
 660          /*******************************************************************************
 661          * Function Name  : USBDC_VIRTUAL_Setup_DataStageOut.
 662          * Description    : Data stage of a Control Write Transfer.
 663          * Input          : None.
 664          * Output         : None.
 665          * Return         : None.
 666          *******************************************************************************/
 667          void USBDC_VIRTUAL_Setup_DataStageOut(U8_T devinx,U8_T port,U8_T handle_type)
 668          {
 669   1        U8_T  *DataBuffer;
 670   1        U16_T Length;
 671   1        bit   hc_passthroug_flag=0;
 672   1      
 673   1        if (handle_type == 0) // Out Stage Init
 674   1        {
 675   2          USBDC_Device[devinx].Ctrl_TotalByte[port] = USBDC_Device[devinx].Setup[port].b.wLength.w;
 676   2          USBDC_Device[devinx].Ctrl_CurrentByte[port] = 0;
 677   2          if (USBDC_Device[devinx].Ctrl_TotalByte[port] <= USBDC_Device[devinx].EndpMaxSize[0])
 678   2          {
 679   3            USBDC_Device[devinx].ControlState[port] = LAST_OUT_DATA;
 680   3          }
 681   2          else
 682   2          {
 683   3            USBDC_Device[devinx].ControlState[port] = OUT_DATA;
 684   3          }
 685   2          /*if Not in PassThrough Mode Out Mode */
 686   2          if (USBDC_Device[devinx].PassThroughState[port] == PASSTHROUGH_IDLE)
 687   2          {
 688   3      #if (SYSTEM_EXTENDER_SUPPORT)
                    USBDC_Device[devinx].Control_EndpBuf[port] = USBDC_PassthroughTempory[devinx][port];
              #else
 691   3            USBDC_Device[devinx].Control_EndpBuf[port] = &USBDC_PassthroughTempory[0];
 692   3      #endif
 693   3          }
 694   2        }
 695   1        else
 696   1        {
 697   2          Length = USBDC_HAL_Endp_Buf_Length_Read(port,devinx,0,USBDC_DIR_OUT); // out data length
 698   2          if (USBDC_Device[devinx].PassThroughState[port])
 699   2          {
 700   3            USB_PDevice[devinx].Hc.PControl.Data_Length=Length;
 701   3          }
 702   2      
 703   2          if (Length ==0) 
 704   2          {
 705   3            if (USBDC_Device[devinx].PassThroughState[port])
 706   3            {
 707   4              /*PASSTHROUGH*/
 708   4              hc_passthroug_flag = 1;
 709   4              USB_PDevice[devinx].Hc.PassThrough_State = PASSTHROUGH_HC_SETUP_DATA_OUT;
 710   4            }
 711   3          }
 712   2          else
 713   2          {
C51 COMPILER V9.60.7.0   USBDC_VIRTUAL_CORE                                                06/18/2026 10:50:18 PAGE 13  

 714   3            if ((USBDC_Device[devinx].ControlState[port] != OUT_DATA) && (USBDC_Device[devinx].ControlState[port] !
             -= LAST_OUT_DATA))
 715   3            {
 716   4              USBDC_REGS_Endp_ControlClear(port,devinx,0,DA_CR_BCLR_SET); // Clear the OUT buffre flag
 717   4              USBDC_VIRTUAL_Control_Endp_Stalled(devinx,port);
 718   4              return;
 719   4            }
 720   3            
 721   3            if (USBDC_Device[devinx].PassThroughState[port])
 722   3            {
 723   4      #if (SYSTEM_EXTENDER_TRANSMITTER)
                      if (USB_PDevice[devinx].DevAttr & DEVATTR_REMOTE_DEV_MASK)  //if extender device
                      {
                        DataBuffer = USB_PDevice[devinx].Hc.PControl.Buf+USB_PDevice[devinx].Hc.PControl.Current_Length;
                      }
                      else
              #endif /* #if (SYSTEM_EXTENDER_TRANSMITTER) */
 730   4              {
 731   5                DataBuffer = USBDC_Device[devinx].Control_EndpBuf[port];
 732   5              }
 733   4            }
 734   3            else
 735   3            {
 736   4              DataBuffer = USBDC_Device[devinx].Control_EndpBuf[port]+USBDC_Device[devinx].Ctrl_CurrentByte[port];
 737   4            }
 738   3      
 739   3            USBDC_HAL_Endp_Out_Buf_Copy(DataBuffer,port,devinx,0,0);
 740   3            
 741   3            //~~~~~~~~~~~~~~~~~~~~~~~~~~~~~~~~~~~~~~~~~~~~~~~~~~~~~~~~~~~~~~~~~~~~~~~~~~~~~~~~~~~~~~~~~~~
 742   3            //Logitech Unifying wireless mouse handle
 743   3            if ((USB_PDevice[devinx].DevAttr & DEVATTR_UNIFYING_MASK) &&
 744   3              (USBDC_Device[devinx].DevAttr[port] & UNIFYING_RPT_CHECK_MASK))
 745   3            {
 746   4              USBDC_Unifying_SetReport_Data_Check(port,devinx,DataBuffer);
 747   4            }
 748   3            //~~~~~~~~~~~~~~~~~~~~~~~~~~~~~~~~~~~~~~~~~~~~~~~~~~~~~~~~~~~~~~~~~~~~~~~~~~~~~~~~~~~~~~~~~~~
 749   3            
 750   3            if (USBDC_Device[devinx].ControlState[port] == OUT_DATA)
 751   3            {
 752   4              if (USBDC_Device[devinx].Ctrl_TotalByte[port] < (USBDC_Device[devinx].Ctrl_CurrentByte[port] + Length)
             -) // this over flow
 753   4              {
 754   5                USBDC_REGS_Endp_ControlClear(port,devinx,0,DA_CR_BCLR_SET); // Clear the OUT buffre flag
 755   5                USBDC_VIRTUAL_Control_Endp_Stalled(devinx,port);
 756   5                /*PassThroug*/
 757   5                return;
 758   5              }
 759   4              else
 760   4              {
 761   5                USBDC_Device[devinx].Ctrl_CurrentByte[port] += Length;
 762   5                Length = USBDC_Device[devinx].Ctrl_TotalByte[port]-USBDC_Device[devinx].Ctrl_CurrentByte[port];
 763   5                /*PASSTHROUGH*/
 764   5                if (USBDC_Device[devinx].PassThroughState[port] == PASSTHROUGH_IDLE) 
 765   5                {
 766   6                  USBDC_REGS_Endp_ControlClear(port,devinx,0,DA_CR_BCLR_SET); // Clear the OUT buffre flag
 767   6                }
 768   5                else
 769   5                {
 770   6                  /*PASSTHROUGH*/
 771   6                  hc_passthroug_flag = 1;
 772   6                  //Special handle for Logitech unifying wirelsee mouse
 773   6                }
C51 COMPILER V9.60.7.0   USBDC_VIRTUAL_CORE                                                06/18/2026 10:50:18 PAGE 14  

 774   5                if (Length <= USBDC_Device[devinx].EndpMaxSize[0])
 775   5                {
 776   6                  USBDC_Device[devinx].ControlState[port] = LAST_OUT_DATA;
 777   6                }
 778   5              }
 779   4            }
 780   3            else if (USBDC_Device[devinx].ControlState[port] == LAST_OUT_DATA)// should put STALL
 781   3            {
 782   4              // The Last package
 783   4              USBDC_Device[devinx].ControlState[port] = WAIT_STATUS_IN;
 784   4              USBDC_REGS_Endp_ControlClear(port,devinx,0,DA_CR_BCLR_SET); // Clear the OUT buffre flag
 785   4              
 786   4              //Enable endpoint buffer in condition
 787   4              USBDC_HAL_Endp_Buf_Length_Write(0,port,devinx,0,USBDC_DIR_IN);
 788   4      
 789   4              if (USBDC_Device[devinx].PassThroughState[port] == PASSTHROUGH_IDLE) 
 790   4              {
 791   5                USBDC_REGS_Endp_ControlSet(port,devinx,0,DA_CR_BVLD_SET); // STATUS IN
 792   5                if (devinx != USBDC_VHUB_DEVINX )
 793   5                {
 794   6                  USBDC_VIRTUAL_Setup_DataStageOut_Handle(devinx,port);
 795   6                }
 796   5              }
 797   4              else
 798   4              {
 799   5                /*PASSTHROUGH*/
 800   5                hc_passthroug_flag = 1;
 801   5              }
 802   4            }
 803   3            else
 804   3            {
 805   4              USBDC_VIRTUAL_Control_Endp_Stalled(devinx,port);
 806   4            }
 807   3            
 808   3            /*PASSTHROUGH*/
 809   3            if (hc_passthroug_flag)
 810   3            {
 811   4              USB_PDevice[devinx].Hc.Control.State = CTRL_DATA_OUT;   
 812   4              USB_PDevice[devinx].Hc.PassThrough_State = PASSTHROUGH_HC_SETUP_DATA_OUT;
 813   4      #if (SYSTEM_EXTENDER_TRANSMITTER)
                      if (USB_PDevice[devinx].DevAttr & DEVATTR_REMOTE_DEV_MASK)  //if extender device
                      {
                        TASK_Active(TASK_TYPE_EVENT,TASK_USBHC_ExtenderT_PassThrough_Handle_ID,0,devinx,0,0);  // Generate th
             -e Setup Send command
                      }
                      else
              #endif  /*#if (SYSTEM_EXTENDER_TRANSMITTER) */
 820   4              {
 821   5                TASK_Active(TASK_TYPE_USB,TASK_USBHC_Handle_Control_ID,USB_PDevice[devinx].Hc.Control.TdNum,devinx,0,
             -0);  // Generate the Setup Send command
 822   5              }
 823   4            }
 824   3          }
 825   2        }
 826   1      }
 827          
 828          /*******************************************************************************
 829          * Function Name  : USBDC_VIRTUAL_Control_Endp_Stalled.
 830          * Description    : Set or enable a specific feature of Device.
 831          * Input          : None.
 832          * Output         : None.
 833          * Return         : - Return USB_SUCCESS, if the request is performed.
C51 COMPILER V9.60.7.0   USBDC_VIRTUAL_CORE                                                06/18/2026 10:50:18 PAGE 15  

 834          *                  - Return USB_UNSUPPORT, if the request is invalid.
 835          *******************************************************************************/
 836          void USBDC_VIRTUAL_Control_Endp_Stalled(U8_T devinx,U8_T port)
 837          { 
 838   1        USBDC_Device[devinx].ControlState[port] = STALLED; // stall the quest
 839   1        USBDC_REGS_Endp_ControlSet(port,devinx,0,DA_CR_STALL_SET);
 840   1      }
 841          
 842          /*******************************************************************************
 843          * Function Name  : USBDC_VIRTUAL_Control_Statue_In.
 844          * Description    : Prepare a IN Ack with 0 length 
 845          * Input          : None.
 846          * Output         : None.
 847          * Return         : - Return USB_SUCCESS, if the request is performed.
 848          *                  - Return USB_UNSUPPORT, if the request is invalid.
 849          *******************************************************************************/
 850          void USBDC_VIRTUAL_Control_Statue_In(U8_T devinx,U8_T port)
 851          {
 852   1        USBDC_HAL_Endp_Buf_Length_Write(0,port,devinx,0,USBDC_DIR_IN);
 853   1        USBDC_REGS_Endp_ControlSet(port,devinx,0,DA_CR_BVLD_SET);
 854   1      }
 855          
 856          /*******************************************************************************
 857          * Function Name  : USBDC_Standard_SetConfiguration.
 858          * Description    : Set or enable a specific feature of Device.
 859          * Input          : None.
 860          * Output         : None.
 861          * Return         : - Return USB_SUCCESS, if the request is performed.
 862          *                  - Return USB_UNSUPPORT, if the request is invalid.
 863          *******************************************************************************/
 864          RESULT USBDC_Standard_SetConfiguration(U8_T devinx,U8_T port)
 865          {
 866   1        if ((wValue_L <= USB_PDevice[devinx].TotalConfiguration) ||
 867   1          (USB_PDevice[devinx].idVendor == 0x0408 && USB_PDevice[devinx].idProduct == 0x3001)) /* For Acer T231H t
             -ouch screen */
 868   1        {
 869   2          if (wValue_L != USB_PDevice[devinx].ConfigurationValue)
 870   2          {
 871   3            //Check PD configuration value
 872   3            /*Handle HC Protocol Setting */
 873   3            if ((port == KVM_CurrentHost) && (devinx >= USBDC_VIRTUAL_DEVINX)) // active port
 874   3            {
 875   4              USB_PDevice[devinx].ConfigurationValue = wValue_L;        
 876   4              USBHC_Set_Dev_Configuration(devinx,wValue_L);         
 877   4            }
 878   3          }
 879   2      
 880   2          USBDC_Device[devinx].Current_Configuration[port] = wValue_L;
 881   2      
 882   2          return USB_SUCCESS;
 883   2        }
 884   1        return USB_UNSUPPORT;
 885   1      }
 886          
 887          
 888          /*******************************************************************************
 889          * Function Name  : USBDC_Standard_SetAddress
 890          * Description    : Set or enable a specific feature of Device.
 891          * Input          : None.
 892          * Output         : None.
 893          * Return         : - Return USB_SUCCESS, if the request is performed.
 894          *                  - Return USB_UNSUPPORT, if the request is invalid.
C51 COMPILER V9.60.7.0   USBDC_VIRTUAL_CORE                                                06/18/2026 10:50:18 PAGE 16  

 895          *******************************************************************************/
 896          RESULT USBDC_Standard_SetAddress(U8_T devinx,U8_T port)
 897          {
 898   1        if (wValue_L > 127)   /* Device Address should be 127 or less*/
 899   1        {
 900   2          USBDC_VIRTUAL_Control_Endp_Stalled(devinx,port);
 901   2          return USB_UNSUPPORT;
 902   2        }
 903   1        else
 904   1        {
 905   2          USBDC_Device[devinx].DevAddr[port] = wValue_L;
 906   2          USBDC_Device[devinx].ISR_Handle[port] |= ISR_HANDLE_SET_ADDRESS; // need isr to handle the STATUS IN Sta
             -tus
 907   2          if (port == KVM_CurrentHost)        
 908   2          {
 909   3            USBDC_Device[devinx].DevAttr[port] &= ~RESET_ONCE_WHEN_SW_MASK; //if target port has been assign reset
 910   3          }
 911   2      
 912   2      #if (SYSTEM_EXTENDER_TRANSMITTER)
                  USBDC_Device[devinx].EndpIntrAttr = 0;
                  USBDC_Device[devinx].EndpIntrWait = 0;
              #endif /* #if (SYSTEM_EXTENDER_TRANSMITTER) */
 916   2        }
 917   1      
 918   1        return USB_SUCCESS;
 919   1      }
 920          
 921          /*******************************************************************************
 922          * Function Name  : USBDC_Standard_Feature_Control.
 923          * Description    : Set or Clear a specific feature of Device/Interface/endpoint
 924          * Input          : None.
 925          * Output         : None.
 926          * Return         : - Return USB_SUCCESS, if the request is performed.
 927          *                  - Return USB_UNSUPPORT, if the request is invalid.
 928          *******************************************************************************/
 929          RESULT USBDC_Standard_Feature_Control(U8_T devinx,U8_T port,FlagStatus state)
 930          {
 931   1        RESULT  Result = USB_UNSUPPORT;
 932   1        U8_T  endpidx;
 933   1        U8_T  endpaddr;
 934   1      
 935   1        switch (Type_Recipient)
 936   1        {
 937   2          case DEVICE_RECIPIENT: //0-Device, remote wakeup
 938   2            if (state == SET)
 939   2            {
 940   3              USBDC_Device[devinx].Feature[port] |= FEATURE_REMOTE;
 941   3              USBDC_UpPortState[port] |= USBDC_ROOTHUB_REMOTE_WAKEUP;
 942   3            }
 943   2            else
 944   2            {
 945   3              USBDC_Device[devinx].Feature[port] &= ~FEATURE_REMOTE;
 946   3              USBDC_UpPortState[port] &= ~USBDC_ROOTHUB_REMOTE_WAKEUP;
 947   3            }
 948   2            Result = USB_SUCCESS;
 949   2            break;
 950   2          case ENDPOINT_RECIPIENT: //Endpoint, STALLED
 951   2            USBDC_Search_EndpAddr(devinx,USBDC_Device[devinx].Setup[port].b.wIndex.bw.msb,&endpidx);
 952   2            endpaddr = USBDC_Device[devinx].Setup[port].b.wIndex.bw.msb & ~0x80;
 953   2            if (endpaddr <= 0x07)
 954   2            {
 955   3              if (state == SET)
C51 COMPILER V9.60.7.0   USBDC_VIRTUAL_CORE                                                06/18/2026 10:50:18 PAGE 17  

 956   3              {
 957   4                USBDC_VIRTUAL_Endp_Stall_Control(port,devinx,endpidx,state);
 958   4                USBDC_Device[devinx].Endp_Stall[port] |= (0x01 << endpidx);
 959   4              }
 960   3              else
 961   3              {
 962   4                if ((USBDC_Device[devinx].Endp_Stall[port] & (0x01 << endpidx)) == 0)
 963   4                {
 964   5                  return USB_UNSUPPORT;
 965   5                }
 966   4                USBDC_VIRTUAL_Endp_Stall_Control(port,devinx,endpidx,state);
 967   4                USBDC_Device[devinx].Endp_Stall[port] &= ~(0x01 << endpidx);
 968   4      
 969   4      #if (SYSTEM_USB_PEN_DRIVE_SUPPORT)
                        if (devinx == USBDC_VMSC_DEVINX)
                        {
                          USBDC_MSC_Stall_Clear(devinx);
                        }
              #endif
 975   4              }
 976   3            }
 977   2      #if (SYSTEM_EXTENDER_MSC_SUPPORT)
              #if (SYSTEM_EXTENDER_TRANSMITTER)
                    if ((devinx == EXTENDER_MSC_Devinx) && (USB_PDevice[devinx].DevClass == USB_MSC_CLASS))
                    {
                      Result = USB_WAIT;
                      if ((Request_No == CLEAR_FEATURE) && (USBDC_Device[devinx].Setup[port].b.wValue.w == 0x00))
                      {
                        //should create a IN after passthrough complete
                        if (USB_PDevice[devinx].MSC->BOT_State == MSC_BOT_STALL)
                        {
                          USB_PDevice[devinx].MSC->BOT_State = MSC_BOT_CSW_REQUEST;
                        }
                      }
                    }
                    else
              #endif //#if (SYSTEM_EXTENDER_TRANSMITTER)
              #endif //#if (SYSTEM_EXTENDER_MSC_SUPPORT)
 994   2      #if (SYSTEM_MSC_DEVICE_SUPPORT)
                    if ((devinx == USBHC_MSC_Devinx) && (USB_PDevice[devinx].DevClass == USB_MSC_CLASS))
                    {
                      Result = USB_WAIT;
                      if ((Request_No == CLEAR_FEATURE) && (USBDC_Device[devinx].Setup[port].b.wValue.w == 0x00))
                      {
                        //should create a IN after passthrough complete
                        USBHC_MSC_State |= MSC_STATE_CHECK_BULK_IN;
                      }
                    }
                    else
              #endif
1006   2            {
1007   3              Result = USB_SUCCESS;
1008   3            }
1009   2            break; //Endpoint, STALLED
1010   2        }
1011   1        return Result;
1012   1      }
1013          
1014          /*******************************************************************************
1015          * Function Name  : USBDC_Standard_SetInterface.
1016          * Description    : This routine is called to set the interface.
1017          *                  Then each class should configure the interface them self.
C51 COMPILER V9.60.7.0   USBDC_VIRTUAL_CORE                                                06/18/2026 10:50:18 PAGE 18  

1018          * Input          : None.
1019          * Output         : None.
1020          * Return         : - Return USB_SUCCESS, if the request is performed.
1021          *                  - Return USB_UNSUPPORT, if the request is invalid.
1022          *******************************************************************************/
1023          RESULT USBDC_Standard_SetInterface(U8_T devinx,U8_T port)
1024          {
1025   1        /*Test if the specified Interface and Alternate Setting are supported by
1026   1        the application Firmware*/
1027   1        if (devinx==0) // check hub first
1028   1        {
1029   2          if ((wIndex_L > 0) || (wValue_L > 0))
1030   2            return USB_UNSUPPORT;
1031   2        }
1032   1      
1033   1        if (wValue_L != USBDC_Device[devinx].Current_AlternateSetting[port][wIndex_L])
1034   1        {
1035   2          USBDC_Device[devinx].Current_AlternateSetting[port][wIndex_L]  = wValue_L;
1036   2          
1037   2          if (USB_PDevice[devinx].DevClass == USB_AUDIO_CLASS)
1038   2          {
1039   3            if (port == KVM_CurrentUSBAudio)
1040   3            {
1041   4              USB_PDevice[devinx].Current_AlternateSetting[wIndex_L] = wValue_L;
1042   4              USBHC_Set_Dev_Interface(devinx,wIndex_L,wValue_L); // interface,alternate setting       
1043   4      #if (SYSTEM_USBAUDIO_DEVICE_SUPPORT)
              #if (SYSTEM_EXTENDER_RECEIVER)  || (SYSTEM_KVM)             
                      if ((wIndex_L == HC_IsoTransfer_Table[USB_HC_ISTL_OUT_MAX].InterfaceIdx) &&
                        (wValue_L == 0x01) &&
                        (HC_IsoTransfer_Table[USB_HC_ISTL_OUT_MAX].Used_DeviceID & USBHC_DEVICE_USED_MASK))
                      {
                        EXTINT3_DISABLE;
                        USBHC_AUDIO_In_Start();
                        EXTINT3_ENABLE;
                      }
              #endif  /*  #if (SYSTEM_EXTENDER_RECEIVER) */                 
              #endif  /*  #if (SYSTEM_USBAUDIO_DEVICE_SUPPORT) */   
1055   4            }
1056   3          }
1057   2          else if (port == KVM_CurrentHost) 
1058   2          {
1059   3            USB_PDevice[devinx].Current_AlternateSetting[wIndex_L] = wValue_L;
1060   3            USBHC_Set_Dev_Interface(devinx,wIndex_L,wValue_L); // interface,alternate setting
1061   3          }
1062   2        }
1063   1      
1064   1        return USB_SUCCESS;
1065   1      }
1066          
1067          /*******************************************************************************
1068          * RESULT USBDC_Class_SetIdle(U8_T devinx)
1069          * Description    : This routine is called to set the interface.
1070          *                  Then each class should configure the interface them self.
1071          * Input          : None.
1072          * Output         : None.
1073          * Return         : - Return USB_SUCCESS, if the request is performed.
1074          *                  - Return USB_UNSUPPORT, if the request is invalid.
1075          *******************************************************************************/
1076          RESULT USBDC_Class_SetIdle(U8_T devinx)
1077          {
1078   1        U8_T  infidle;
1079   1        
C51 COMPILER V9.60.7.0   USBDC_VIRTUAL_CORE                                                06/18/2026 10:50:18 PAGE 19  

1080   1        infidle = 0x01 << wIndex_L;
1081   1        if (USB_PDevice[devinx].Hid_SetIdle_Allow & infidle)
1082   1        {
1083   2          USB_PDevice[devinx].InfSetIdle[wIndex_L] = wValue_H; // store the idle counter
1084   2          return USB_SUCCESS;
1085   2        }
1086   1        
1087   1        return USB_UNSUPPORT;
1088   1      }
1089          
1090          /*******************************************************************************
1091          * Function Name  : USBDC_Class_SetReport.
1092          * Description    : Every device have to provide this feature
1093          * Input          : None.
1094          * Output         : None.
1095          * Return         : - Return USB_SUCCESS, if the request is performed.
1096          *                  - Return USB_UNSUPPORT, if the request is invalid.
1097          *******************************************************************************/
1098          RESULT USBDC_Class_SetReport(U8_T devinx,U8_T port)
1099          {
1100   1        U8_T report_type;
1101   1        U8_T report_id;
1102   1        
1103   1        report_type = USBDC_Device[devinx].Setup[port].b.wValue.bw.lsb;
1104   1        report_id   = USBDC_Device[devinx].Setup[port].b.wValue.bw.msb;
1105   1        
1106   1        if (report_type != 0x02) // standard led command
1107   1        {
1108   2          if (USB_PDevice[devinx].DevAttr & DEVATTR_TD2220_MASK)
1109   2          {
1110   3            if (report_type == 0x03 && report_id == 0x0C)
1111   3            {
1112   4              USBDC_Device[devinx].DevAttr[port] |= TD2220_FORMAT_C14;
1113   4              if (port == KVM_CurrentHost)
1114   4              {
1115   5                USB_PDevice[devinx].DevAttr |= TD2220_FORMAT_C14;
1116   5              }
1117   4              else
1118   4              {
1119   5                return USB_UNSUPPORT;
1120   5              }
1121   4            }
1122   3          }
1123   2      
1124   2          //Not Standard Class Report
1125   2          if (devinx >= USBDC_VIRTUAL_DEVINX) // this is virtual devcie base address
1126   2          {
1127   3            return USB_WAIT; // need to passthrough
1128   3          }
1129   2        }
1130   1        else
1131   1        {
1132   2          if (report_id >= 0x02)
1133   2          {
1134   3            //1.Special Handle for Logitech wireless receive serials
1135   3            if (USB_PDevice[devinx].DevAttr & DEVATTR_UNIFYING_MASK) //Logitech Unifying wirelesee hid device
1136   3            {
1137   4              if (USBDC_Unifying_SetReport_Cmd_Check(port,devinx,report_id) != USB_WAIT)
1138   4              {
1139   5                goto USBDC_Class_SetReport_Next;
1140   5              }
1141   4            }
C51 COMPILER V9.60.7.0   USBDC_VIRTUAL_CORE                                                06/18/2026 10:50:18 PAGE 20  

1142   3            return  USB_WAIT;
1143   3          }
1144   2          else if (USBDC_Device[devinx].Setup[port].b.wLength.w >= 16)
1145   2          {
1146   3            return USB_WAIT;
1147   3          }
1148   2          
1149   2      USBDC_Class_SetReport_Next:
1150   2          USBDC_Device[devinx].Ctrl_TotalByte[port]   = USBDC_Device[devinx].Setup[port].b.wLength.w;
1151   2          USBDC_Device[devinx].Ctrl_CurrentByte[port] = 0;
1152   2        }
1153   1        return USB_SUCCESS;
1154   1      }
1155          
1156          /*******************************************************************************
1157          * Function Name  : USBDC_Class_GetProtocol.
1158          * Description    : Every device have to provide this feature
1159          * Input          : None.
1160          * Output         : None.
1161          * Return         : - Return USB_SUCCESS, if the request is performed.
1162          *                  - Return USB_UNSUPPORT, if the request is invalid.
1163          *******************************************************************************/
1164          RESULT USBDC_Class_GetProtocol(U8_T devinx,U8_T port)
1165          {
1166   1        USBDC_Device[devinx].Ctrl_TotalByte[port] = USBDC_Device[devinx].Setup[port].b.wLength.w;
1167   1        USBDC_Device[devinx].Ctrl_CurrentByte[port] = 0;
1168   1        wValue_H = 0x01 << wIndex_L; // get interface bit position
1169   1        
1170   1        if (USBDC_Device[devinx].Current_Protocol[port] & wValue_H)  // boot protocol
1171   1        {
1172   2          Port_Protocol[port] = 0; // boot protocol
1173   2        }
1174   1        else
1175   1        {
1176   2          Port_Protocol[port] = 1; // report porotocol
1177   2        }
1178   1        USBDC_Device[devinx].Control_EndpBuf[port] = &Port_Protocol[port];
1179   1        return USB_SUCCESS;
1180   1      }
1181          
1182          /*******************************************************************************
1183          * Function Name  : USBDC_Class_SetProtocol.
1184          * Description    : Every device have to provide this feature
1185          * Input          : None.
1186          * Output         : None.
1187          * Return         : - Return USB_SUCCESS, if the request is performed.
1188          *                  - Return USB_UNSUPPORT, if the request is invalid.
1189          *******************************************************************************/
1190          RESULT USBDC_Class_SetProtocol(U8_T devinx,U8_T port)
1191          {
1192   1        U8_T  hcprotocol;
1193   1        U8_T  curinf;
1194   1        
1195   1        wValue_H = (0x01 << wIndex_L); // Interface number setting
1196   1        
1197   1        if (wValue_L == 0) // Boot protocol
1198   1        {
1199   2          USBDC_Device[devinx].Current_Protocol[port] |= wValue_H;   //Boot Protocol
1200   2          
1201   2          /* If host of upper system set boot protocol for interface 0, we set all
1202   2             bootable interfaces to boot protocol.
1203   2          */
C51 COMPILER V9.60.7.0   USBDC_VIRTUAL_CORE                                                06/18/2026 10:50:18 PAGE 21  

1204   2          if (wIndex_L == 0)
1205   2          {
1206   3            for (curinf = 1; curinf < (USB_PDevice[devinx].InterfaceNum & USBHC_DEVICE_INTERFACENUM_MASK); curinf++
             -)
1207   3            {
1208   4              if (USB_PDevice[devinx].InfClass[curinf] == USB_HID_CLASS &&
1209   4                USB_PDevice[devinx].InfSubClass[curinf])
1210   4              {
1211   5                USBDC_Device[devinx].Current_Protocol[port] |= (0x01 << curinf);
1212   5              }
1213   4            }
1214   3          }
1215   2        }
1216   1        else
1217   1        {
1218   2          USBDC_Device[devinx].Current_Protocol[port] &= ~wValue_H;  //Report Protocol
1219   2        }
1220   1      
1221   1        /*Handle HC Protocol Setting */
1222   1      //#ifdef HIKDVR 
1223   1      //  hcprotocol = 0;
1224   1      //#else 
1225   1        if ((port == KVM_CurrentHost) && (devinx >= USBDC_VIRTUAL_DEVINX)) // active port
1226   1        {
1227   2          hcprotocol = USBDC_Device[devinx].Current_Protocol[port] & wValue_H;
1228   2          USB_PDevice[devinx].Current_Protocol &= ~wValue_H;
1229   2          USB_PDevice[devinx].Current_Protocol |= hcprotocol;
1230   2          return USB_WAIT;
1231   2        }
1232   1      //#endif  
1233   1        return USB_SUCCESS;
1234   1      }
1235          
1236          /*******************************************************************************
1237          * Function Name  : USBDC_Class_GetReport.
1238          * Description    : Every device have to provide this feature
1239          * Input          : None.
1240          * Output         : None.
1241          * Return         : - Return USB_SUCCESS, if the request is performed.
1242          *                  - Return USB_UNSUPPORT, if the request is invalid.
1243          *******************************************************************************/
1244           
1245          RESULT USBDC_Class_GetReport(U8_T devinx,U8_T port)
1246          {
1247   1        RESULT Result=USB_UNSUPPORT;
1248   1        U8_T report_type;
1249   1        U8_T report_id;
1250   1      
1251   1        report_type = USBDC_Device[devinx].Setup[port].b.wValue.bw.lsb;
1252   1        report_id   = USBDC_Device[devinx].Setup[port].b.wValue.bw.msb;
1253   1      
1254   1      #if (PROJECT_USB_GENERIC_HID_ENABLE)
1255   1        if ( (devinx == USBDC_VHID_DEVINX) || ((report_id == 0) && (report_type == 0x02)))// for virtual HID devi
             -ce
1256   1        {
1257   2          Result=USBDC_VHid_Class_GetReport(devinx,port);
1258   2        }
1259   1        else //if (devinx == USBDC_VIRTUAL_DEVINX) // for virtual HID device
1260   1      #endif /* #if (PROJECT_USB_GENERIC_HID_ENABLE)*/
1261   1        {
1262   2          if (devinx >= USBDC_VIRTUAL_DEVINX) // this is virtual devcie base address
1263   2          {
C51 COMPILER V9.60.7.0   USBDC_VIRTUAL_CORE                                                06/18/2026 10:50:18 PAGE 22  

1264   3            Result = USB_WAIT; // need to passthrough
1265   3          }
1266   2        }
1267   1        return Result;
1268   1      }
1269           
1270          /*******************************************************************************
1271          * Function Name  : USBDC_Standard_GetStatus.
1272          * Description    : Copy the device request data to "StatusInfo buffer".
1273          * Input          : - Length - How many bytes are needed.
1274          * Output         : None.
1275          * Return         : Return 0, if the request is at end of data block,
1276          *                  or is invalid when "Length" is 0.
1277          *******************************************************************************/
1278          RESULT USBDC_Standard_GetStatus(U8_T devinx,U8_T port)
1279          {
1280   1        U8_T Related_Endpoint;
1281   1        
1282   1        if ((USBDC_Device[devinx].Setup[port].b.wValue.w == 0) &&
1283   1          (USBDC_Device[devinx].Setup[port].b.wLength.w == 0x0002)&& 
1284   1          (wIndex_H == 0)
1285   1          )
1286   1        {
1287   2          //USBDC_VIRTUAL_Setup_Token(devinx,port);
1288   2        }
1289   1        else
1290   1        {
1291   2          return USB_UNSUPPORT;
1292   2        }
1293   1        /* Reset Status Information */
1294   1        StatusInfo.w = 0;
1295   1      
1296   1        if (Type_Recipient == (STANDARD_REQUEST | DEVICE_RECIPIENT))
1297   1        {
1298   2          /*Get Device Status */
1299   2          /* Remote Wakeup enabled */
1300   2          if (_ValBit(USBDC_Device[devinx].Feature[port],5))
1301   2          {
1302   3            _SetBit(StatusInfo.bw.lsb, 1);
1303   3          }
1304   2      
1305   2          /* Bus-powered */
1306   2          if (_ValBit(USBDC_Device[devinx].Feature[port],6))
1307   2          {
1308   3            /* Self-powered */
1309   3            _SetBit(StatusInfo.bw.lsb, 0);
1310   3          }
1311   2          else /* Bus-powered */
1312   2          {
1313   3            _ClrBit(StatusInfo.bw.lsb, 0);
1314   3          }
1315   2        }
1316   1        /*Interface Status*/
1317   1        else if (Type_Recipient == (STANDARD_REQUEST | INTERFACE_RECIPIENT))
1318   1        {
1319   2        
1320   2        }
1321   1        /*Get EndPoint Status*/
1322   1        else if (Type_Recipient == (STANDARD_REQUEST | ENDPOINT_RECIPIENT))
1323   1        {
1324   2          Related_Endpoint = (wIndex_L & 0x0f);
1325   2          if (_ValBit(wIndex_L, 7)) 
C51 COMPILER V9.60.7.0   USBDC_VIRTUAL_CORE                                                06/18/2026 10:50:18 PAGE 23  

1326   2          {
1327   3            /* IN endpoint */
1328   3            if (_ValBit(USBDC_Device[devinx].Endp_Stall[port],Related_Endpoint))
1329   3            {
1330   4              SetBit(StatusInfo.bw.lsb, 1); /* IN Endpoint stalled */
1331   4            }
1332   3          }
1333   2          else
1334   2          {
1335   3            /* OUT endpoint */
1336   3            if (_ValBit(USBDC_Device[devinx].Endp_Stall[port],Related_Endpoint))
1337   3            {
1338   4              SetBit(StatusInfo.bw.lsb, 1); /* OUT Endpoint stalled */
1339   4            }
1340   3          }
1341   2        }
1342   1        else
1343   1        {
1344   2          return USB_UNSUPPORT;
1345   2        }
1346   1        
1347   1        USBDC_Device[devinx].Ctrl_TotalByte[port]   = 2; // byte is 2
1348   1        USBDC_Device[devinx].Ctrl_CurrentByte[port] = 0;
1349   1        USBDC_Device[devinx].Control_EndpBuf[port] = (U8_T *)&StatusInfo;
1350   1        return USB_SUCCESS;
1351   1      }
1352          
1353          /*******************************************************************************
1354          * Function Name  : Standard_GetConfiguration.
1355          * Description    : Return the current configuration variable address.
1356          * Input          : Length - How many bytes are needed.
1357          * Output         : None.
1358          * Return         : Return 1 , if the request is invalid when "Length" is 0.
1359          *                  Return "Buffer" if the "Length" is not 0.
1360          *******************************************************************************/
1361          RESULT USBDC_Standard_GetConfiguration(U8_T devinx,U8_T port)
1362          {
1363   1        if (Type_Recipient == (STANDARD_REQUEST | DEVICE_RECIPIENT))
1364   1        {
1365   2          USBDC_Device[devinx].Ctrl_TotalByte[port]   = 1; // byte is 1
1366   2          USBDC_Device[devinx].Ctrl_CurrentByte[port] = 0;
1367   2          USBDC_Device[devinx].Control_EndpBuf[port] = (U8_T *)&USBDC_Device[devinx].Current_Configuration[port];
1368   2          return USB_SUCCESS;
1369   2        }
1370   1      
1371   1        return USB_UNSUPPORT;
1372   1      }
1373          
1374          /*******************************************************************************
1375          * Function Name  : USBDC_Standard_GetInterface.
1376          * Description    : Return the Alternate Setting of the current interface.
1377          * Input          : Length - How many bytes are needed.
1378          * Output         : None.
1379          * Return         : Return 0, if the request is invalid when "Length" is 0.
1380          *                  Return "Buffer" if the "Length" is not 0.
1381          *******************************************************************************/
1382          RESULT USBDC_Standard_GetInterface(U8_T devinx,U8_T port)
1383          {
1384   1        if ((Type_Recipient == (STANDARD_REQUEST | INTERFACE_RECIPIENT))
1385   1          && (USBDC_Device[devinx].Current_Configuration[port] != 0) && (USBDC_Device[devinx].Setup[port].b.wValue
             -.w == 0)
1386   1          && (wIndex_H == 0) && (USBDC_Device[devinx].Setup[port].b.wLength.w == 0x0001)
C51 COMPILER V9.60.7.0   USBDC_VIRTUAL_CORE                                                06/18/2026 10:50:18 PAGE 24  

1387   1          )
1388   1        {
1389   2          USBDC_Device[devinx].Ctrl_TotalByte[port]   = 1; // byte is 1
1390   2          USBDC_Device[devinx].Ctrl_CurrentByte[port] = 0;
1391   2          USBDC_Device[devinx].Control_EndpBuf[port] = (U8_T *)&USBDC_Device[devinx].Current_AlternateSetting[port
             -];
1392   2          return USB_SUCCESS;
1393   2        }
1394   1        return USB_UNSUPPORT;
1395   1      }
1396          
1397          /*******************************************************************************
1398          * Function Name  : USBDC_VIRTUAL_Port_Clear.
1399          * Description    : Return the Alternate Setting of the current interface.
1400          * Input          : Length - How many bytes are needed.
1401          * Output         : None.
1402          * Return         : Return 0, if the request is invalid when "Length" is 0.
1403          *                  Return "Buffer" if the "Length" is not 0.
1404          *******************************************************************************/
1405          void USBDC_VIRTUAL_Port_Clear(U8_T pid,U8_T start_devinx,U8_T end_devinx)
1406          {
1407   1        U8_T index; 
1408   1        
1409   1        for (index=start_devinx; index < end_devinx ; index++)
1410   1        {
1411   2        /*In case during control transfering, the host pc go reset by user*/
1412   2          if (USBDC_Device[index].PassThroughState[pid] != PASSTHROUGH_IDLE)
1413   2          {
1414   3            malloc_free(USBDC_Device[index].Control_EndpBuf[pid]);
1415   3            USBDC_Device[index].Control_EndpBuf[pid] = 0;
1416   3            USBDC_Device[index].PassThroughState[pid]     = PASSTHROUGH_IDLE;
1417   3          }
1418   2          else if ((USBDC_Device[index].ControlState[pid] == OUT_DATA) || (USBDC_Device[index].ControlState[pid] =
             -= LAST_OUT_DATA))
1419   2          {
1420   3            malloc_free(USBDC_Device[index].Control_EndpBuf[pid]);
1421   3            USBDC_Device[index].Control_EndpBuf[pid] = 0;
1422   3          }
1423   2          
1424   2      #if (SYSTEM_EXTENDER_TRANSMITTER)
                  USBDC_Device[index].EndpIntrAttr = 0;
                  USBDC_Device[index].EndpIntrWait = 0;
              #endif /* #if (SYSTEM_EXTENDER_TRANSMITTER) */
1428   2      
1429   2          USBDC_Device[index].DevAddr[pid]=0;
1430   2          USBDC_Device[index].Current_Configuration[pid]=0;
1431   2          USBDC_Device[index].Current_Protocol[pid]=0;
1432   2          USBDC_Device[index].Feature[pid] &= BIT6;
1433   2          USBDC_Device[index].Endp_Stall[pid]=0;
1434   2          USBDC_Device[index].ISR_Handle[pid]=0;
1435   2          USBDC_Device[index].ControlState[pid]=0;
1436   2          USBDC_Device[index].Ctrl_TotalByte[pid]=0;
1437   2          USBDC_Device[index].Ctrl_CurrentByte[pid]=0;
1438   2          USBDC_Device[index].DevAttr[pid] &= RESET_ONCE_WHEN_SW_MASK;
1439   2          USBDC_Device[index].Reset_Issue[pid]=0;
1440   2          memset(USBDC_Device[index].Current_AlternateSetting,0x00,sizeof(USBDC_Device[index].Current_AlternateSet
             -ting));
1441   2        }
1442   1      }
1443          
1444          /*******************************************************************************
1445          * Function Name  : USBDC_VIRTUAL_Port_Status_Control.
C51 COMPILER V9.60.7.0   USBDC_VIRTUAL_CORE                                                06/18/2026 10:50:18 PAGE 25  

1446          * Description    : Return the Alternate Setting of the current interface.
1447          * Input          : Length - How many bytes are needed.
1448          * Output         : None.
1449          * Return         : Return 0, if the request is invalid when "Length" is 0.
1450          *                  Return "Buffer" if the "Length" is not 0.
1451          *******************************************************************************/
1452          void USBDC_VIRTUAL_Port_Status_Control(U8_T pid,U8_T flag,FlagStatus state)
1453          {
1454   1        U8_T index;
1455   1        
1456   1        for (index=0; index < USBDC_DEVICE_MAX ; index++)
1457   1        {
1458   2          if (state == RESET)
1459   2            USBDC_Device[index].Feature[pid] &= ~flag;
1460   2          else
1461   2            USBDC_Device[index].Feature[pid] |= flag;
1462   2        }
1463   1      }
1464          
1465          /*******************************************************************************
1466          * Function Name  : USBDC_VIRTUAL_Endp_Stall_Control.
1467          * Description    : Return the Alternate Setting of the current interface.
1468          * Input          : Length - How many bytes are needed.
1469          * Output         : None.
1470          * Return         : Return 0, if the request is invalid when "Length" is 0.
1471          *                  Return "Buffer" if the "Length" is not 0.
1472          *******************************************************************************/
1473          void USBDC_VIRTUAL_Endp_Stall_Control(U8_T port,U8_T devinx,U8_T endpinx,FlagStatus state)
1474          {
1475   1        if (state == SET)
1476   1        {
1477   2          USBDC_REGS_Endp_ControlSet(port,devinx,endpinx,DA_CR_STALL_SET);
1478   2        }
1479   1        else
1480   1        {
1481   2          USBDC_REGS_Endp_ControlClear(port,devinx,endpinx,DA_CR_STALL_SET);
1482   2        }
1483   1      }
1484          
1485          /*******************************************************************************
1486          * Function Name  : USBDC_VIRTUAL_Create_DeviceDesc.
1487          * Description    : Generate the downstream port USB device description and 
1488          *                  relate parameter in the "physical device table"
1489          * Input          :  
1490          * Output         : None.
1491          * Return         : Return 0, if the request is invalid when "Length" is 0.
1492          *                  Return "Buffer" if the "Length" is not 0.
1493          *******************************************************************************/
1494          void USBDC_VIRTUAL_Create_DeviceDesc(U8_T devid,U8_T *device_desc)
1495          {
1496   1        USB_PDevice[devid].Desc[DEVICE_DESC].Len = device_desc[0];
1497   1        USB_PDevice[devid].Desc[DEVICE_DESC].Ptr = device_desc;
1498   1        USBHC_Parser_DevDesc(devid,device_desc);
1499   1      }
1500          
1501          /*******************************************************************************
1502          * Function Name  : USBDC_VIRTUAL_Create_ConfigDesc.
1503          * Description    : Generate the downstream port USB configuration description and 
1504          *                  relate parameter in the "physical device table"
1505          * Input          :  
1506          * Output         : None.
1507          * Return         : Return 0, if the request is invalid when "Length" is 0.
C51 COMPILER V9.60.7.0   USBDC_VIRTUAL_CORE                                                06/18/2026 10:50:18 PAGE 26  

1508          *                  Return "Buffer" if the "Length" is not 0.
1509          *******************************************************************************/
1510          void USBDC_VIRTUAL_Create_ConfigDesc(U8_T devid,U8_T *config_desc)
1511          {
1512   1        USBHC_CfgDesc_TypeDef *conf_desc;
1513   1        
1514   1        conf_desc = (USBHC_CfgDesc_TypeDef *)(config_desc);
1515   1        USB_PDevice[devid].Desc[CONFIG_DESC].Len = Big_Endian_16_Convert(conf_desc->wTotalLength);
1516   1        USB_PDevice[devid].Desc[CONFIG_DESC].Ptr = config_desc;
1517   1        USB_PDevice[devid].CfgTotalLen = USB_PDevice[devid].Desc[CONFIG_DESC].Len; // should kill this after it
1518   1        USBHC_Parser_ConfigDesc(devid,USB_PDevice[devid].Desc[CONFIG_DESC].Len,config_desc);
1519   1      }
1520          
1521          /*******************************************************************************
1522          * Function Name  : USBDC_VIRTUAL_Setup_Token.
1523          * Description    : Proceed the processing of setup request with data stage.
1524          * Input          : None.
1525          * Output         : None.
1526          * Return         : None.
1527          *******************************************************************************/
1528          void USBDC_VIRTUAL_Setup_Token(U8_T devinx,U8_T port)
1529          {
1530   1        Request_No = USBDC_Device[devinx].Setup[port].b.bRequest;
1531   1        Type_Recipient = USBDC_Device[devinx].Setup[port].b.bmRequestType & (REQUEST_TYPE | RECIPIENT);
1532   1        
1533   1        //Do Little endian convert to Big endian
1534   1        wValue_L = USBDC_Device[devinx].Setup[port].b.wValue.bw.msb;
1535   1        wValue_H = USBDC_Device[devinx].Setup[port].b.wValue.bw.lsb;
1536   1        
1537   1        wIndex_L = USBDC_Device[devinx].Setup[port].b.wIndex.bw.msb;
1538   1        wIndex_H = USBDC_Device[devinx].Setup[port].b.wIndex.bw.lsb;
1539   1      }
1540          
1541          /*******************************************************************************
1542          * Function Name  : USBDC_Standard_GetDeviceDescriptor.
1543          * Description    : Copy the device request data to "StatusInfo buffer".
1544          * Input          : - Length - How many bytes are needed.
1545          * Output         : None.
1546          * Return         : Return 0, if the request is at end of data block,
1547          *                  or is invalid when "Length" is 0.
1548          *******************************************************************************/
1549          RESULT USBDC_Standard_GetDeviceDescriptor(U8_T devinx,U8_T port)
1550          {
1551   1        RESULT Result=USB_UNSUPPORT;
1552   1        U8_T  strinx;
1553   1      
1554   1        switch (wValue_H)
1555   1        {
1556   2          case DEVICE_DESCRIPTOR:  //0x01
1557   2          case CONFIG_DESCRIPTOR:  //0x02
1558   2            Result = USBDC_Standard_GetDescData_Post(devinx,port,(wValue_H-1));
1559   2            break;
1560   2          case STRING_DESCRIPTOR:  //0x03
1561   2            if (wValue_L <= 3) // language type
1562   2            {
1563   3              strinx = USBDC_Standard_GetDeviceDescriptor_Inx(devinx);        
1564   3              //----------------------------------------------------------------------------------------------------
             --------
1565   3              Result = USBDC_Standard_GetDescData_Post(devinx,port,strinx+2);         
1566   3            }
1567   2            else
1568   2            {
C51 COMPILER V9.60.7.0   USBDC_VIRTUAL_CORE                                                06/18/2026 10:50:18 PAGE 27  

1569   3              //Special Handling for HUB class, due to hub class could be in init processing, so need to put
1570   3              //into local answer
1571   3              if (devinx < USBDC_VIRTUAL_DEVINX) 
1572   3              {
1573   4                if (wValue_L > 3)
1574   4                {
1575   5                  Result=USB_UNSUPPORT;
1576   5                }
1577   4                else
1578   4                { 
1579   5                  Result = USBDC_Standard_GetDescData_Post(devinx,port,(wValue_L+2));
1580   5                } 
1581   4              }
1582   3              else
1583   3              {
1584   4                //Result = USB_WAIT;
1585   4                Result = USBDC_Standard_GetDescData_Post(devinx,port,(wValue_L+2));
1586   4              }
1587   3            }
1588   2            break;
1589   2          case DEVICE_QUALIFIER_DESCRIPTOR:
1590   2          default:
1591   2            if (devinx < USBDC_VIRTUAL_DEVINX)
1592   2              Result = USB_UNSUPPORT;
1593   2            else
1594   2              Result = USB_WAIT;
1595   2            break;
1596   2        }
1597   1        return Result;
1598   1      }
1599          
1600          /*******************************************************************************
1601          * Function Name  : USBDC_Class_GetDescriptor.
1602          * Description    : Copy the device request data to "StatusInfo buffer".
1603          * Input          : - Length - How many bytes are needed.
1604          * Output         : None.
1605          * Return         : Return 0, if the request is at end of data block,
1606          *                  or is invalid when "Length" is 0.
1607          *******************************************************************************/
1608          RESULT USBDC_Class_GetDescriptor(U8_T devinx,U8_T port)     
1609          {
1610   1        RESULT Result=USB_UNSUPPORT;
1611   1        
1612   1        if (wValue_H == USB_DESC_TYPE_HID_REPORT) // GET HID REPORT
1613   1        {
1614   2          Result = USBDC_Standard_GetDescData_Post(devinx,port,(wIndex_L+HID0_REPORT));
1615   2        }
1616   1        else if (wValue_H == USB_DESC_TYPE_HID_DESCRIPTOR)  // GET HID DESCRIPTOR
1617   1        {
1618   2          if (devinx >= USBDC_VIRTUAL_DEVINX)
1619   2            Result = USB_WAIT;
1620   2          else
1621   2            Result = USBDC_Standard_GetDescData_Post(devinx,port,USB_DESC_TYPE_HID_DESCRIPTOR);
1622   2        }
1623   1        else
1624   1        {
1625   2          if (devinx >= USBDC_VIRTUAL_DEVINX)
1626   2            Result = USB_WAIT;
1627   2        }
1628   1        
1629   1        return Result;
1630   1      }
C51 COMPILER V9.60.7.0   USBDC_VIRTUAL_CORE                                                06/18/2026 10:50:18 PAGE 28  

1631          
1632          /*******************************************************************************
1633          * Function Name  : USBDC_Standard_GetDescData_Post.
1634          * Description    : Post the data to GetDescriptor command
1635          * Input          : None.
1636          * Output         : None.
1637          * Return         : None.
1638          *******************************************************************************/
1639          RESULT USBDC_Standard_GetDescData_Post(U8_T devinx,U8_T port,U8_T descid)
1640          {
1641   1      #if (PROJECT_USB_GENERIC_HID_ENABLE)
1642   1        if ((descid == USB_DESC_TYPE_HID_DESCRIPTOR) && (devinx == USBDC_VHID_DEVINX))
1643   1        {
1644   2          USBDC_Device[devinx].Setup[port].b.wLength.w = 0x09;
1645   2          USBDC_Device[devinx].Ctrl_TotalByte[port]   = USBDC_Device[devinx].Setup[port].b.wLength.w;
1646   2          USBDC_Device[devinx].Ctrl_CurrentByte[port] = 0;
1647   2          if (wIndex_L == 0)
1648   2            USBDC_Device[devinx].Control_EndpBuf[port]  = (USB_PDevice[devinx].Desc[CONFIG_DESC].Ptr+18);
1649   2          else if (wIndex_L == 1)
1650   2            USBDC_Device[devinx].Control_EndpBuf[port]  = (USB_PDevice[devinx].Desc[CONFIG_DESC].Ptr+43);
1651   2          return USB_SUCCESS;
1652   2        }
1653   1      #endif /* #if (PROJECT_USB_GENERIC_HID_ENABLE) */
1654   1      
1655   1        if ((USB_PDevice[devinx].Desc[descid].Len == 0) || (USB_PDevice[devinx].Desc[descid].Ptr == NULL))
1656   1        {
1657   2          if (devinx >= USBDC_VIRTUAL_DEVINX)
1658   2          {
1659   3            return USB_WAIT;
1660   3          }
1661   2          else
1662   2          {
1663   3            return USB_UNSUPPORT;
1664   3          }
1665   2        }
1666   1        
1667   1        if (descid == (0xee+2))
1668   1        {
1669   2          descid = MICROSOFT_OS;
1670   2        }
1671   1      
1672   1      #if (SYSTEM_EXTENDER_TRANSMITTER)
               #if (EXTENDER_T_HID_REPORT_PASSTHROUGH)
                if (devinx < USBDC_VIRTUAL_DEVINX)
                {
                  if (USBDC_Device[devinx].Setup[port].b.wLength.w > USB_PDevice[devinx].Desc[descid].Len)
                  {
                    USBDC_Device[devinx].Setup[port].b.wLength.w = USB_PDevice[devinx].Desc[descid].Len;
                  }
                }
               #else
                if (USBDC_Device[devinx].Setup[port].b.wLength.w > USB_PDevice[devinx].Desc[descid].Len)
                {
                  USBDC_Device[devinx].Setup[port].b.wLength.w = USB_PDevice[devinx].Desc[descid].Len;
                }
               #endif
              #else
1688   1        if (USBDC_Device[devinx].Setup[port].b.wLength.w > USB_PDevice[devinx].Desc[descid].Len)
1689   1        {
1690   2          USBDC_Device[devinx].Setup[port].b.wLength.w = USB_PDevice[devinx].Desc[descid].Len;
1691   2        }
1692   1      #endif /*#if (SYSTEM_EXTENDER_TRANSMITTER)*/
C51 COMPILER V9.60.7.0   USBDC_VIRTUAL_CORE                                                06/18/2026 10:50:18 PAGE 29  

1693   1      
1694   1        USBDC_Device[devinx].Ctrl_TotalByte[port]   = USBDC_Device[devinx].Setup[port].b.wLength.w;
1695   1        USBDC_Device[devinx].Ctrl_CurrentByte[port] = 0;
1696   1      
1697   1        if (descid == SERIAL_ID)
1698   1        {
1699   2          USB_PDevice[devinx].Desc[descid].Ptr[USB_PDevice[devinx].Desc[descid].Len - 2] = USBDC_VIRTUAL_SerialByP
             -ort + port;
1700   2          USBDC_Device[devinx].Control_EndpBuf[port]  = USB_PDevice[devinx].Desc[descid].Ptr;
1701   2        }
1702   1        else
1703   1        {
1704   2      #if (SYSTEM_EXTENDER_TRANSMITTER)
                  if ((USB_PDevice[devinx].DevAttr & DEVATTR_REMOTE_DEV_MASK) && (devinx >=USBDC_VREMOTE_HUB_DEVINX))
                  {
              #if (EXTENDER_T_HID_REPORT_PASSTHROUGH)
                    if ((descid >= HID0_REPORT) && (descid <= HID3_REPORT))
                    {
                      return USB_WAIT; // start passthrough
                    }
                    else
              #endif /* #if (EXTENDER_T_HID_REPORT_PASSTHROUGH) */
                    {
                      if (USBDC_Device[devinx].Setup[port].b.wLength.w > USB_PDevice[devinx].Desc[descid].Len)
                      {
                        USBDC_Device[devinx].Setup[port].b.wLength.w = USB_PDevice[devinx].Desc[descid].Len;
                        USBDC_Device[devinx].Ctrl_TotalByte[port] = USB_PDevice[devinx].Desc[descid].Len;
                      }
                      USBDC_Device[devinx].Control_EndpBuf[port]  = USB_PDevice[devinx].Desc[descid].Ptr;
                    }
                  }
                  else
              #endif  //#if (SYSTEM_EXTENDER_TRANSMITTER)
1725   2          {
1726   3            #ifdef VPID_CHANGER
1727   3            if ((descid == DEVICE_DESC) && (devinx == USBDC_VHID_DEVINX))
1728   3            {       
1729   4              USBDC_Device[devinx].Control_EndpBuf[port]  = (U8_T *) &Ran_Desc[port];             
1730   4            }       
1731   3            else
1732   3            #endif  
1733   3            { 
1734   4              USBDC_Device[devinx].Control_EndpBuf[port]  = USB_PDevice[devinx].Desc[descid].Ptr;
1735   4            }       
1736   3          }
1737   2        }
1738   1      
1739   1        return USB_SUCCESS;
1740   1      }
1741          
1742          /*******************************************************************************
1743          * Function Name  : USBDC_VIRTUAL_Setup_Process.
1744          * Description    : Post the data to GetDescriptor command
1745          * Input          : None.
1746          * Output         : None.
1747          * Return         : None.
1748          *******************************************************************************/
1749          void USBDC_VIRTUAL_Setup_Process(U8_T devinx,U8_T port)
1750          {
1751   1        RESULT Result = USB_UNSUPPORT;
1752   1        bit    passthrough_mode = 0;
1753   1      
C51 COMPILER V9.60.7.0   USBDC_VIRTUAL_CORE                                                06/18/2026 10:50:18 PAGE 30  

1754   1        USBDC_VIRTUAL_Setup_Token(devinx,port);
1755   1      
1756   1        if ((Type_Recipient & REQUEST_TYPE) == STANDARD_REQUEST) /* Standard Device Request*/
1757   1        {
1758   2          if (Type_Recipient == (STANDARD_REQUEST | DEVICE_RECIPIENT)) /* Devcie Rceivent */
1759   2          {
1760   3            switch(Request_No)
1761   3            {
1762   4              case SET_CONFIGURATION:
1763   4                Result = USBDC_Standard_SetConfiguration(devinx,port);        
1764   4                break;
1765   4              case SET_ADDRESS:
1766   4                Result = USBDC_Standard_SetAddress(devinx,port);
1767   4                break;
1768   4              case SET_FEATURE:
1769   4                Result = USBDC_Standard_Feature_Control(devinx,port,SET);
1770   4                break;
1771   4              case CLEAR_FEATURE:
1772   4                Result = USBDC_Standard_Feature_Control(devinx,port,RESET);
1773   4                break;
1774   4              case GET_DESCRIPTOR:
1775   4                Result = USBDC_Standard_GetDeviceDescriptor(devinx,port);
1776   4                break;
1777   4              case SET_DESCRIPTOR: // this should pass through
1778   4                Result = USB_WAIT;  
1779   4                break;
1780   4              case GET_STATUS:
1781   4                Result = USBDC_Standard_GetStatus(devinx,port);
1782   4                break;
1783   4              case GET_CONFIGURATION:
1784   4                Result = USBDC_Standard_GetConfiguration(devinx,port);
1785   4                break;
1786   4            }
1787   3          }
1788   2          else if (Type_Recipient == (STANDARD_REQUEST | INTERFACE_RECIPIENT))  /* Interface Receivent */
1789   2          {
1790   3            /* SET INTERFACE */
1791   3            switch (Request_No)
1792   3            {
1793   4              case SET_INTERFACE:
1794   4                Result = USBDC_Standard_SetInterface(devinx,port);
1795   4                break;
1796   4              case GET_INTERFACE:
1797   4                Result = USBDC_Standard_GetInterface(devinx,port);
1798   4                break;
1799   4              case GET_DESCRIPTOR:
1800   4                Result = USBDC_Class_GetDescriptor(devinx,port);
1801   4                break;
1802   4              case SET_FEATURE:
1803   4                break;
1804   4              case CLEAR_FEATURE:
1805   4                break;
1806   4              case GET_STATUS:
1807   4                break;
1808   4            }
1809   3          }
1810   2          else if (Type_Recipient == (STANDARD_REQUEST | ENDPOINT_RECIPIENT)) /* Devcie Rceivent */
1811   2          {
1812   3            /* SET ENDPOINT */
1813   3            switch (Request_No)
1814   3            {
1815   4              case GET_STATUS:
C51 COMPILER V9.60.7.0   USBDC_VIRTUAL_CORE                                                06/18/2026 10:50:18 PAGE 31  

1816   4                break;
1817   4              case SET_FEATURE:
1818   4                Result = USBDC_Standard_Feature_Control(devinx,port,SET);
1819   4                break;
1820   4              case CLEAR_FEATURE:
1821   4                Result = USBDC_Standard_Feature_Control(devinx,port,RESET);
1822   4                break;
1823   4              default:
1824   4                //printf("Unknow request num\n\r");
1825   4                break;
1826   4            }
1827   3          }
1828   2        }
1829   1        else if ((Type_Recipient & REQUEST_TYPE) == CLASS_REQUEST) /* Class Interface Request*/
1830   1        {
1831   2          if (Type_Recipient != (CLASS_REQUEST | OTHER_RECIPIENT))
1832   2          {
1833   3            switch(Request_No)
1834   3            {
1835   4              case GET_REPORT:  //0x01
1836   4                if (_ValBit(USBDC_Device[devinx].Setup[port].b.bmRequestType, 7)) // Device to Host
1837   4                  Result = USBDC_Class_GetReport(devinx,port);
1838   4                else
1839   4                {
1840   5      #if (SYSTEM_USBAUDIO_DEVICE_SUPPORT)
                          if (USBHC_Audio_Devinx == devinx)
                          {
                            if (port != KVM_CurrentUSBAudio)
                            {
                              Result = USB_SUCCESS;
                              break;
                            }
                          }
              #endif
1850   5                  Result = USB_WAIT; //passthrough to Device
1851   5                }
1852   4                break;
1853   4              case GET_IDLE:    //0x02
1854   4                break;
1855   4              case GET_PROTOCOL://0x03 
1856   4                Result = USBDC_Class_GetProtocol(devinx,port);
1857   4                break;
1858   4              case SET_REPORT:  //0x09
1859   4                Result = USBDC_Class_SetReport(devinx,port);
1860   4                break;
1861   4              case SET_IDLE:    //0x0a
1862   4                  Result = USBDC_Class_SetIdle(devinx);
1863   4                break;
1864   4              case SET_PROTOCOL://0x0b
1865   4                Result = USBDC_Class_SetProtocol(devinx,port);
1866   4                break;
1867   4              default:
1868   4                if ((USB_PDevice[devinx].DevClass != USB_HUB_CLASS) &&
1869   4                  (devinx >= USBDC_VIRTUAL_DEVINX))
1870   4                {
1871   5                  Result = USB_WAIT; // Passthrough
1872   5                }
1873   4                else
1874   4                {
1875   5      #if (SYSTEM_USB_PEN_DRIVE_SUPPORT)
                          if (devinx == USBDC_VMSC_DEVINX)
                          {
C51 COMPILER V9.60.7.0   USBDC_VIRTUAL_CORE                                                06/18/2026 10:50:18 PAGE 32  

                            Result = USBDC_VMSC_Setup_Process(devinx,port);
                          }
              #endif
1881   5                }
1882   4                break;
1883   4            }
1884   3          }
1885   2        }
1886   1        else if ((Type_Recipient & REQUEST_TYPE) == VENDOR_REQUEST) /* Vendor Request */
1887   1        {
1888   2      #if (SYSTEM_VENDOR_COMMAND_SUPPORT)
                  if (devinx == USBDC_VHUB_DEVINX) // this is ASIX Vendor Command
                  {
                    Result = USBDC_Vendor_Command_Handle(devinx,port);      
                  }
                  else 
              #endif
1895   2          {
1896   3            if (devinx >= USBDC_VIRTUAL_DEVINX) // this is virtual devcie base address
1897   3            {
1898   4              Result = USB_WAIT; // will pass through to device 
1899   4            }
1900   3            else
1901   3            {
1902   4              Result = USB_UNSUPPORT;
1903   4            }
1904   3          }
1905   2        }
1906   1      
1907   1        //Check the Data stage
1908   1        if (USBDC_Device[devinx].Setup[port].b.wLength.w == 0)
1909   1        {
1910   2          /* Setup with no data stage */
1911   2          /* Consider the passthrough, clear the out buffer ready flag here */
1912   2          USBDC_REGS_Endp_ControlClear(port,devinx,0,(DA_CR_SCLR_SET|DA_CR_BCLR_SET)); // now can receive data
1913   2      
1914   2          if ((Result != USB_SUCCESS) && (Result != USB_WAIT))
1915   2          {
1916   3            if (USB_PDevice[devinx].DevClass == USB_HUB_CLASS)
1917   3            {
1918   4              Result = USBDC_VHub_Setup_Process(devinx,port);
1919   4            }
1920   3      
1921   3            /*Error*/  
1922   3            if (Result == USB_UNSUPPORT)
1923   3            {
1924   4              goto USBDC_SETUP_STALL;
1925   4            }
1926   3          }
1927   2      
1928   2          USBDC_Device[devinx].ControlState[port] = WAIT_STATUS_IN;/* After no data stage SETUP */
1929   2          if (Result == USB_WAIT) // passthrough state
1930   2          {
1931   3            /* Start the Passthroug procedure */
1932   3            TASK_Active(TASK_TYPE_EVENT,TASK_USBDC_VIRTUAL_PassThrough_Setup_Wait_ID,0x00,devinx,port,0);  // Gener
             -ate the task, for next check
1933   3            /* USB wait for HC answer */
1934   3          }
1935   2          else
1936   2          {
1937   3            USBDC_VIRTUAL_Control_Statue_In(devinx,port);
1938   3          }
C51 COMPILER V9.60.7.0   USBDC_VIRTUAL_CORE                                                06/18/2026 10:50:18 PAGE 33  

1939   2        }
1940   1        else
1941   1        {
1942   2          /* Setup with data stage */
1943   2          if (Result == USB_UNSUPPORT)
1944   2          {
1945   3            if (USB_PDevice[devinx].DevClass == USB_HUB_CLASS)
1946   3            {
1947   4              Result = USBDC_VHub_Setup_Process(devinx,port);
1948   4            }
1949   3      
1950   3            if (Result == USB_UNSUPPORT)
1951   3            {
1952   4              goto USBDC_SETUP_STALL;
1953   4            }
1954   3          }
1955   2      
1956   2          if (Result == USB_WAIT)
1957   2          {
1958   3            /* Start the Passthroug procedure */
1959   3            TASK_Active(TASK_TYPE_EVENT,TASK_USBDC_VIRTUAL_PassThrough_Setup_Wait_ID,0x00,devinx,port,0);  // Gener
             -ate the task, for next check  
1960   3            passthrough_mode = 1;
1961   3            /* USB wait for HC answer */
1962   3          }
1963   2          else
1964   2          {
1965   3      #if (SYSTEM_EXTENDER_TRANSMITTER)
                    //if (USB_PDevice[devinx].Hc.gState == HOST_PASSTHROUGH)
                    if (USBDC_Device[devinx].PassThroughState[port] != PASSTHROUGH_IDLE)
                    {
                      printf("\n\r P:%bu,DC_Force_Clear Passthrough \n\r",port);      
                      USB_PDevice[devinx].Hc.Control.State = CTRL_IDLE;
                      USBDC_Device[devinx].PassThroughState[port] = PASSTHROUGH_IDLE;
                      USB_PDevice[devinx].Hc.PassThrough_State = PASSTHROUGH_IDLE;
                      malloc_free(USB_PDevice[devinx].Hc.Control.Buf);
                      USB_PDevice[devinx].Hc.Control.Buf = 0;
                      USB_PDevice[devinx].Hc.gState = USB_PDevice[devinx].Hc.PassThrough_gState_bk;
                      if (USB_PDevice[devinx].DevAttr & DEVATTR_REMOTE_DEV_MASK)
                      {
                        Tansmitter_PassThrough_Buf_In_Used_Flag = 0;
                      }
                      else
                        USBHC_CORE_Free_TD(USB_PDevice[devinx].Hc.Control.TdNum);
                    }
              #else
1984   3            if ((USB_PDevice[devinx].Hc.gState == HOST_PASSTHROUGH) && (USBDC_Device[devinx].PassThroughState[port]
             - != PASSTHROUGH_IDLE))
1985   3            {
1986   4              //printf("*****\n\r");
1987   4              //printf("P:%bu,D:%bu,DC:%02bx,HC:%02bx,DC-PA:%02bx,HC-PA:%02bx\n\r",port,
1988   4              //                             devinx,
1989   4              //                             USBDC_Device[devinx].ControlState[port],
1990   4              //                             USB_PDevice[devinx].Hc.Control.State,
1991   4              //                             USBDC_Device[devinx].PassThroughState[port],
1992   4              //                             USB_PDevice[devinx].Hc.PassThrough_State);
1993   4              
1994   4              USB_PDevice[devinx].Hc.Control.State = CTRL_IDLE;
1995   4              USBHC_CORE_Free_TD(USB_PDevice[devinx].Hc.Control.TdNum);
1996   4              USBDC_Device[devinx].PassThroughState[port] = PASSTHROUGH_IDLE;
1997   4              USB_PDevice[devinx].Hc.PassThrough_State = PASSTHROUGH_IDLE;
1998   4              malloc_free(USB_PDevice[devinx].Hc.Control.Buf);
C51 COMPILER V9.60.7.0   USBDC_VIRTUAL_CORE                                                06/18/2026 10:50:18 PAGE 34  

1999   4              USB_PDevice[devinx].Hc.Control.Buf = 0;
2000   4              USB_PDevice[devinx].Hc.gState = USB_PDevice[devinx].Hc.PassThrough_gState_bk;
2001   4            }
2002   3      #endif /* #if (SYSTEM_EXTENDER_TRANSMITTER) */
2003   3          }
2004   2      
2005   2          // Judge the data direction
2006   2          if (_ValBit(USBDC_Device[devinx].Setup[port].b.bmRequestType, 7))
2007   2          {
2008   3            // Device ==> Host
2009   3            /*Consider the passthrough, clear the out buffer ready flag here */
2010   3            USBDC_REGS_Endp_ControlClear(port,devinx,0,(DA_CR_SCLR_SET|DA_CR_BCLR_SET)); // now can receive data
2011   3      
2012   3            if (passthrough_mode == 0)
2013   3            {
2014   4              if (Result != USB_NOT_READY)
2015   4              { 
2016   5                USBDC_VIRTUAL_Setup_DataStageIn(devinx,port,0);
2017   5              } 
2018   4            }
2019   3          }
2020   2          else
2021   2          {
2022   3            // Host ==> Device
2023   3            /*Consider if data out, the out package will follow after setup very shortly, HC is possible that no ti
             -me to 
2024   3              send out the setup token, so dealy the out buffer complete flag*/
2025   3            if (passthrough_mode == 0) 
2026   3            {
2027   4              /*Consider the passthrough, clear the out buffer ready flag here */
2028   4              USBDC_REGS_Endp_ControlClear(port,devinx,0,(DA_CR_SCLR_SET|DA_CR_BCLR_SET)); // now can receive data
2029   4            }
2030   3            USBDC_VIRTUAL_Setup_DataStageOut(devinx,port,0);
2031   3          }
2032   2        }
2033   1          
2034   1      USBDC_SETUP_STALL:
2035   1        if (Result == USB_UNSUPPORT)
2036   1        {
2037   2          /*Consider the passthrough, clear the out buffer ready flag here */
2038   2          USBDC_REGS_Endp_ControlClear(port,devinx,0,(DA_CR_SCLR_SET|DA_CR_BCLR_SET)); // now can receive data
2039   2          USBDC_HAL_Endp_Stalled(port,devinx,0);
2040   2        }
2041   1      }
2042          
2043          /*******************************************************************************
2044          * void TASK_USBDC_VIRTUAL_PassThrough_Setup_Wait(void)
2045          * Description    : create a passthroug control
2046          * Input          : None.
2047          * Output         : None.
2048          * Return         : None.
2049          *******************************************************************************/
2050          void TASK_USBDC_VIRTUAL_PassThrough_Setup_Wait(void)
2051          {
2052   1        U8_T devinx;
2053   1        U8_T port;
2054   1        
2055   1        devinx = TASK_Register0;
2056   1        port   = TASK_Register1; // command from whicp upstream port
2057   1      
2058   1        //Skip task if the device is gone      
2059   1        if ((USB_PDevice[devinx].Addr & USBHC_DEVICE_USED_MASK) == 0x00)  // Device is gone  
C51 COMPILER V9.60.7.0   USBDC_VIRTUAL_CORE                                                06/18/2026 10:50:18 PAGE 35  

2060   1        {
2061   2          //printf("Devinx:%bx,PassThroug wait cancel\n\r", devinx);
2062   2          return; 
2063   2        }  
2064   1        
2065   1        if (USB_PDevice[devinx].Hc.PassThrough_State)
2066   1        {
2067   2          if ((USBDC_Device[devinx].ControlState[port] == WAIT_STATUS_IN) ||
2068   2            (USBDC_Device[devinx].ControlState[port] == WAIT_STATUS_OUT))
2069   2          {     
2070   3      #if (SYSTEM_EXTENDER_TRANSMITTER)
                    if (USB_PDevice[devinx].DevAttr & DEVATTR_REMOTE_DEV_MASK)  //if not extender, then
                    {
                      if (USB_PDevice[devinx].Hc.PassThrough_State != PASSTHROUGH_IDLE)
                      {
                        ExtenderT_Passthrough_Condition_Reset(devinx);          
                        goto VIRTUAL_PassThrough_Setup_Wait_Jump;
                      }
                    }
              #else
2080   3              TASK_Wait_Current();
2081   3      #endif /* #if (SYSTEM_EXTENDER_TRANSMITTER) */  
2082   3          }
2083   2          else
2084   2          { 
2085   3            TASK_Wait_Current();
2086   3          } 
2087   2        }
2088   1        else
2089   1        {
2090   2      #if (SYSTEM_EXTENDER_TRANSMITTER)
              VIRTUAL_PassThrough_Setup_Wait_Jump:
                  if (USB_PDevice[devinx].DevAttr & DEVATTR_REMOTE_DEV_MASK)//if remote device
                  {
                    if (Tansmitter_PassThrough_Buf_In_Used_Flag)
                    {
                      TASK_Wait_Current();
                      return;
                    }
                    Tansmitter_PassThrough_Buf_In_Used_Flag = 1;
                  }
              #endif /* #if (SYSTEM_EXTENDER_TRANSMITTER) */
2102   2      
2103   2          memcpy((U8_T *)&USB_PDevice[devinx].Hc.PControl.Setup,(U8_T *)&USBDC_Device[devinx].Setup[port],8);
2104   2          USBDC_Device[devinx].PassThroughState[port] = PASSTHROUGH_SETUP_START; /* Indicate the device is in Pass
             -Through Mode */
2105   2          TASK_Active(TASK_TYPE_EVENT,TASK_USBHC_PassThrough_Handle_Start_ID,0x00,devinx,port,0);  // Generate the
             - task, for next check
2106   2        }
2107   1      }
2108          
2109          /*******************************************************************************
2110          * void USBDC_VIRTUAL_SetCheck_Interval(U8_T port,U8_T devinx,U8_T endpinx)
2111          * Description    : create a passthroug control
2112          * Input          : None.
2113          * Output         : None.
2114          * Return         : None.
2115          *******************************************************************************/
2116          void USBDC_VIRTUAL_SetCheck_Interval(U8_T port,U8_T devinx,U8_T endpinx)
2117          {
2118   1        U8_T dev_endp;
2119   1        
C51 COMPILER V9.60.7.0   USBDC_VIRTUAL_CORE                                                06/18/2026 10:50:18 PAGE 36  

2120   1        USBDC_Device[devinx].EndpInterval0[port][endpinx] = 0;
2121   1        USBDC_Device[devinx].EndpInterval1[port][endpinx] = 0;
2122   1        USBDC_Device[devinx].Interval_Check[port] |= (0x01 << endpinx);
2123   1        dev_endp = (devinx << 4) | endpinx;
2124   1        TASK_Active(TASK_TYPE_INTERVAL_MS,TASK_USBDC_Get_EndpInterval_ID,port,dev_endp,500,500);  //after 200ms c
             -heck the result
2125   1      }
2126          
2127          /*******************************************************************************
2128          * U8_T USBDC_Standard_GetDeviceDescriptor_Inx(U8_T devinx)
2129          * Description    : search the string index for Iman,Iproduct,iserial
2130          * Input          : None.
2131          * Output         : None.
2132          * Return         : None.
2133          *******************************************************************************/
2134          U8_T USBDC_Standard_GetDeviceDescriptor_Inx(U8_T devinx)
2135          {
2136   1        U8_T strinx,*pr,strinxfix;
2137   1        USBHC_DevDesc_TypeDef *devsc;
2138   1      
2139   1        //search the first index
2140   1        //Fixed if the string index error
2141   1        //-------------------------------------------------------------------------------------------------------
             -----
2142   1        strinxfix = wValue_L;
2143   1        if (wValue_L) 
2144   1        {   
2145   2          devsc = (USBHC_DevDesc_TypeDef *)(USB_PDevice[devinx].Desc[DEVICE_DESC].Ptr);
2146   2          pr = &(devsc->iManufacturer);     
2147   2          for (strinx = 1; strinx <= 3; strinx++)
2148   2          {       
2149   3            if (pr[strinx-1] == wValue_L)
2150   3            {
2151   4              strinxfix = strinx;
2152   4              break;
2153   4            }           
2154   3          }             
2155   2        } 
2156   1        return strinxfix;
2157   1      
2158   1      }
2159          /* End of usbdc_virtual_core.c */


MODULE INFORMATION:   STATIC OVERLAYABLE
   CODE SIZE        =  10136    ----
   CONSTANT SIZE    =   ----    ----
   XDATA SIZE       =    406     105
   PDATA SIZE       =   ----    ----
   DATA SIZE        =   ----    ----
   IDATA SIZE       =   ----    ----
   BIT SIZE         =   ----       2
   EDATA SIZE       =   ----    ----
   HDATA SIZE       =   ----    ----
   XDATA CONST SIZE =   ----    ----
   FAR CONST SIZE   =   ----    ----
END OF MODULE INFORMATION.


C51 COMPILATION COMPLETE.  0 WARNING(S),  0 ERROR(S)
