C51 COMPILER V9.60.7.0   USBDC                                                             06/18/2026 10:50:18 PAGE 1   


C51 COMPILER V9.60.7.0, COMPILATION OF MODULE USBDC
OBJECT MODULE PLACED IN .\usbdc.obj
COMPILER INVOKED BY: C:\Users\Administrator\AppData\Local\Keil_v5\C51\BIN\C51.EXE ..\Src\usbdc\usbdc.c LARGE OMF2 ROM(D1
                    -6M) OPTIMIZE(9,SIZE) BROWSE NOAREGS INCDIR(..\src\main\;..\src\cpu\;..\src\flash\;..\src\uart\;..\src\swdma\;..\src\msti
                    -mer\;..\src\i2c\;..\src\spi\;..\src\task_man\;..\src\project\;..\Src\ps2_host;..\Src\console_edid;..\Src\storage;..\Src\
                    -data_stream;..\Src\kvm_control\kvm_hotkey;..\Src\kvm_control\kvm_console;..\Src\kvm_control\kvm_button;..\Src\kvm_contro
                    -l\kvm_edid;..\Src\kvm_control\kvm_buzzer;..\src\gpio\;..\Src\hardware_ps2;..\Src\usbdc;..\Src\usbdc\usbdc_virtual;..\Src
                    -\usb_std;..\Src\usbhc;..\Src\kvm_control\power_saving;..\Src\usbhc\MSC;..\Src\usbhc\AUDIO;..\Src\usbhc\HUB;..\Src\usbhc\
                    -HID;..\Src\usbhc\HID_PARSER;..\Src\usbhc\ROOT_HUB;..\Src\usbdc\usbdc_hub;..\Src\usbdc\usbdc_hid;..\Src\kvm_control\kvm_s
                    -torage\spi_flash;..\Src\usbdc\usbdc_msc\usb_scsi;..\Src\usbdc\usbdc_msc;..\Src\handler\logitech;..\Src\handler\A4_Tech;.
                    -.\Src\usbdc\usbdc_vendor;..\Src\hsur;..\Src\extender\core;..\Src\extender\receiver;..\Src\uart_console;..\Src\kvm_contro
                    -l\km_sync;..\Src\hsur;..\Src\kvm_control\km_log;..\Src\kvm_control\km_api;..\Src\kvm_control\kvm_ir;..\Src\kvm_control\k
                    -vm_rtc;..\Src\i2c;..\Src\kvm_control\kvm_multiview) STRING(FAR) DEFINE(RuntimeCodeAt0KH,MCU_TYPE_AX68004,KVM,HC_TIMEOUT=
                    -10000,VHID,HID_PARSER_CORE_KB,HID_PARSER_CORE_MS,API,NO_AUDIO,NO_MSC,NO_EDID,HUART_BAUD=HUART_115K,SYNC,CROSS_JUMP_MAP0,
                    -VPID_CHANGER,SYNC_KB_HOTKEY,SYNC_MS_HOTKEY,REPEAT_MODE=1,HSUART,MULTIVIEW) VARBANKING DEBUG PRINT(.\usbdc.lst) TABS(2) O
                    -BJECT(.\usbdc.obj)

line level    source

   1          /*
   2           ******************************************************************************
   3           *     Copyright (c) 2014 ASIX Electronic Corporation      All rights reserved.
   4           *
   5           *     This is an proprietary source code of ASIX Electronic Corporation
   6           *
   7           *     The copyright notice above does not evidence any actual or intended
   8           *     publication of such source code.
   9           ******************************************************************************
  10           */
  11           /*============================================================================
  12           * Module Name: usbdc.c
  13           * Purpose: The USB DC Control & Managment program
  14           * Author:
  15           * Date:
  16           * Notes:
  17           *=============================================================================
  18           */
  19          /*
  20           
  21          */
  22          /* INCLUDE FILE SECTION */
  23          #include <stdlib.h>
  24          #include <string.h>
  25          #include "project_include.h"
  26          
  27          /* NAMING CONSTANT DECLARATIONS */
  28          /* GLOBAL VARIABLES DECLARATIONS */
  29          volatile USBDC_Index_TypeDef  USBDC_Index[USBDC_PORT_MAX][USBDC_DEVICE_MAX][USBDC_ENDP_MAX];
  30          volatile U8_T         USBDC_UpPortState[USBDC_PORT_MAX];
  31          volatile USBDC_DeviceTypeDef  USBDC_Device[USBDC_DEVICE_MAX];
  32          xdata U8_T            *USBDC_EndpBufPtr[USBDC_PORT_MAX][USBDC_DEVICE_MAX][USBDC_ENDP_MAX];
  33          U8_T XDATA            USB_Dynamic_Memory[USB_DYNAMIC_MEMORY_SIZE];
  34          U8_T              TASK_USBDC_Get_EndpInterval_ID;
  35          volatile USBDC_ISR_FIFO_TypeDef USBDC_ISR_FIFO[USBDC_ISR_FIFO_DEPTH]; /*ISR FIFO Buffer*/
  36          idata volatile U8_T       USBDC_ISRQ_Rp,USBDC_ISRQ_Wp;
  37          U8_T    USBDC_Resume_Task_ActiveID[USBDC_PORT_MAX];
  38          #ifdef RESUME_DELAY 
              U8_T    USBDC_Resume_Timer_ActiveID[USBDC_DEVICE_MAX];
              U8_T    VDevice_Keep_Quite_Flag[USBDC_PORT_MAX];
              U8_T    DC_Keep_Quite_Flag;
              U8_T    TASK_DC_Keep_Quite_TASKID;
C51 COMPILER V9.60.7.0   USBDC                                                             06/18/2026 10:50:18 PAGE 2   

              U8_T    TASK_DC_Keep_Quite_Active_TaskID[USBDC_PORT_MAX];
              U8_T    TASK_VDevice_Keep_Quite_TASKID;
              #endif
  46          U8_T  TASK_DC_Reset_Complete_TaskID;    
  47          
  48          /* LOCAL VARIABLES DECLARATIONS           */
  49          /* LOCAL SUBPROGRAM DECLARATIONS          */
  50          void USBDC_Port_Regs_Clear(U8_T pid);
  51          void USBDC_Port_GoSuspend(U8_T pid);
  52          void USBDC_Port_Reset(U8_T pid);
  53          void USBDC_CORE_Init(void);
  54          void USBDC_CORE_Start(void);
  55          void USBDC_Maintain_MSC_PDevice(U8_T pid);
  56          void TASK_USBDC_Get_EndpInterval(void);
  57          void TASK_VDevice_Keep_Quite(void);
  58          void TASK_DC_Keep_Quite(void);
  59          U8_T USBDC_Virtual_HubPort_Alloc(U8_T devinx);
  60          void TASK_DC_Reset_Complete(void);
  61          
  62          
  63          /* EXTERNAL GLOBAL VARIABLES DECLARATIONS */
  64          extern bit      USBHC_MSC_DC_Buffer_Wait_Processing_Flag;
  65          #if (ENABLE_HOTKEY_FUN_PLUGIN_JUMP_SW)
  66          extern bit      KVM_Plug_In_Jump_Flag;
  67          #endif /* #if (ENABLE_HOTKEY_FUN_PLUGIN_JUMP_SW) */
  68          extern const U8_T DA_CR[USBDC_DEVICE_MAX];
  69          
  70          /* EXTERNAL SUBPROGRAM DECLARATIONS       */ 
  71          extern void DATAST_Move_Intr_Buffer(U8_T KVM_CurrentHost,U8_T devinx,U8_T endpidx,U8_T intt_id);
  72          
  73          /*
  74           * ----------------------------------------------------------------------------
  75           * Function Name: USBDC_Init
  76           * Purpose: Initial the usb dc system  
  77           * Params:  NONE
  78           * Returns: NONE
  79           * Note:
  80           * ----------------------------------------------------------------------------
  81           */
  82          void USBDC_Init(void)
  83          {
  84   1        init_mempool(&USB_Dynamic_Memory,sizeof(USB_Dynamic_Memory)); 
  85   1        
  86   1        /*01.Initial Index & Endpoint Buffer                      */
  87   1        memset(USBDC_Index          ,0x00,sizeof(USBDC_Index));
  88   1        memset(USBDC_UpPortState      ,USBDC_ROOTHUB_SUSPEND_MASK,sizeof(USBDC_UpPortState));  // default every por
             -t is in suspend 
  89   1        memset(USBDC_Resume_Task_ActiveID ,0x00,sizeof(USBDC_Resume_Task_ActiveID));
  90   1        
  91   1      #ifdef RESUME_DELAY     
                memset(USBDC_Resume_Timer_ActiveID  ,0x00,sizeof(USBDC_Resume_Timer_ActiveID));
                memset(VDevice_Keep_Quite_Flag    ,0x00,sizeof(VDevice_Keep_Quite_Flag));
                DC_Keep_Quite_Flag = 0;
                TASK_VDevice_Keep_Quite_TASKID = TASK_Create(TASK_VDevice_Keep_Quite);
                TASK_DC_Keep_Quite_TASKID = TASK_Create(TASK_DC_Keep_Quite);
                memset(TASK_DC_Keep_Quite_Active_TaskID,0x00,sizeof(TASK_DC_Keep_Quite_Active_TaskID));
              #endif
  99   1        /*02.USBDC Register Initial                               */ 
 100   1        USBDC_CORE_Init();
 101   1      
 102   1        /*----------------------------------------------*/
 103   1        /*03.Generate Virtual Hub & HID Endpoint Buffer */
C51 COMPILER V9.60.7.0   USBDC                                                             06/18/2026 10:50:18 PAGE 3   

 104   1        USBDC_VIRTUAL_Init();
 105   1      
 106   1        /*----------------------------------------------*/
 107   1        /*04.Start the usb dc core sytem                */
 108   1        USBDC_CORE_Start();  
 109   1        
 110   1        TASK_DC_Reset_Complete_TaskID = TASK_Create(TASK_DC_Reset_Complete);
 111   1      }
 112          
 113          /*
 114           * ----------------------------------------------------------------------------
 115           * void usbdc_ISR(void)
 116           * Purpose : USBDC interrupt service routine. 
 117           * Params  : none
 118           * Returns : none
 119           * Note    : none
 120           * ----------------------------------------------------------------------------
 121           */
 122          #if (INTR_ISR_INCLUDE_USBDC)
 123          void usbdc_ISR(void) interrupt INT3_VECTOR
 124          {
 125   1        idata U8_T pId, pIsr, pInsr, pEsmr;
 126   1        idata U8_T port_act;
 127   1        bit   dcisr_skip_flag;
 128   1        idata U8_T devinx,endpinx;
 129   1        idata U8_T dr,cir;  
 130   1      #if (SYSTEM_USBAUDIO_DEVICE_SUPPORT)  
                idata U8_T reg; 
              #endif    
 133   1        //Get Interrupt status
 134   1        port_act = UDCSR;
 135   1      
 136   1      REDO:
 137   1        /* Clear isr skip flag */
 138   1        dcisr_skip_flag = 0;
 139   1      #if (SYSTEM_POWER_SAVING_MODE_SUPPORT)
                PowerSavingInhibitFlag = 1;
              #endif
 142   1      
 143   1        /* Check port number and get status */
 144   1        if (port_act & UDC_PORT0_ACT)
 145   1        {
 146   2          port_act &= ~UDC_PORT0_ACT;
 147   2          pId = 0;
 148   2          pIsr = DC0ISR;
 149   2          pInsr = DC0INSR;
 150   2          pEsmr = DC0ESMR;
 151   2        }
 152   1        else if (port_act & UDC_PORT1_ACT)
 153   1        {
 154   2          port_act &= ~UDC_PORT1_ACT;
 155   2          pId = 1;
 156   2          pIsr = DC1ISR;
 157   2          pInsr = DC1INSR;
 158   2          pEsmr = DC1ESMR;
 159   2        }
 160   1        else if (port_act & UDC_PORT2_ACT)
 161   1        {
 162   2          port_act &= ~UDC_PORT2_ACT;
 163   2          pId = 2;
 164   2          pIsr = DC2ISR;
 165   2          pInsr = DC2INSR;
C51 COMPILER V9.60.7.0   USBDC                                                             06/18/2026 10:50:18 PAGE 4   

 166   2          pEsmr = DC2ESMR;
 167   2        }
 168   1        else if (port_act & UDC_PORT3_ACT)
 169   1        {
 170   2          port_act &= ~UDC_PORT3_ACT;
 171   2          pId = 3;
 172   2          pIsr = DC3ISR;
 173   2          pInsr = DC3INSR;
 174   2          pEsmr = DC3ESMR;
 175   2        }
 176   1        else
 177   1        {
 178   2          return;
 179   2        }
 180   1        
 181   1        //2017-06-09 this code is for fixing the Skylake cup mother board resume issue, must can not deleted
 182   1        if (pIsr & DC_ISR_RWK_MASK)
 183   1        {
 184   2          if (pId==0)
 185   2          {
 186   3            _USBDC_DC0CIR_SFR(DCIER);     
 187   3            _USBDC_DC0DR_READ_SFR(dr);
 188   3            dr &= ~DC_IER_RSM_MASK;
 189   3            _USBDC_DC0DR_SFR(dr);     
 190   3            _USBDC_DC0CIR_SFR(DCIER);
 191   3          }     
 192   2          else if (pId==1)
 193   2          {
 194   3            _USBDC_DC1CIR_SFR(DCIER);     
 195   3            _USBDC_DC1DR_READ_SFR(dr);
 196   3            dr &= ~DC_IER_RSM_MASK;
 197   3            _USBDC_DC1DR_SFR(dr);     
 198   3            _USBDC_DC1CIR_SFR(DCIER);
 199   3          }
 200   2          else if (pId==2)
 201   2          {
 202   3            _USBDC_DC2CIR_SFR(DCIER);     
 203   3            _USBDC_DC2DR_READ_SFR(dr);
 204   3            dr &= ~DC_IER_RSM_MASK;
 205   3            _USBDC_DC2DR_SFR(dr);     
 206   3            _USBDC_DC2CIR_SFR(DCIER);
 207   3          }     
 208   2          else
 209   2          {
 210   3            _USBDC_DC3CIR_SFR(DCIER);     
 211   3            _USBDC_DC3DR_READ_SFR(dr);
 212   3            dr &= ~DC_IER_RSM_MASK;
 213   3            _USBDC_DC3DR_SFR(dr);     
 214   3            _USBDC_DC3CIR_SFR(DCIER);
 215   3          }       
 216   2        } 
 217   1      
 218   1        /* Check if any complete transaction */
 219   1        if (pIsr & DC_ISR_CT_SET)
 220   1        {
 221   2          devinx  = (pInsr & DC_INSR_DEVIND_MASK) DC_INSR_DEVIND_SHIFT;
 222   2          endpinx = (pInsr & DC_INSR_EPIND_MASK)  DC_INSR_EPIND_SHFIT;
 223   2      
 224   2          // Special Handle for Interrupt transfer interval time measure
 225   2          if (USBDC_Device[devinx].Interval_Check[pId] & BIT_MASK[endpinx]) //Still in measume period
 226   2          {
 227   3            USBDC_Device[devinx].EndpInterval0[pId][endpinx] = USBDC_Device[devinx].EndpInterval1[pId][endpinx];
C51 COMPILER V9.60.7.0   USBDC                                                             06/18/2026 10:50:18 PAGE 5   

 228   3            USBDC_Device[devinx].EndpInterval1[pId][endpinx] = SWTIMER_Counter;
 229   3            
 230   3            // The in-nake happened, need to retrigger
 231   3            if (pEsmr & DC_IESMR_IN_NAK)
 232   3            {
 233   4              dcisr_skip_flag = 1;
 234   4              cir = DAyINAKE+devinx;
 235   4              switch (pId)
 236   4              {
 237   5                case 0:
 238   5                  _USBDC_DC0CIR_SFR(cir);
 239   5                  _USBDC_DC0DR_READ_SFR(dr);
 240   5                  dr |= BIT_MASK[endpinx];
 241   5                  _USBDC_DC0DR_SFR(dr);
 242   5                  _USBDC_DC0CIR_SFR(cir);
 243   5                  break;
 244   5                case 1:
 245   5                  _USBDC_DC1CIR_SFR(cir);
 246   5                  _USBDC_DC1DR_READ_SFR(dr);
 247   5                  dr |= BIT_MASK[endpinx];
 248   5                  _USBDC_DC1DR_SFR(dr);
 249   5                  _USBDC_DC1CIR_SFR(cir);
 250   5                  break;
 251   5                case 2:
 252   5                  _USBDC_DC2CIR_SFR(cir);
 253   5                  _USBDC_DC2DR_READ_SFR(dr);
 254   5                  dr |= BIT_MASK[endpinx];
 255   5                  _USBDC_DC2DR_SFR(dr);
 256   5                  _USBDC_DC2CIR_SFR(cir);
 257   5                  break;
 258   5                case 3:
 259   5                  _USBDC_DC3CIR_SFR(cir);
 260   5                  _USBDC_DC3DR_READ_SFR(dr);
 261   5                  dr |= BIT_MASK[endpinx];
 262   5                  _USBDC_DC3DR_SFR(dr);
 263   5                  _USBDC_DC3CIR_SFR(cir);
 264   5                  break;
 265   5              }
 266   4            }
 267   3          }
 268   2          
 269   2          // Special Handle for audio device and not setup command
 270   2      #if (SYSTEM_USBAUDIO_DEVICE_SUPPORT)
                  if ((USBHC_Audio_Devinx == devinx) && (pId == KVM_CurrentUSBAudio) && (endpinx)) 
                  {
                    // Isochronous transfer type
                    if ((USBDC_Device[devinx].EndpType[endpinx] & USB_EP_TYPE_MASK) == USB_EP_TYPE_ISOC)
                    {
                      if (USBDC_Device[devinx].EndpAddr[endpinx] & USBDC_TABLE_DIR_MASK) // IN
                      {
              #if (SYSTEM_EXTENDER_TRANSMITTER)
                        ETDR_AudioInDcDoingFlag = 0;
                        if (ETDR_AudioInHead != ETDR_AudioInTail)
                        {
                          USBDC_Index[KVM_CurrentUSBAudio][devinx][endpinx].Endp_Addr_Lsb = ETDR_AudioInBufAddr[ETDR_AudioInTa
             -il][0];
                          USBDC_Index[KVM_CurrentUSBAudio][devinx][endpinx].Endp_Addr_Msb = ETDR_AudioInBufAddr[ETDR_AudioInTa
             -il][1];
                          cir = DA_CR_BVLD_SET | (endpinx &0x07);
                          switch (KVM_CurrentUSBAudio)
                          {
                            case 0:
C51 COMPILER V9.60.7.0   USBDC                                                             06/18/2026 10:50:18 PAGE 6   

                              _USBDC_DC0DR_SFR(cir);
                              _USBDC_DC0CIR_SFR(DA_CR[devinx]);
                              break;
                            case 1:
                              _USBDC_DC1DR_SFR(cir);
                              _USBDC_DC1CIR_SFR(DA_CR[devinx]);
                              break;
                            case 2:
                              _USBDC_DC2DR_SFR(cir);
                              _USBDC_DC2CIR_SFR(DA_CR[devinx]);
                              break;
                            case 3:
                              _USBDC_DC3DR_SFR(cir);
                              _USBDC_DC3CIR_SFR(DA_CR[devinx]);
                              break;
                          }
                          ETDR_AudioInTail++;
                          ETDR_AudioInTail &= EXTENDER_AUDIO_IN_BUF_MASK;
                          ETDR_AudioInDcDoingFlag = 1;
                        }
              #else
                        USBHC_AUDIO_In_Start();
              #endif
                      }
                      else // OUT
                      {
              #if (SYSTEM_EXTENDER_TRANSMITTER)
                        ETDR_AudioOutHead++;
                        ETDR_AudioOutHead &= EXTENDER_AUDIO_OUT_BUF_MASK;
                        if (ETDR_AudioOutHead == ETDR_AudioOutTail)
                        {
                          ETDR_AudioOutHead--; 
                          ETDR_AudioOutHead &= EXTENDER_AUDIO_OUT_BUF_MASK;
                          ETDR_AudioOutTailSkipFlag = 1;
                        }
                        USBDC_Index[KVM_CurrentUSBAudio][devinx][endpinx].Endp_Addr_Lsb = ETDR_AudioOutBufAddr[ETDR_AudioOutH
             -ead][0];
                        USBDC_Index[KVM_CurrentUSBAudio][devinx][endpinx].Endp_Addr_Msb = ETDR_AudioOutBufAddr[ETDR_AudioOutH
             -ead][1];
              #else         
                        //if (USBHC_Audio_IN_Start_Flag)          
                        HCTD_Table.ISTL[0].TD.Byte0_Actual_Byte = 0;
                        HCTD_Table.ISTL[0].TD.Byte2_MaxPKT_Size = HCTD_Table.ISTL[0].Buf[0];
                        HCTD_Table.ISTL[0].TD.Byte3 &= 0xFC;
                        HCTD_Table.ISTL[0].TD.Byte4_Total_Byte = HCTD_Table.ISTL[0].Buf[0];
                        HCTD_Table.ISTL[0].TD.Byte5 &= 0xFC;
                        HCTD_Table.ISTL[0].TD.Byte1 |= TD_ACTIVED_MASK;
              
                        // Clear Skip Map
                        TD_ISTL_Skip_Map &= (~USB_HC_ISTL_OUT_DONE_MASK); // Do not skip ISL0
                        //USBHC_INT_DISABLE;
                        _USBHC_HCDR_SFR(TD_ISTL_Skip_Map);
                        _USBHC_HCCIR_SFR(HC_ISTL_TDSKIP_MAP_REG);
                        //USBHC_INT_ENABLE;         
              #endif
                        // Set the DC Buffer Ready
                        cir = DA_CR_BCLR_SET | (endpinx & 0x07);
                        switch (KVM_CurrentUSBAudio)
                        {
                          case 0:
                            _USBDC_DC0DR_SFR(cir);
                            _USBDC_DC0CIR_SFR(DA_CR[devinx]);
C51 COMPILER V9.60.7.0   USBDC                                                             06/18/2026 10:50:18 PAGE 7   

                            break;
                          case 1:
                            _USBDC_DC1DR_SFR(cir);
                            _USBDC_DC1CIR_SFR(DA_CR[devinx]);
                            break;
                          case 2:
                            _USBDC_DC2DR_SFR(cir);
                            _USBDC_DC2CIR_SFR(DA_CR[devinx]);
                            break;
                          case 3:
                            _USBDC_DC3DR_SFR(cir);
                            _USBDC_DC3CIR_SFR(DA_CR[devinx]);
                            break;
                        }
                      }
                      goto usbdc_ISR_End;
                    }
                  }
              #endif /* End of SYSTEM_USBAUDIO_DEVICE_SUPPORT */
 367   2      
 368   2          // Handle the SetAddress Event
 369   2          // Set Address Status Stage done handle
 370   2          if (USBDC_Device[devinx].ISR_Handle[pId] & ISR_HANDLE_SET_ADDRESS) // If need isr handle
 371   2          {
 372   3            //Clear interval check flag 
 373   3            USBDC_Device[devinx].Interval_Detect[pId] = 0; //need to start check for all endpoint
 374   3            // Clear the ISR handle flag
 375   3            USBDC_Device[devinx].ISR_Handle[pId] &= ~ISR_HANDLE_SET_ADDRESS;
 376   3      
 377   3          // Enable the SOF auto sync 
 378   3      #if (SYSTEM_USBAUDIO_DEVICE_SUPPORT)
                    if (USBHC_Audio_Devinx == devinx) 
                    {
                      EXTINT2_DISABLE;
                      reg = HC_SOF_SELECT_USPSE_SET | (pId & 0x03);       
                      _USBHC_HCDR_SFR(reg); 
                      _USBHC_HCCIR_SFR(HC_SOF_SELECT_REG);
                      EXTINT2_ENABLE;
                    } 
              #endif      
 388   3            
 389   3            // Get new address
 390   3            dr  = USBDC_Device[devinx].DevAddr[pId] | DA_ID_CFGR_ADRACT_SET;
 391   3            cir = DA_ID_CFGR[devinx];
 392   3            
 393   3            // Set new address into hardware register
 394   3            if (pId == 0)
 395   3            {
 396   4              _USBDC_DC0DR_SFR(dr);
 397   4              _USBDC_DC0CIR_SFR(cir);
 398   4            } 
 399   3            else if (pId == 1)
 400   3            {
 401   4              _USBDC_DC1DR_SFR(dr);   
 402   4              _USBDC_DC1CIR_SFR(cir);
 403   4            }
 404   3            else if (pId == 2)
 405   3            {
 406   4              _USBDC_DC2DR_SFR(dr);
 407   4              _USBDC_DC2CIR_SFR(cir);
 408   4            }
 409   3            else
C51 COMPILER V9.60.7.0   USBDC                                                             06/18/2026 10:50:18 PAGE 8   

 410   3            {
 411   4              _USBDC_DC3DR_SFR(dr);
 412   4              _USBDC_DC3CIR_SFR(cir);
 413   4            }
 414   3          }
 415   2        }
 416   1      
 417   1        /* Check isr skip flag */
 418   1        if (dcisr_skip_flag == 0)
 419   1        {
 420   2          // Special handle for bus reset
 421   2          if (pIsr & DC_ISR_URST_MASK)
 422   2          {
 423   3            // Get reset status
 424   3            switch (pId)
 425   3            {
 426   4              case 0:
 427   4                _USBDC_DC0CIR_SFR(DCCR);
 428   4                _USBDC_DC0DR_READ_SFR(dr);
 429   4                break;
 430   4              case 1:
 431   4                _USBDC_DC1CIR_SFR(DCCR);
 432   4                _USBDC_DC1DR_READ_SFR(dr);
 433   4                break;
 434   4              case 2:
 435   4                _USBDC_DC2CIR_SFR(DCCR);
 436   4                _USBDC_DC2DR_READ_SFR(dr);
 437   4                break;
 438   4              case 3:
 439   4                _USBDC_DC3CIR_SFR(DCCR);
 440   4                _USBDC_DC3DR_READ_SFR(dr);
 441   4                break;
 442   4            }
 443   3            
 444   3            // Check if reset not yet
 445   3            if (dr & DC_CR_URST_MASK)
 446   3            {
 447   4              // Check if any other isr events
 448   4              if (!(pIsr &= ~DC_ISR_URST_MASK))
 449   4              {
 450   5                goto usbdc_ISR_End;
 451   5              }
 452   4            }
 453   3          }
 454   2          
 455   2          // Put status into ISR FIFO
 456   2          USBDC_ISR_FIFO[USBDC_ISRQ_Wp].Pid  = pId;
 457   2          USBDC_ISR_FIFO[USBDC_ISRQ_Wp].Isr  = pIsr;
 458   2          USBDC_ISR_FIFO[USBDC_ISRQ_Wp].Insr = pInsr;
 459   2          USBDC_ISR_FIFO[USBDC_ISRQ_Wp].Esmr = pEsmr;
 460   2          USBDC_ISRQ_Wp++;
 461   2      
 462   2          if (USBDC_ISRQ_Wp >= USBDC_ISR_FIFO_DEPTH)
 463   2          {
 464   3            USBDC_ISRQ_Wp = 0;
 465   3          }
 466   2        }
 467   1      
 468   1      usbdc_ISR_End:
 469   1      
 470   1        /* Check if any port act did not process */
 471   1        if (port_act & UDC_PORT_ALL_ACT)
C51 COMPILER V9.60.7.0   USBDC                                                             06/18/2026 10:50:18 PAGE 9   

 472   1        {
 473   2          goto REDO;
 474   2        }
 475   1      
 476   1      }
 477          
 478          /*
 479           * ----------------------------------------------------------------------------
 480           * void USBDC_ISR_Handle(void)
 481           * Purpose : USBDC interrupt service routine. 
 482           * Params  : none
 483           * Returns : none
 484           * Note    : none
 485           * ----------------------------------------------------------------------------
 486           */ 
 487          void USBDC_ISR_Handle(void)
 488          {
 489   1        idata U8_T  isr,insr,esmr,pid,devinx,endpinx,intt_id,dr;
 490   1        bit     buf_clear = 1;
 491   1      #if (SYSTEM_EXTENDER_TRANSMITTER)
                U8_T        endp_bit;
              #endif
 494   1        U8_T        inf_id=0;
 495   1        U8_T    *pSrc, *pDest;
 496   1        U8_T    len, index;
 497   1        USBHC_TD_Header_Typedef*  pTdHeader;
 498   1      
 499   1      #if (SYSTEM_EXTENDER_TRANSMITTER && SYSTEM_EXTENDER_MSC_SUPPORT)
                if (EXTENDER_MSC_BulkOutCount >= EXTENDER_MSC_BUF_MASK)
                  return;
              #endif
 503   1        // Get necessary value for processing and speed up
 504   1        pid  = USBDC_ISR_FIFO[USBDC_ISRQ_Rp].Pid;
 505   1        isr  = USBDC_ISR_FIFO[USBDC_ISRQ_Rp].Isr;
 506   1        insr = USBDC_ISR_FIFO[USBDC_ISRQ_Rp].Insr;
 507   1        esmr = USBDC_ISR_FIFO[USBDC_ISRQ_Rp].Esmr;
 508   1        devinx  = (insr & DC_INSR_DEVIND_MASK) DC_INSR_DEVIND_SHIFT;
 509   1        endpinx = (insr & DC_INSR_EPIND_MASK)  DC_INSR_EPIND_SHFIT;
 510   1        
 511   1        // Increase the ISR FIFO read counter
 512   1        if (++USBDC_ISRQ_Rp >= USBDC_ISR_FIFO_DEPTH)
 513   1        {
 514   2          USBDC_ISRQ_Rp = 0;
 515   2        }
 516   1        
 517   1        if (pid >= USBDC_PORT_MAX)
 518   1        {
 519   2          //printf("\n\r[> ??????????? PID ???????????:%bu]\n\r",pid);
 520   2          return;
 521   2        }   
 522   1        
 523   1        //1.Check the CT flag, endpoint transcation has successfully
 524   1        if ((isr & DC_ISR_CT_SET) && (USBDC_Device[devinx].DevIdx & DC_USED_MASK))
 525   1        {
 526   2          //Check the root hub state first
 527   2          //2017-1-9 Add by Jack
 528   2          //If host PC did not send a resume singal to HUB, that will cause the root hub and the device under this
             - port are still in resume state, 
 529   2          //So need ot clear it.    
 530   2          if (USBDC_UpPortState[pid] & USBDC_ROOTHUB_RESUME_MASK)
 531   2          {             
 532   3            //printf("Port:%bu Normal_Resume\n\r",pid);
C51 COMPILER V9.60.7.0   USBDC                                                             06/18/2026 10:50:18 PAGE 10  

 533   3            USBDC_Port_Normal(pid);
 534   3            //USBDC_UpPortState[pid] &= ~(USBDC_ROOTHUB_SUSPEND_MASK|USBDC_ROOTHUB_RESUME_MASK);
 535   3            //USBDC_VIRTUAL_Port_Status_Control(pid,FEATURE_RESUME|FEATURE_SUSPEND,RESET);  
 536   3          }
 537   2      
 538   2          //1-2.Check IN/OUT/Setup Token
 539   2          if ((insr&DC_INSR_EPIND_MASK) == 0) // Control Endpoint
 540   2          {
 541   3            //1-3.Check Data Direction & Setup Token
 542   3            //1-3-1.IN Data Stage or Status Stage Complete Handle     
 543   3            //1-3-3.Setup Token Handle
 544   3            if (esmr & DC_IESMR_SETUP)
 545   3            {   
 546   4              if (USBDC_Device[devinx].PassThroughState[pid] != PASSTHROUGH_IDLE)         
 547   4              {       
 548   5                if ((USB_PDevice[devinx].Hc.Control.State == CTRL_STATUS_OUT) || 
 549   5                  (USB_PDevice[devinx].Hc.Control.State == CTRL_STATUS_OUT_WAIT)  ||
 550   5                  (USB_PDevice[devinx].Hc.PassThrough_State == PASSTHROUGH_COMPLETE) )        
 551   5                  {
 552   6                    if (USBDC_Device[devinx].Control_Cnt[pid] < 0xa0)
 553   6                    { 
 554   7                      USBDC_Device[devinx].Control_Cnt[pid]++;                
 555   7                      if (USBDC_ISRQ_Rp == 0)
 556   7                      {
 557   8                        USBDC_ISRQ_Rp = USBDC_ISR_FIFO_DEPTH-1;
 558   8                      } 
 559   7                      else
 560   7                      {
 561   8                        USBDC_ISRQ_Rp --;
 562   8                      }
 563   7                      return;
 564   7                    }
 565   6                    else
 566   6                    {
 567   7                      USBDC_Device[devinx].Control_Cnt[pid] = 0;                              
 568   7                    }                 
 569   6                  } 
 570   5              }                                           
 571   4              //copy Setup Token Header and get length
 572   4              USBDC_HAL_Endp_Out_Buf_Copy((U8_T *)(&USBDC_Device[devinx].Setup[pid]),pid,devinx,endpinx, 1);        
 573   4              //Change the endian order of wValue,wIndex,wLength,USB is little, Keil C is big endian
 574   4              //clear the setup & out flag, allow out buffer to get data again
 575   4              USBDC_HAL_Convert_Setup_Value((U8_T *)&USBDC_Device[devinx].Setup[pid]);
 576   4              USBDC_VIRTUAL_Setup_Process(devinx,pid);
 577   4            }
 578   3            else
 579   3            {
 580   4              if ((insr&DC_INSR_DIR_MASK) == DC_INSR_DIR_IN)
 581   4              {
 582   5                USBDC_VIRTUAL_Setup_IN_Process(pid, devinx);
 583   5              }
 584   4              //1-3-2.Out Direction
 585   4              else
 586   4              {
 587   5                USBDC_VIRTUAL_Setup_OUT_Process(pid, devinx);
 588   5              }
 589   4            }
 590   3          } /* End of if ((insr&DC_INSR_EPIND_MASK) == 0) */
 591   2          else
 592   2          {
 593   3            //1-3.Check IN/OUT Transfer for other endpoint 
 594   3            if ((insr&DC_INSR_DIR_MASK) == DC_INSR_DIR_IN)
C51 COMPILER V9.60.7.0   USBDC                                                             06/18/2026 10:50:18 PAGE 11  

 595   3            {
 596   4              if (USB_PDevice[devinx].DevClass == USB_HUB_CLASS)
 597   4              {
 598   5                USBDC_VHub_Update_StatusChange(devinx,pid,pid,0);
 599   5              } 
 600   4      #if (PROJECT_USB_GENERIC_HID_ENABLE)
 601   4              else if (devinx == USBDC_VHID_DEVINX) // for Virtual HID
 602   4              {
 603   5      /*          
 604   5      #ifdef SYNC
 605   5                if (endpinx == USBDC_VHID_KB_ENDP_NUM) //Keyboard IN Complete
 606   5                { 
 607   5                  if (KVM_Flash.cSystemFlag2 & (SYSTEM_ALL_SYNC_MASK | SYSTEM_KB_SYNC_MASK))
 608   5                  {
 609   5                    goto USBDC_INTR_VDEV_SYNC;
 610   5                  }
 611   5                }
 612   5                else if (KVM_Flash.cSystemFlag2 & (SYSTEM_ALL_SYNC_MASK | SYSTEM_MS_SYNC_MASK))
 613   5                {
 614   5                  goto USBDC_INTR_VDEV_SYNC;
 615   5                }                                 
 616   5      #endif
 617   5      */          
 618   5      #ifndef SYNC          
                        if (pid == KVM_CurrentHost)  //if KVM active port
              #endif            
 621   5                {
 622   6                  if (endpinx == USBDC_VHID_KB_ENDP_NUM) //Keyboard IN Complete
 623   6                  {
 624   7      #ifdef SYNC         
 625   7                    if ((TASK_DATAST_PS2_Generic_KB_ActiveFlag & BIT_MASK[pid])==0)
 626   7                    {
 627   8                      if (DATAST_Generic_KB_IN_WP[pid] != DATAST_Generic_KB_IN_RP[pid]) //There is still ne
 628   8                      {
 629   9                        TASK_DATAST_PS2_Generic_KB_ActiveFlag |= BIT_MASK[pid];                 
 630   9                        TASK_Active(TASK_TYPE_EVENT,TASK_DATAST_PS2_Generic_KB_ID,0,pid,0,0); // now aticev the Generic K
             -B Output Handle
 631   9                      }
 632   8                      else
 633   8                      {
 634   9                        KM_SYNC_Send_RepeatKey_Check(pid);                  
 635   9                      }                 
 636   8                    }
 637   7      #else             
                            if (TASK_DATAST_PS2_Generic_KB_ActiveFlag==0)
                            {
                              if (DATAST_Generic_KB_IN_WP != DATAST_Generic_KB_IN_RP) //There is still ne
                              {
                                TASK_DATAST_PS2_Generic_KB_ActiveFlag=1;
                                TASK_Active(TASK_TYPE_EVENT,TASK_DATAST_PS2_Generic_KB_ID,0,0,0,0); // now aticev the Generic KB 
             -Output Handle
                              }
                            }
              #endif              
 647   7                    USBDC_HID_ENPx_Data_Wait_Flag[endpinx] |= USBDC_UPORT[pid];
 648   7                  }
 649   6                  else if ((endpinx == USBDC_VHID_MS_ENDP_NUM) || (endpinx == USBDC_VHID_MS2_ENDP_NUM))  //Mouse IN Co
             -mplete
 650   6                  {
 651   7      #ifdef SYNC 
 652   7                    if ((TASK_DATAST_PS2_Generic_MS_ActiveFlag & BIT_MASK[pid])==0)
 653   7                    {
C51 COMPILER V9.60.7.0   USBDC                                                             06/18/2026 10:50:18 PAGE 12  

 654   8                      #if (DATAST_GENERIC_MS_IN_QUEUE)    
 655   8                      if (DATAST_Generic_MS_IN_WP != DATAST_Generic_MS_IN_RP[pid]) //There is still ne
 656   8                      #else
                              if (DATAST_Generic_MS_IN_WP[pid] != DATAST_Generic_MS_IN_RP[pid]) //There is still ne
                              #endif      
 659   8                      {
 660   9                        TASK_DATAST_PS2_Generic_MS_ActiveFlag |= BIT_MASK[pid];
 661   9                        //printf("[T1]");
 662   9                        TASK_Active(TASK_TYPE_INTERVAL_MS,TASK_DATAST_PS2_Generic_MS_ID2,0,pid,1,1); // now aticev the Ge
             -neric KB Output Handle
 663   9                      }
 664   8                    }
 665   7      #else             
                            if (TASK_DATAST_PS2_Generic_MS_ActiveFlag==0)
                            {
                              if (DATAST_Generic_MS_IN_WP != DATAST_Generic_MS_IN_RP) //There is still ne
                              {
                                TASK_DATAST_PS2_Generic_MS_ActiveFlag=1;
                                TASK_Active(TASK_TYPE_INTERVAL_MS,TASK_DATAST_PS2_Generic_MS_ID2,0,0,1,1); // now aticev the Gene
             -ric MS Output Handle
                              }
                            }
              #endif              
 675   7                    USBDC_HID_ENPx_Data_Wait_Flag[endpinx] |= USBDC_UPORT[pid];
 676   7                  }
 677   6                }
 678   5              }
 679   4      #endif /* #if (PROJECT_USB_GENERIC_HID_ENABLE) */
 680   4              else if ((USBDC_Device[devinx].EndpType[endpinx] & USB_EP_TYPE_MASK) == USB_EP_TYPE_INTR) //Interrupt 
             -transfer type 
 681   4              {
 682   5                intt_id = USBDC_Device[devinx].EndpType[endpinx] & 0x0f;  // Get interrupt TD ID number           
 683   5                inf_id = HC_IntTransfer_Table[intt_id].InterfaceIdx;            
 684   5                if (KVM_CurrentHost == pid)
 685   5                {
 686   6                  //intt_id = USBDC_Device[devinx].EndpType[endpinx] & 0x0f;  // Get interrupt TD ID number           
 687   6                  //inf_id = HC_IntTransfer_Table[intt_id].InterfaceIdx;            
 688   6      #if (SYSTEM_EXTENDER_TRANSMITTER)
                          if (USB_PDevice[devinx].InfProtocol[inf_id] != INF_KEYBOARD) /* should be INF_MOUSE ? */
                          {
                            if (USB_PDevice[devinx].DevAttr & DEVATTR_REMOTE_DEV_MASK)
                            {             
                              endp_bit = (0x01 << endpinx);
                              USBDC_Device[devinx].EndpIntrAttr &= ~endp_bit; //clear the current queue
                              if (USBDC_Device[devinx].EndpIntrWait & endp_bit)
                              {                 
                                ExtenderT_Intr_In_Move_Wait_Handle(devinx,intt_id,endpinx);
                              }
                            }
                            else
                            {
              #ifdef SYNC               
                              HC_IntTransfer_Table[curinf].PassControl.SyncState &= ~BIT_MASK[KVM_CurrentHost+4];
              #else               
                              HC_IntTransfer_Table[intt_id].PassControl.State &= ~(PASSTHROUGH_WAIT);
              #endif                
                              if (HC_IntTransfer_Table[intt_id].PassControl.Wp != HC_IntTransfer_Table[intt_id].PassControl.Rp) 
             -// check if there is data needed processed
                              {
                                DATAST_Move_Intr_Buffer(KVM_CurrentHost,devinx,endpinx,intt_id);
                              }
                            }
C51 COMPILER V9.60.7.0   USBDC                                                             06/18/2026 10:50:18 PAGE 13  

                          }
                          else
              #endif /* #if (SYSTEM_EXTENDER_TRANSMITTER) */
 715   6                  {
 716   7      #ifdef SYNC
 717   7                    HC_IntTransfer_Table[intt_id].PassControl.SyncState &= ~BIT_MASK[KVM_CurrentHost+4];
 718   7      #else             
                            HC_IntTransfer_Table[intt_id].PassControl.State &= ~(PASSTHROUGH_WAIT);             
              #endif              
 721   7                    if (HC_IntTransfer_Table[intt_id].PassControl.Wp != HC_IntTransfer_Table[intt_id].PassControl.Rp) /
             -/ check if there is data needed processed
 722   7                    {
 723   8                      DATAST_Move_Intr_Buffer(KVM_CurrentHost,devinx,endpinx,intt_id);
 724   8                    }
 725   7                  }
 726   6      
 727   6                  if ((USBDC_Device[devinx].Interval_Detect[pid] & (0x01 << endpinx)) == 0x00 )
 728   6                  {
 729   7                    USBDC_Device[devinx].Interval_Detect[pid] |= (0x01 << endpinx);
 730   7                    USBDC_VIRTUAL_SetCheck_Interval(pid,devinx,endpinx);
 731   7                    USBDC_VIRTUAL_INNAK_Control(devinx,pid,BIT_MASK[endpinx],1);
 732   7                  }
 733   6                }
 734   5      #ifdef SYNC
 735   5                else
 736   5                {
 737   6                  if (USB_PDevice[devinx].InfProtocol[inf_id] != INF_KEYBOARD) /* it is MOUSE inteface */
 738   6                  {
 739   7                    if (KVM_Flash.cSystemFlag2 & SYSTEM_MS_SYNC_MASK)
 740   7                    { 
 741   8      USBDC_SEND_SYNC_DATA:                                                                     
 742   8                      HC_IntTransfer_Table[intt_id].PassControl.SyncState &= ~BIT_MASK[pid+4];    
 743   8                      if (HC_IntTransfer_Table[intt_id].PassControl.SyncWp[index] != HC_IntTransfer_Table[intt_id].PassC
             -ontrol.SyncRp[index]) // check if there is data needed processed                    
 744   8                      { 
 745   9                        DATAST_Move_Intr_Buffer(index,devinx,endpinx,intt_id);
 746   9                      }                   
 747   8                    }               
 748   7                  }                         
 749   6                  else
 750   6                  {
 751   7                    if (KVM_Flash.cSystemFlag2 & SYSTEM_KB_SYNC_MASK)
 752   7                    {
 753   8                      goto USBDC_SEND_SYNC_DATA;                  
 754   8                    }                 
 755   7                  }               
 756   6                }             
 757   5      #endif /* #ifdef SYNC  */             
 758   5              }
 759   4      #if ((SYSTEM_MSC_DEVICE_SUPPORT || SYSTEM_EXTENDER_MSC_SUPPORT) && (SYSTEM_USB_HC_BURST))
                      else if ((USBDC_Device[devinx].EndpType[endpinx] & USB_EP_TYPE_MASK) == USB_EP_TYPE_BULK) 
                      {
              #if (SYSTEM_EXTENDER_TRANSMITTER)
                        if (EXTENDER_MSC_Devinx == devinx)
                        {
                          ExtenderT_MSC_DcBurstInHandle(devinx);
                        }
              #else
                        if (USBHC_MSC_Devinx == devinx)
                        {
                          USBHC_MSC_DC_Burst_In_Handle(devinx);
                        }
C51 COMPILER V9.60.7.0   USBDC                                                             06/18/2026 10:50:18 PAGE 14  

              #endif //#if (SYSTEM_EXTENDER_TRANSMITTER)
                      }
              #endif
 775   4            }
 776   3            //1-3-2.Out Direction
 777   3            else
 778   3            {
 779   4              if (USB_PDevice[devinx].DevClass != USB_HUB_CLASS)
 780   4              {
 781   5      #if (SYSTEM_USB_PEN_DRIVE_SUPPORT)
                        if (devinx == USBDC_VMSC_DEVINX) // for Virtual HID
                        {
                          USBDC_VMSC_Endpx_Data_OUT_Complete(pid,devinx,endpinx); // the out endpinx=2
                          buf_clear = 0; // not clear the data
                        }
              #endif
 788   5      
 789   5      #if (SYSTEM_MSC_DEVICE_SUPPORT || SYSTEM_EXTENDER_MSC_SUPPORT)
               #if (SYSTEM_USB_HC_BURST)
                #if (SYSTEM_EXTENDER_TRANSMITTER)
                        if (EXTENDER_MSC_Devinx == devinx)
                        {
                          buf_clear = ExtenderT_MSC_DcBurstOutHandle(devinx);
                        }
                #else
                        if (USBHC_MSC_Devinx == devinx)
                        {
                          buf_clear = USBHC_MSC_DC_Burst_Out_Handle(devinx);
                        }
                #endif //#if (SYSTEM_EXTENDER_TRANSMITTER)
               #else // Non (SYSTEM_USB_HC_BURST)
                #if (SYSTEM_EXTENDER_TRANSMITTER)
                        /* Check For MSC BULK OUT transfer */
                        if (EXTENDER_MSC_Devinx == devinx)
                        {
                          if ((USBDC_Device[devinx].EndpType[endpinx] & USB_EP_TYPE_MASK) == USB_EP_TYPE_BULK)
                          {
                            ExtenderT_MSC_DcBulkOutReceiveHandle(pid, devinx, endpinx);
                          }
                          buf_clear = 0;
                        }
                #else
                        if (USBHC_MSC_Devinx == devinx)
                        {
                          if (USBHC_MSC_DC_Buffer_Wait_Processing_Flag == 0) // in processing,the isr routine should check thi
             -s flag
                          {
                            if (USB_PDevice[devinx].Addr & USBHC_DEVICE_USED_MASK)  // Device still exist
                            {   
                              USBHC_MSC_DC_Buffer_Wait_Processing_Flag=1;
                              TASK_USBHC_MSC_DC_Out_Wait_Task.Task_Para = pid;
                              TASK_USBHC_MSC_DC_Out_Wait_Task.Task_Interval.w = devinx;
                              TASK_Run(&TASK_USBHC_MSC_DC_Out_Wait_Task);
                            }
                          }
                          buf_clear = 0;
                        }
                #endif /* (SYSTEM_EXTENDER_TRANSMITTER) */
               #endif /* (SYSTEM_USB_HC_BURST) */
              #endif /* (SYSTEM_MSC_DEVICE_SUPPORT || SYSTEM_EXTENDER_MSC_SUPPORT) */
 831   5      
 832   5                if ((USBDC_Device[devinx].EndpType[endpinx] & USB_EP_TYPE_MASK) == USB_EP_TYPE_INTR)
C51 COMPILER V9.60.7.0   USBDC                                                             06/18/2026 10:50:18 PAGE 15  

 833   5                {
 834   6                  if (pid == KVM_CurrentHost)
 835   6                  {
 836   7      #if (SYSTEM_EXTENDER_TRANSMITTER)
                            if (USB_PDevice[devinx].DevAttr & DEVATTR_REMOTE_DEV_MASK)
                            {
                              ExtenderT_USB_IntrOutProcess(devinx, endpinx);
                              buf_clear = 0;
                            }
                            else
              #endif
 844   7                    {
 845   8                      // INTERRUPT OUT for non-extender path
 846   8                      pSrc = USBDC_EndpBufPtr[pid][devinx][endpinx];
 847   8                      len = *pSrc;
 848   8                      pSrc += OUT_BUF_OFFSET; // data point
 849   8                      intt_id = USBDC_Device[devinx].EndpType[endpinx] & 0x0f;
 850   8                      pDest = HCTD_Table.INTL[intt_id].Buf;
 851   8                      for (index = 0; index < len ; index++)
 852   8                      {
 853   9                        pDest[index] = pSrc[index];
 854   9                      }
 855   8      
 856   8                      pTdHeader = &(HCTD_Table.INTL[intt_id].TD);
 857   8                      pTdHeader->Byte4_Total_Byte = len;
 858   8                      pTdHeader->Byte5 &= 0xFC;
 859   8                      pTdHeader->Byte1 |= TD_ACTIVED_MASK;
 860   8      
 861   8                      USBHC_CORE_Set_TD_SkipMap(USBHC_TD_INTL,intt_id,0x00);
 862   8      
 863   8                      buf_clear = 1;
 864   8                    }
 865   7                  }
 866   6                }
 867   5      
 868   5                if (buf_clear)
 869   5                {
 870   6                  USBDC_REGS_Endp_ControlClear(pid,devinx,endpinx,DA_CR_BCLR_SET); // now can receive data
 871   6                }
 872   5              }
 873   4            }
 874   3          }
 875   2        }
 876   1        else if  (isr & DC_ISR_CT_SET)
 877   1        {
 878   2          USBDC_REGS_Endp_Reset(pid, devinx, endpinx);
 879   2        }
 880   1        
 881   1        //2.Check VBUS Status
 882   1        if (isr & DC_ISR_VCHG_SET)
 883   1        {
 884   2          USBDC_INT_DISABLE;
 885   2          switch (pid)
 886   2          {
 887   3            case 0:
 888   3              _USBDC_DC0CIR_SFR(DCCR);
 889   3              _USBDC_DC0DR_READ_SFR(insr);
 890   3              break;
 891   3            case 1:
 892   3              _USBDC_DC1CIR_SFR(DCCR);
 893   3              _USBDC_DC1DR_READ_SFR(insr);
 894   3              break;
C51 COMPILER V9.60.7.0   USBDC                                                             06/18/2026 10:50:18 PAGE 16  

 895   3            case 2:
 896   3              _USBDC_DC2CIR_SFR(DCCR);
 897   3              _USBDC_DC2DR_READ_SFR(insr);
 898   3              break;
 899   3            case 3:
 900   3              _USBDC_DC3CIR_SFR(DCCR);
 901   3              _USBDC_DC3DR_READ_SFR(insr);
 902   3              break;
 903   3          }
 904   2          USBDC_INT_ENABLE;
 905   2      
 906   2          if (!(insr & DC_CR_VBUS_MASK) &&
 907   2            (USBDC_UpPortState[pid] & USBDC_ROOTHUB_ATTACHED_MASK) == USBDC_ROOTHUB_ATTACHED_SET) //VBUS changed, a
             -nd it is detached
 908   2          {
 909   3            //printf("> DC_Port:%bu, VBUS Disattached\n\r",pid);
 910   3            USBDC_UpPortState[pid] &= ~(USBDC_ROOTHUB_ATTACHED_MASK | USBDC_ROOTHUB_REMOTE_WAKEUP);
 911   3            USBDC_UpPortState[pid] |= USBDC_ROOTHUB_SUSPEND_MASK;
 912   3            USBDC_Device[devinx].DevAttr[pid] &= RESET_ONCE_WHEN_SW_MASK; //reset the port
 913   3      #if (SYSTEM_EXTENDER_TRANSMITTER)
                  #ifdef PCT_MUA22
                    KVM_Host_Led_Control(pid,LED_OFF);
                  #endif /* #ifdef PCT_MUA22  */
                    ExtenderT_HostLedCheck(pid);
                  
              #else
 920   3            KVM_Host_Led_Control(pid,LED_OFF);
 921   3            
 922   3      #ifdef SYNC     
 923   3            //KM_SYNC_ClearStart(pid);
 924   3      #endif
 925   3            
 926   3      #endif
 927   3            //1.Should do the Clean processing 
 928   3      #ifdef RESUME_DELAY
                    VDevice_Keep_Quite_Flag[pid] = 0;
              #endif      
 931   3            USBDC_Port_Regs_Clear(pid);
 932   3            USBDC_VIRTUAL_Port_Clear(pid,0,USBDC_DEVICE_MAX);
 933   3            USBDC_HAL_Address_Active(pid,0,SET);
 934   3      #if (SYSTEM_MSC_DEVICE_SUPPORT)       
                    USBDC_Maintain_MSC_PDevice(pid);
              #endif
 937   3      #if (SYSTEM_USBAUDIO_DEVICE_SUPPORT)
                    USBHC_AUDIO_In_Stop(pid);
              #endif
 940   3      
 941   3            //2.Do the KVM Task
 942   3      #if (ENABLE_HOTKEY_FUN_POWER_JUMP_SW)
 943   3            KVM_Power_Jump_Check(pid,1);
 944   3      #endif /* #if (ENABLE_HOTKEY_FUN_POWER_JUMP_SW) */
 945   3      
 946   3      #if (ENABLE_HOTKEY_FUN_PLUGIN_JUMP_SW)
 947   3            if ((KVM_Flash.cSystemFlag1 & SYSTEM_PLUGIN_JUMP_MODE) == 0)
 948   3            {
 949   4              /* Check all ports were unplugged ? */
 950   4              for (index = 0; index < KVM_MAX_PORT; index++)
 951   4              {
 952   5                if (USBDC_UpPortState[index] & USBDC_ROOTHUB_ATTACHED_MASK)
 953   5                  break;
 954   5              }
 955   4              /* No Upstream port plugged, then reenabled the first jump function */
C51 COMPILER V9.60.7.0   USBDC                                                             06/18/2026 10:50:18 PAGE 17  

 956   4              if (index >= KVM_MAX_PORT)
 957   4                KVM_Plug_In_Jump_Flag = 0;
 958   4            }
 959   3      #endif /* #if (ENABLE_HOTKEY_FUN_PLUGIN_JUMP_SW) */
 960   3            
 961   3      #ifdef KMLOG
                    KMLog_Send_Host_State();
              #endif      
 964   3          }
 965   2          else if ((insr & DC_CR_VBUS_MASK) &&
 966   2              !(USBDC_UpPortState[pid] & USBDC_ROOTHUB_ATTACHED_MASK))
 967   2          {
 968   3            //printf("> DC_Port:%bu, VBUS Attached\n\r",pid);
 969   3            USBDC_UpPortState[pid] |= USBDC_ROOTHUB_ATTACHED_MASK;
 970   3      #if (SYSTEM_EXTENDER_TRANSMITTER)
                  #ifdef PCT_MUA22
                    KVM_Host_Led_Control(pid, LED_ON);
                  #endif  /* #ifdef PCT_MUA22 */
                    ExtenderT_HostLedCheck(pid);    
              #else
 976   3            KVM_Host_Led_Control(pid, LED_ON);
 977   3      #endif
 978   3      
 979   3            //1.Do Reset First
 980   3            //Should do the VHub Reset
 981   3            USBDC_VHub_UpPort_Reset(USBDC_VHUB_DEVINX,pid);
 982   3      
 983   3            //2.Do the KVM Task
 984   3      #if (ENABLE_HOTKEY_FUN_PLUGIN_JUMP_SW)
 985   3            KVM_PlugIn_Jump_Check(pid);
 986   3      #endif /* #if (ENABLE_HOTKEY_FUN_PLUGIN_JUMP_SW) */
 987   3      
 988   3      #ifdef KMLOG
                    KMLog_Send_Host_State();
              #endif            
 991   3          }
 992   2        }
 993   1      
 994   1        //3.Check Reset Status
 995   1        if (isr & DC_ISR_URST_MASK)
 996   1        {
 997   2          //------------------------------------------------------------------------------------------------------
             ---
 998   2          //printf("> DC_Port:%bu, Reset\n\r",pid);
 999   2          USBDC_Virtual_Hub_Reset(pid,0);   
1000   2      #ifdef SYNC   
1001   2          KM_SYNC_ClearStart(pid);    
1002   2      #endif    
1003   2          
1004   2      #ifdef KMLOG
                  KMLog_Send_Host_State();
              #endif    
1007   2      
1008   2      #ifdef VPID_CHANGER   
1009   2          KM_Sync_VPid_Change_Auto(pid);    
1010   2      #endif    
1011   2          
1012   2        }
1013   1      
1014   1        //4.Check Suspend Status
1015   1        if (isr & DC_ISR_USUS_MASK)
1016   1        {
C51 COMPILER V9.60.7.0   USBDC                                                             06/18/2026 10:50:18 PAGE 18  

1017   2          //printf("> DC_Port:%bu, Suspend\n\r",pid);
1018   2          USBDC_Port_GoSuspend(pid);
1019   2      #if (SYSTEM_USBAUDIO_DEVICE_SUPPORT)
                  USBHC_AUDIO_In_Stop(pid);
              #endif
1022   2          
1023   2      #ifdef KMLOG
                  KMLog_Send_Host_State();
              #endif          
1026   2        }
1027   1      
1028   1        //5.Check Resume Status(Resume by Host)
1029   1        if (isr & DC_ISR_RWK_MASK)
1030   1        { 
1031   2          //2017-06-09 this code is for fixing the Skylake cup mother board resume issue, must can not deleted    
1032   2          if (pid==0)
1033   2          {
1034   3            _USBDC_DC0CIR_SFR(DCIER);     
1035   3            _USBDC_DC0DR_READ_SFR(dr);
1036   3            dr |= DC_IER_RSM_MASK;
1037   3            _USBDC_DC0DR_SFR(dr);     
1038   3            _USBDC_DC0CIR_SFR(DCIER);
1039   3          }     
1040   2          else if (pid==1)
1041   2          {
1042   3            _USBDC_DC1CIR_SFR(DCIER);     
1043   3            _USBDC_DC1DR_READ_SFR(dr);
1044   3            dr |= DC_IER_RSM_MASK;
1045   3            _USBDC_DC1DR_SFR(dr);     
1046   3            _USBDC_DC1CIR_SFR(DCIER);
1047   3          }
1048   2          else if (pid==2)
1049   2          {
1050   3            _USBDC_DC2CIR_SFR(DCIER);     
1051   3            _USBDC_DC2DR_READ_SFR(dr);
1052   3            dr |= DC_IER_RSM_MASK;
1053   3            _USBDC_DC2DR_SFR(dr);     
1054   3            _USBDC_DC2CIR_SFR(DCIER);
1055   3          }     
1056   2          else
1057   2          {
1058   3            _USBDC_DC3CIR_SFR(DCIER);     
1059   3            _USBDC_DC3DR_READ_SFR(dr);
1060   3            dr |= DC_IER_RSM_MASK;
1061   3            _USBDC_DC3DR_SFR(dr);     
1062   3            _USBDC_DC3CIR_SFR(DCIER);
1063   3          }         
1064   2          //------------------------------------------------------------------------------------------------------
             ---
1065   2              
1066   2          //printf("> DC_Port:%bu, Resume\n\r",pid);
1067   2          //TASK_Active(TASK_TYPE_INTERVAL_MS, TASK_KVM_ACCESSORY_ID, 0, pid, 1000, 1000);
1068   2          if (USBDC_Resume_Task_ActiveID[pid]==0)
1069   2          {       
1070   3            USBDC_Resume_Task_ActiveID[pid] = TASK_Active(TASK_TYPE_INTERVAL_MS, TASK_KVM_ACCESSORY_ID, 0, pid, 100
             -0, 1000)+1;
1071   3            //printf("> Port:%bu,Accessory Start(%bu)\n\r",pid,USBDC_Resume_Task_ActiveID[pid]);
1072   3          }
1073   2          else
1074   2          {
1075   3             //printf("  * Port:%bu,AccessoryTime Reset]\n\r",pid);
1076   3             Task_Active_Table[USBDC_Resume_Task_ActiveID[pid]-1].Task_Interval.w = 1000;
C51 COMPILER V9.60.7.0   USBDC                                                             06/18/2026 10:50:18 PAGE 19  

1077   3          }   
1078   2          USBDC_VHub_Resume_HubPort_Device(pid);
1079   2      #ifdef KMLOG
                  KMLog_Send_Host_State();
              #endif
1082   2        }
1083   1      
1084   1        //6.Check SOF interrupt for Audio
1085   1        if (isr & DC_ISER_SOF_SET)
1086   1        {
1087   2        }
1088   1      
1089   1      }
1090          #endif // End of (INTR_ISR_INCLUDE_USBDC)
1091          
1092          /* ----------------------------------------------------------------------------
1093           * void USBDC_Port_Regs_Clear(void)
1094           * Purpose : USBDC Port register clear,after get reset interrupt, clear all the 
1095           *           device's registers
1096           * Params  : none
1097           * Returns : none
1098           * Note    : none
1099           * ---------------------------------------------------------------------------- */
1100          void USBDC_Port_Regs_Clear(U8_T pid)
1101          {
1102   1        U8_T  devinx,endpinx;
1103   1      
1104   1        for (devinx = 0; devinx < USBDC_DEVICE_MAX; devinx ++)
1105   1        {
1106   2          USBDC_REGS_Device_Reset(pid, devinx);
1107   2          for (endpinx = 0; endpinx < USBDC_ENDP_MAX; endpinx ++)
1108   2          {
1109   3            USBDC_REGS_Endp_Reset(pid, devinx, endpinx);
1110   3          }
1111   2        }
1112   1        
1113   1        /* Also clear all PASSTHROUGH_WAIT flag at HC side 
1114   1           after clear DC endpoint FIFOs at active port */
1115   1        if (KVM_CurrentHost == pid)
1116   1        {
1117   2      #ifdef SYNC
1118   2      USBDC_Port_Regs_Clear_Start:
1119   2      #endif    
1120   2          for (devinx = 0; devinx < USB_HC_INTL_MAX; devinx ++)
1121   2          {
1122   3            if (HC_IntTransfer_Table[devinx].Used_DeviceID & USBHC_DEVICE_USED_MASK)
1123   3            { 
1124   4      #ifdef SYNC         
1125   4              HC_IntTransfer_Table[devinx].PassControl.SyncState &= ~BIT_MASK[pid+4];       
1126   4      #else
                      HC_IntTransfer_Table[devinx].PassControl.State &= ~(PASSTHROUGH_WAIT);
              #endif        
1129   4            } 
1130   3          }
1131   2        }
1132   1      #ifdef SYNC
1133   1        else
1134   1        {
1135   2          goto USBDC_Port_Regs_Clear_Start;
1136   2        }
1137   1      #endif  
1138   1      }
C51 COMPILER V9.60.7.0   USBDC                                                             06/18/2026 10:50:18 PAGE 20  

1139          
1140          /* ----------------------------------------------------------------------------
1141           * void USBDC_Port_GoSuspend(void)
1142           * Purpose : USBDC Port suspend operation
1143           * Params  : none
1144           * Returns : none
1145           * Note    : none
1146           * ---------------------------------------------------------------------------- */
1147          void USBDC_Port_GoSuspend(U8_T pid)
1148          {
1149   1      #ifdef RESUME_DELAY   
                DC_Keep_Quite_Flag |= BIT_MASK[pid];
              #endif  
1152   1        USBDC_UpPortState[pid] |= USBDC_ROOTHUB_SUSPEND_MASK;
1153   1        USBDC_UpPortState[pid] &= ~USBDC_ROOTHUB_RESUME_MASK;
1154   1        
1155   1      #ifdef RESUME_DELAY   
                if (TASK_DC_Keep_Quite_Active_TaskID[pid] == 0)
                  TASK_DC_Keep_Quite_Active_TaskID[pid] = TASK_Active(TASK_TYPE_INTERVAL_MS,TASK_DC_Keep_Quite_TASKID,0,pi
             -d,VBUS_RESUME_KEEP_QUITE,VBUS_RESUME_KEEP_QUITE); // now active the Generic KB Output Handle    
              #endif  
1159   1        // Set All Port into Suspend
1160   1        USBDC_VIRTUAL_Port_Status_Control(pid,FEATURE_SUSPEND,SET);
1161   1        USBDC_HAL_Port_Suspend(pid);
1162   1      }
1163          
1164          /* ----------------------------------------------------------------------------
1165           * void USBDC_PortSuspendCheck(void)
1166           * Purpose : Check all upstream port suspend status 
1167           * Params  : none
1168           * Returns : none
1169           * Note    : none
1170           * ---------------------------------------------------------------------------- */
1171          U8_T USBDC_PortSuspendCheck(void)
1172          {
1173   1        U8_T  pidx;
1174   1      
1175   1        for (pidx = 0; pidx < USBDC_PORT_MAX; pidx ++)
1176   1        {
1177   2          if ((USBDC_UpPortState[pidx] & USBDC_ROOTHUB_SUSPEND_MASK) == 0)
1178   2          {
1179   3            return 0;
1180   3          }
1181   2        }
1182   1        return 1;
1183   1      }
1184          
1185          /* ----------------------------------------------------------------------------
1186           * void USBDC_WakeupUpstreamHost(U8_T pid)
1187           * Purpose : Wakeup assingned upstream port if host entered into suspend mode
1188           * Params  : none
1189           * Returns : none
1190           * Note    : none
1191           * ---------------------------------------------------------------------------- */
1192          void USBDC_WakeupUpstreamHost(U8_T pid)
1193          {
1194   1        if ((USBDC_UpPortState[pid] & USBDC_ROOTHUB_REMOTE_WAKEUP) &&
1195   1          (USBDC_UpPortState[pid] & USBDC_ROOTHUB_SUSPEND_MASK))
1196   1        {
1197   2          USBDC_Port_Resume(pid);
1198   2        }
1199   1      }
C51 COMPILER V9.60.7.0   USBDC                                                             06/18/2026 10:50:18 PAGE 21  

1200          
1201          /* ----------------------------------------------------------------------------
1202           * void USBDC_Port_Resume(void)
1203           * Purpose : USBDC Port resume operation
1204           * Params  : none
1205           * Returns : none
1206           * Note    : none
1207           * ---------------------------------------------------------------------------- */ 
1208          void USBDC_Port_Resume(U8_T pid)
1209          { 
1210   1        USBDC_UpPortState[pid] |= USBDC_ROOTHUB_RESUME_MASK;
1211   1        USBDC_UpPortState[pid] &= ~USBDC_ROOTHUB_SUSPEND_MASK;
1212   1        USBDC_VIRTUAL_Port_Status_Control(pid,FEATURE_RESUME,SET);
1213   1        USBDC_VIRTUAL_Port_Status_Control(pid,FEATURE_SUSPEND,RESET);
1214   1        USBDC_HAL_Port_Resume(pid);
1215   1      }
1216          
1217          /* ----------------------------------------------------------------------------
1218           * void USBDC_Port_Normal(void)
1219           * Purpose : USBDC Port resume operation
1220           * Params  : none
1221           * Returns : none
1222           * Note    : none
1223           * ---------------------------------------------------------------------------- */ 
1224          void USBDC_Port_Normal(U8_T pid)
1225          {
1226   1      #if (SYSTEM_USBAUDIO_DEVICE_SUPPORT)
                U8_T reg;
              #endif  
1229   1      
1230   1        if (USBDC_UpPortState[pid] & (USBDC_ROOTHUB_SUSPEND_MASK | USBDC_ROOTHUB_RESUME_MASK))
1231   1        {
1232   2          USBDC_UpPortState[pid] &= ~(USBDC_ROOTHUB_SUSPEND_MASK|USBDC_ROOTHUB_RESUME_MASK);
1233   2          USBDC_VIRTUAL_Port_Status_Control(pid,FEATURE_RESUME|FEATURE_SUSPEND,RESET);
1234   2      
1235   2      #if (SYSTEM_USBAUDIO_DEVICE_SUPPORT)
                  if (pid == KVM_CurrentUSBAudio)
                  {
                    if (HC_IsoTransfer_Table[USB_HC_ISTL_OUT_MAX].Used_DeviceID & USBHC_DEVICE_USED_MASK)
                    {
                      EXTINT3_DISABLE;
                      USBHC_AUDIO_In_Start();
                      EXTINT3_ENABLE;
                    }
                  
                    if (HC_IsoTransfer_Table[0].Used_DeviceID & USBHC_DEVICE_USED_MASK)
                    {
                      reg = (KVM_CurrentUSBAudio & 0x03);
                      USBHC_Write_Regs(HC_SOF_SELECT_REG, &reg, 1);
                      reg = HC_SOF_SELECT_USPSE_SET | (KVM_CurrentUSBAudio & 0x03);
                      USBHC_Write_Regs(HC_SOF_SELECT_REG, &reg, 1);
                    }
                  }
              #endif
1254   2          
1255   2          #ifdef KMLOG
                  KMLog_Send_Host_State();
                  #endif
1258   2        } 
1259   1      }
1260          
1261          /* ----------------------------------------------------------------------------
C51 COMPILER V9.60.7.0   USBDC                                                             06/18/2026 10:50:18 PAGE 22  

1262           * void USBDC_Port_Reset(void)
1263           * Purpose : USBDC Port reset operation:only clear the status
1264           * Params  : none
1265           * Returns : none
1266           * Note    : none
1267           * ---------------------------------------------------------------------------- */ 
1268          void USBDC_Port_Reset(U8_T pid)
1269          {
1270   1        USBDC_UpPortState[pid] &= ~(USBDC_ROOTHUB_SUSPEND_MASK|USBDC_ROOTHUB_RESUME_MASK);
1271   1      }
1272          
1273          /*
1274           * ----------------------------------------------------------------------------
1275           * Function Name: USBDC_CORE_Init
1276           * Purpose: Initial the usb dc core system  
1277           * Params:  NONE
1278           * Returns: NONE
1279           * Note:
1280           * ----------------------------------------------------------------------------
1281           */
1282          void USBDC_CORE_Init(void)
1283          {
1284   1        U32_T iaddr;
1285   1      
1286   1        USBDC_ISRQ_Rp = 0;
1287   1        USBDC_ISRQ_Wp = 0;
1288   1        /*------------------------------------------*/
1289   1        /*01.Foruce USB bus Reset */
1290   1        _USBDC_DC0DR_SFR(DC_CR_FSE0_SET);
1291   1        _USBDC_DC0CIR_SFR(DCCR);
1292   1      
1293   1        _USBDC_DC1DR_SFR(DC_CR_FSE0_SET);
1294   1        _USBDC_DC1CIR_SFR(DCCR);
1295   1      
1296   1        _USBDC_DC2DR_SFR(DC_CR_FSE0_SET);
1297   1        _USBDC_DC2CIR_SFR(DCCR);
1298   1      
1299   1        _USBDC_DC3DR_SFR(DC_CR_FSE0_SET);
1300   1        _USBDC_DC3CIR_SFR(DCCR);
1301   1      
1302   1        /*------------------------------------------*/
1303   1        /*02.Write Index Table Address to Registr  */
1304   1        /*02_1. Assign Upstream Port 0 */
1305   1        iaddr = (U32_T)(&USBDC_Index[0][0][0]);
1306   1        DC0DR = iaddr & 0x000000ff;
1307   1        DC0DR = (iaddr & 0x0000ff00) >> 8;
1308   1        DC0DR = 0x00;
1309   1        DC0CIR = INDBASR;
1310   1      
1311   1        /*02_2. Assign Upstream Port 1 */
1312   1        iaddr = (U32_T)(&USBDC_Index[1][0][0]);
1313   1        DC1DR = iaddr & 0x000000ff;
1314   1        DC1DR = (iaddr & 0x0000ff00) >> 8;
1315   1        DC1DR = 0x00;
1316   1        DC1CIR = INDBASR;
1317   1      
1318   1        /*02_3. Assign Upstream Port 2 */
1319   1        iaddr   = (U32_T)(&USBDC_Index[2][0][0]);
1320   1        DC2DR = iaddr & 0x000000ff;
1321   1        DC2DR = (iaddr & 0x0000ff00) >> 8;
1322   1        DC2DR = 0x00;
1323   1        DC2CIR = INDBASR;
C51 COMPILER V9.60.7.0   USBDC                                                             06/18/2026 10:50:18 PAGE 23  

1324   1      
1325   1        /*02_4. Assign Upstream Port 3 */
1326   1        iaddr = (U32_T)(&USBDC_Index[3][0][0]);
1327   1        DC3DR = iaddr & 0x000000ff;
1328   1        DC3DR   = (iaddr & 0x0000ff00) >> 8;
1329   1        DC3DR = 0x00;
1330   1        DC3CIR  = INDBASR;
1331   1      }
1332          
1333          /**----------------------------------------------------------------------------
1334           * Function Name: USBDC_CORE_Start
1335           * Purpose: Enable the Interrupt and release the Froce SE0 bus condition
1336           * Params:  NONE
1337           * Returns: NONE
1338           * Note:
1339           *----------------------------------------------------------------------------*/
1340          void USBDC_CORE_Start(void)
1341          {
1342   1        U8_T  reg0;
1343   1      
1344   1        /*--------------------------------------------*/
1345   1        // Enable all interrupt flag,except ESOF & SOF
1346   1        /*04.Enable interrupt for every upstream port */
1347   1        reg0 = (0xff & ~(DC_IER_ESOF_SET | DC_IER_SOF_SET));
1348   1        USBDC_Write_Regs(0,DCIER,&reg0,1);
1349   1        USBDC_Write_Regs(1,DCIER,&reg0,1);
1350   1      #ifndef MCU_TYPE_AX68002
1351   1        USBDC_Write_Regs(2,DCIER,&reg0,1);
1352   1        USBDC_Write_Regs(3,DCIER,&reg0,1);
1353   1      #endif
1354   1      
1355   1        /*---------------------------------------------------------*/
1356   1        /*05.Release BUS Reset condistion,enable Device controller */
1357   1        reg0 = DC_CR_DCEN_SET|DC_CR_SRSM_SET;
1358   1        USBDC_Write_Regs(0,DCCR,&reg0,1);
1359   1        USBDC_Write_Regs(1,DCCR,&reg0,1);
1360   1      #ifndef MCU_TYPE_AX68002
1361   1        USBDC_Write_Regs(2,DCCR,&reg0,1);
1362   1        USBDC_Write_Regs(3,DCCR,&reg0,1);
1363   1      #endif
1364   1      
1365   1        /*06.Enable Interrupt 3 */
1366   1      #if (INTR_ISR_INCLUDE_USBDC)
1367   1        EXTINT3_ENABLE;
1368   1      #endif
1369   1      
1370   1        TASK_USBDC_Get_EndpInterval_ID = TASK_Create(TASK_USBDC_Get_EndpInterval);
1371   1      
1372   1      #if (SYSTEM_TASK_DUMP_SUPPORT)
                printf("TASK_USBDC_Get_EndpInterval_ID=%bu\n\r",TASK_USBDC_Get_EndpInterval_ID);
              #endif  
1375   1      }
1376          
1377          /**----------------------------------------------------------------------------
1378           * Function Name: USBDC_VirtualDevice_Create(U8_T devinx)
1379           * Purpose: create a virtual devcie in dc side base on hc information
1380           * Params :$devinx:the hc devinx, the virtual vdevice_id is same with hc
1381           * Returns: NONE
1382           * Note:
1383           *----------------------------------------------------------------------------*/
1384          U8_T USBDC_VirtualDevice_Create(U8_T devinx)
1385          {
C51 COMPILER V9.60.7.0   USBDC                                                             06/18/2026 10:50:18 PAGE 24  

1386   1        U8_T          roothubport, direction,index,skip;
1387   1        U8_T          infinx, endpinx, endpnum, infnum;
1388   1        USBHC_CfgDesc_TypeDef *dc_cfg;
1389   1        U8_T          virtual_port;
1390   1      
1391   1        //~~~~~~~~~~~~~~~~~~~~~~~
1392   1        //1.Check the device ID
1393   1        //~~~~~~~~~~~~~~~~~~~~~~~
1394   1        if (USBDC_Device[devinx].DevIdx & DC_USED_MASK) // if device has been occupy by other device
1395   1        {
1396   2          //printf(">>> KVM ERROR: VDevinx:%bx been used, skip Mount\n\r", devinx);
1397   2          return 0;
1398   2        }
1399   1      
1400   1        if (devinx >= USB_HC_MAX_DEVICE)
1401   1        {
1402   2      //    printf("USBDC_VirtualDevice_Create: devinx=%bx >= USB_HC_MAX_DEVICE\n\r", devinx);
1403   2          return 1;
1404   2        }
1405   1        else
1406   1        {
1407   2      #if (SYSTEM_USB_PEN_DRIVE_SUPPORT)
                  if (devinx != USBDC_VMSC_DEVINX)
                  {
                    // get a new port for virtual device
                    virtual_port = USBDC_Virtual_HubPort_Alloc(devinx);
                    if (virtual_port == 0)
                    {
                      //printf("No free port id of root hub...\n\r");
                      return 0;
                    }
                    virtual_port--;     
                    USBDC_Virtual_Hub_Map[virtual_port].HubPort_Devinx = devinx;
                    USBDC_Virtual_Hub_Map[devinx].Devinx_HubPort = virtual_port;
                  }
                  else
                  {
                    virtual_port = USBDC_VMSC_PORT_NUM;
                  }
              #else
1426   2          // get a new port for virtual device
1427   2          virtual_port = USBDC_Virtual_HubPort_Alloc(devinx);
1428   2          if (virtual_port == 0)
1429   2          {
1430   3            //printf("No free port id of root hub...\n\r");
1431   3            return 0;
1432   3          }
1433   2          virtual_port--;
1434   2          USBDC_Virtual_Hub_Map[virtual_port].HubPort_Devinx = devinx;
1435   2          USBDC_Virtual_Hub_Map[devinx].Devinx_HubPort = virtual_port;
1436   2      #endif
1437   2        }
1438   1      
1439   1        //Check the HUB Class
1440   1        if (USB_PDevice[devinx].DevClass == USB_HUB_CLASS)
1441   1        {
1442   2          USBDC_Device[devinx].VHub = m_malloc(sizeof(VHub_ReportTypeDef),27); // create the hub report struct
1443   2          if (!USBDC_Device[devinx].VHub)
1444   2          {
1445   3            //printf(">>> KVM ERROR: VDevinx:%bx VHub = Null, skip Mount\n\r", devinx);
1446   3            return 0;
1447   3          }
C51 COMPILER V9.60.7.0   USBDC                                                             06/18/2026 10:50:18 PAGE 25  

1448   2        }
1449   1        USBDC_Device[devinx].DevIdx |= DC_USED_MASK;
1450   1      
1451   1        //Check the upper layer HUB port
1452   1        roothubport = (USB_PDevice[devinx].Hub_NbrPorts & USBHC_ROOTHUBPORT_PORT_NUM_MASK) USBHC_ROOTHUBPORT_PORT
             -_NUM_READ;
1453   1      #if (SYSTEM_MSC_DEVICE_SUPPORT)
                if (devinx == USBHC_MSC_Devinx)
                  USBHC_HubPortNumber = roothubport;
              #endif
1457   1        memset(USBDC_Device[devinx].VirHubNum, (roothubport + 1), sizeof(USBDC_Device[devinx].VirHubNum));
1458   1        (USB_PDevice[USB_PDevice[devinx].UpperHubDevinx].HUB.ReportState+roothubport)->Devinx = devinx;
1459   1      
1460   1        //Get EndpNum & Address & MaxSize
1461   1        USBDC_Device[devinx].EndpAddr[0] = USBDC_TABLE_DOUBF_MASK; // Control Endp address
1462   1        USBDC_Device[devinx].EndpMaxSize[0] = USB_PDevice[devinx].ControlEndpSize;
1463   1      
1464   1        //Get Interface number
1465   1        endpnum = 1;
1466   1        infnum = USB_PDevice[devinx].InterfaceNum & USBHC_DEVICE_INTERFACENUM_MASK;
1467   1      
1468   1        //Get every Endpoint buffer pipe basic information in each interface.
1469   1        //???? if the endp is also in & out?  
1470   1        for (infinx = 0; infinx < infnum; infinx ++)
1471   1        {
1472   2          for (endpinx = 0; endpinx < USB_PDevice[devinx].EndpNum[infinx]; endpinx++)
1473   2          {     
1474   3            USBDC_Device[devinx].EndpAddr[endpnum] = USB_PDevice[devinx].EndpAddr[infinx][endpinx] & ~0x80;   
1475   3            if (USB_PDevice[devinx].EndpAddr[infinx][endpinx] & USB_EP_DIR_IN) // IN
1476   3            {
1477   4              USBDC_Device[devinx].EndpAddr[endpnum] |= USBDC_TABLE_DIR_IN_MASK;        
1478   4            }           
1479   3            USBDC_Device[devinx].EndpMaxSize[endpnum] = USB_PDevice[devinx].EndpSize[infinx][endpinx];
1480   3            USBDC_Device[devinx].EndpType[endpnum] = USB_PDevice[devinx].EndpType[infinx][endpinx];
1481   3            
1482   3      #if (SYSTEM_USBAUDIO_DEVICE_SUPPORT)        
                    if (USB_PDevice[devinx].DevClass == USB_AUDIO_CLASS)
                    {
                      if ((USBDC_Device[devinx].EndpType[endpnum] & USB_EP_TYPE_MASK) == USB_EP_TYPE_ISOC)
                      {         
                        if (USB_PDevice[devinx].EndpAddr[infinx][endpinx] & USB_EP_DIR_IN) // IN
                        {       
                          USBHC_Audio_In_Interface = infinx;
                        }
                        else
                        {         
                          USBHC_Audio_Out_Interface = infinx;
                        }   
                      } 
                    } 
              #endif      
1498   3            endpnum++;
1499   3          }
1500   2        }
1501   1      
1502   1        //Log the total endp numbers
1503   1        USBDC_Device[devinx].EndpNum = endpnum;
1504   1      
1505   1        //Build DC Endp register table
1506   1        //Check the HUB Class
1507   1      #if (SYSTEM_USBAUDIO_DEVICE_SUPPORT)
                if (USB_PDevice[devinx].DevClass == USB_AUDIO_CLASS)
C51 COMPILER V9.60.7.0   USBDC                                                             06/18/2026 10:50:18 PAGE 26  

                {
                  USBHC_Audio_IN_Flag = 0;
                  USBHC_Audio_Devinx = devinx;
                }
              #endif //#if (SYSTEM_USBAUDIO_DEVICE_SUPPORT)
1514   1      
1515   1        for (endpinx = 0; endpinx < endpnum; endpinx ++)
1516   1        {
1517   2          if (USBDC_Device[devinx].EndpAddr[endpinx] & USBDC_TABLE_DOUBF_MASK)
1518   2          {
1519   3            direction = USBDC_TABLE_DOUBF_MASK;
1520   3          }
1521   2          else if (USBDC_Device[devinx].EndpAddr[endpinx] & USBDC_TABLE_DIR_IN_MASK) // direct IN
1522   2          {
1523   3            direction = USBDC_TABLE_DIR_IN_MASK;
1524   3          }
1525   2          else
1526   2          {
1527   3            direction = USBDC_TABLE_DIR_OUT_MASK;
1528   3          }
1529   2      
1530   2          if ((USBDC_Device[devinx].EndpType[endpinx] & USB_EP_TYPE_MASK) == USB_EP_TYPE_ISOC)
1531   2          {
1532   3            direction |= USBDC_TABLE_ISO_MASK;
1533   3            USBDC_Device[devinx].EndpMaxSize[endpinx] = USB_HC_ISTL_BUF_SIZE - 2;
1534   3          }
1535   2      #if (SYSTEM_EXTENDER_MSC_SUPPORT)
              #if (SYSTEM_EXTENDER_TRANSMITTER)
                  /* Extender Transmitter MSC double buffer */
                  if (devinx == EXTENDER_MSC_Devinx)
                  {
                    if ((USBDC_Device[devinx].EndpType[endpinx] & USB_EP_TYPE_MASK) == USB_EP_TYPE_BULK)
                    {
                      if ((direction & USBDC_TABLE_DIR_MASK) == USBDC_TABLE_DIR_IN_MASK)
                      {
                        direction |= USBDC_TABLE_DOUBF_MASK;
                      }
                      if ((direction & USBDC_TABLE_DIR_MASK) == USBDC_TABLE_DIR_OUT_MASK)
                      {
                        direction |= USBDC_TABLE_DOUBF_MASK;
                      }
                    }
                  }
              #endif //#if (SYSTEM_EXTENDER_TRANSMITTER)
              #endif //#if (SYSTEM_EXTENDER_MSC_SUPPORT)
1554   2      
1555   2          //This is for MSC class
1556   2      #if ((SYSTEM_MSC_DEVICE_SUPPORT) && (SYSTEM_USB_HC_BURST == 0))
                  if (devinx == USBHC_MSC_Devinx)
                  {
                    if ((USBDC_Device[devinx].EndpType[endpinx] & USB_EP_TYPE_MASK) == USB_EP_TYPE_BULK)
                    {
                      //if IN=> only one buffer
                #if (USB_HC_MSC_DC_IN_DBUF)
                      if ((direction & USBDC_TABLE_DIR_MASK) == USBDC_TABLE_DIR_IN_MASK)
                        direction |= USBDC_TABLE_DOUBF_MASK;
                #endif
              
                #if (USB_HC_MSC_DC_OUT_DBUF)
                      if ((direction & USBDC_TABLE_DIR_MASK) == USBDC_TABLE_DIR_OUT_MASK)
                        direction |= USBDC_TABLE_DOUBF_MASK;
                #endif
C51 COMPILER V9.60.7.0   USBDC                                                             06/18/2026 10:50:18 PAGE 27  

                    }
                  }
              #endif
1574   2          if (USBDC_Device[devinx].EndpAddr[endpinx] || (endpinx ==0))
1575   2          {     
1576   3            //Add 2015-12-14 */
1577   3            skip = 0;
1578   3            if ((USBDC_Device[devinx].EndpAddr[endpinx] & USBDC_TABLE_DIR_IN_MASK) == 0x00) // direct OUT
1579   3            {
1580   4              index=endpinx+1;
1581   4              if (index < endpnum)
1582   4              {
1583   5                if ((USBDC_Device[devinx].EndpAddr[index] & 0x0f) == (USBDC_Device[devinx].EndpAddr[endpinx] & 0x0f))
1584   5                {
1585   6                  skip = 1;     
1586   6                } 
1587   5              } 
1588   4            } 
1589   3            
1590   3            if (skip == 0)
1591   3            {         
1592   4                USBDC_HAL_Malloc_Device_Endpx(devinx,endpinx,(USBDC_Device[devinx].EndpAddr[endpinx] & 0x0f),direct
             -ion,USBDC_Device[devinx].EndpMaxSize[endpinx]);
1593   4              } 
1594   3            }
1595   2        }
1596   1        
1597   1        //Set Feature
1598   1        dc_cfg = (USBHC_CfgDesc_TypeDef *)USB_PDevice[devinx].Desc[CONFIG_DESC].Ptr;
1599   1        memset(USBDC_Device[devinx].Feature,(dc_cfg->bmAttributes | 0x80),sizeof(USBDC_Device[devinx].Feature));
1600   1      
1601   1        //Active the device in the DC
1602   1        USBDC_VIRTUAL_Fill_Device_Reg(devinx,UDC_PORT_ALL_ACT,0x00);  //Port0,Port1,Port2,Port3 Active the root hu
             -b device  
1603   1        return 1;
1604   1      }
1605          
1606          /**----------------------------------------------------------------------------
1607           * Function Name: USBDC_Virtual_Hub_DeviceMount_Control
1608           * Purpose: make the port connect status, in virtual hub port
1609           * Params :$devinx:the hc devinx, the virtual vdevice_id is same with hc
1610           * Returns: NONE
1611           * Note:
1612           *----------------------------------------------------------------------------*/
1613          void USBDC_Virtual_Hub_DeviceMount_Control(U8_T devinx,U8_T vhub_port,U8_T mounttype,U8_T active_port,U8_T
             - mount_dev)
1614          {
1615   1        U8_T pinx;
1616   1        U8_T hubPort;
1617   1      
1618   1        for (pinx = 0; pinx < USBDC_PORT_MAX; pinx++)
1619   1        {
1620   2          if (active_port & MOUNT_PORT[pinx])
1621   2          {           
1622   3            //2.Mount device
1623   3            if (mounttype == VDEV_MOUNT)
1624   3            {
1625   4              if ((USBDC_Device[devinx].VHub->PortStatus[pinx][vhub_port].wPortStatusH & H_PortStatus_Power)) // if 
             -current is power
1626   4              {
1627   5                USBDC_Device[devinx].VHub->PortStatus[pinx][vhub_port].wPortStatusL |= L_PortStatus_Connection;
1628   5                USBDC_Device[devinx].VHub->PortStatus[pinx][vhub_port].wPortStatusH &= ~(H_PortStatus_HighSpeed|H_Por
C51 COMPILER V9.60.7.0   USBDC                                                             06/18/2026 10:50:18 PAGE 28  

             -tStatus_LowSpeed);  //Force Full Speed device /*Importtant*/
1629   5                USBDC_Device[devinx].VHub->PortStatus[pinx][vhub_port].wPortChangeL |= L_PortChange_Connection; //rep
             -ort connection change
1630   5              }
1631   4              USBDC_Device[devinx].VHub->PortStatus[pinx][vhub_port].Devinx = mount_dev; //has device mount
1632   4              //Wakeup the upstream DC port......       
1633   4              USBDC_VHub_Update_StatusChange(devinx,pinx,pinx,1);
1634   4            }
1635   3            else
1636   3            {
1637   4              USBDC_Device[devinx].VHub->PortStatus[pinx][vhub_port].wPortStatusL &= ~(L_PortStatus_Connection|L_Por
             -tStatus_Enable);
1638   4              USBDC_Device[devinx].VHub->PortStatus[pinx][vhub_port].wPortStatusH &= ~(H_PortStatus_HighSpeed|H_Port
             -Status_LowSpeed);  //Force Full Speed device /*Importtant*/
1639   4              USBDC_Device[devinx].VHub->PortStatus[pinx][vhub_port].wPortChangeL |= (L_PortChange_Connection|L_Port
             -Change_Enable); //report connection change
1640   4              USBDC_Device[devinx].VHub->PortStatus[pinx][vhub_port].Devinx = 0; //Device Gone
1641   4              //NOT Wakeup the upstream DC port......       
1642   4              USBDC_VHub_Update_StatusChange(devinx,pinx,pinx,0);
1643   4            }
1644   3          }
1645   2        }
1646   1        //Maintain the map of mount host 
1647   1        if (mounttype == VDEV_UNMOUNT)
1648   1        {
1649   2          (USB_PDevice[devinx].HUB.ReportState+vhub_port)->Devinx = 0;
1650   2          hubPort = USB_PDevice[mount_dev].Hub_NbrPorts USBHC_ROOTHUBPORT_PORT_NUM_READ;
1651   2          (USB_PDevice[USB_PDevice[mount_dev].UpperHubDevinx].HUB.ReportState+hubPort)->Devinx = 0;
1652   2          USB_PDevice[mount_dev].MountPort &= ~active_port;
1653   2        }
1654   1        else
1655   1          USB_PDevice[mount_dev].MountPort |= active_port;          
1656   1        USB_PDevice[mount_dev].Mounted   = mounttype;
1657   1        
1658   1      }
1659          
1660          /**----------------------------------------------------------------------------
1661           * Function Name: USBDC_Free_VDevice_Memory(U8_T devinx)
1662           * Purpose: free the memory alloc in this virtual device
1663           * Params :$devinx:the hc devinx, the virtual vdevice_id is same with hc
1664           * Returns: NONE
1665           * Note:
1666           *----------------------------------------------------------------------------*/
1667          void USBDC_Free_VDevice_Memory(U8_T devinx)
1668          {
1669   1        U8_T  endpinx, endpnum, up;
1670   1        bit   free_endpbuf;
1671   1      
1672   1        //1.Check the used flag
1673   1        if ((USBDC_Device[devinx].DevIdx & DC_USED_MASK) == 0x00) // if device never be used
1674   1        {
1675   2          return;
1676   2        }
1677   1      
1678   1        //2.Clear DC register
1679   1        //2-1.disable device address
1680   1        //2-2.disable endp   address
1681   1        USBDC_Free_VDevice(devinx);
1682   1      
1683   1        //3.Clear DC Hub buffer memory
1684   1        if (USB_PDevice[devinx].DevClass == USB_HUB_CLASS)
1685   1        {
C51 COMPILER V9.60.7.0   USBDC                                                             06/18/2026 10:50:18 PAGE 29  

1686   2          malloc_free(USBDC_Device[devinx].VHub);
1687   2          USBDC_Device[devinx].VHub = 0;
1688   2        }
1689   1      
1690   1        //4.Clear Endp buffer memroy
1691   1        endpnum = USBDC_Device[devinx].EndpNum;
1692   1        for (up=0; up <  USBDC_PORT_MAX; up ++)
1693   1        {
1694   2          for (endpinx=0; endpinx < endpnum ; endpinx ++)
1695   2          {
1696   3            if ((USBDC_Device[devinx].EndpType[endpinx] & USB_EP_TYPE_MASK) != USB_EP_TYPE_ISOC)
1697   3            {
1698   4              free_endpbuf = 1;
1699   4      #if (SYSTEM_MSC_DEVICE_SUPPORT || SYSTEM_EXTENDER_MSC_SUPPORT)
              #if (SYSTEM_USB_HC_BURST)
              #if (SYSTEM_EXTENDER_TRANSMITTER)
                      if (devinx == EXTENDER_MSC_Devinx)
              #else
                      if (devinx == USBHC_MSC_Devinx)
              #endif //#if (SYSTEM_EXTENDER_TRANSMITTER)
                      {         
                        if ((USBDC_Device[devinx].EndpType[endpinx] & USB_EP_TYPE_MASK) == USB_EP_TYPE_BULK)
                        {
                          //BURST mode:the memory is not form damynic memory,so skip 
                          free_endpbuf = 0;
                        }
                        else
                        {
                          if (up)
                            free_endpbuf = 0;
                        }
                      }
              #else // Non-Burst
              #if (SYSTEM_EXTENDER_TRANSMITTER)
                      if (devinx == EXTENDER_MSC_Devinx)
              #else
                      if (devinx == USBHC_MSC_Devinx)
              #endif
                      {
                        if (up)
                          free_endpbuf = 0;
                      }
              #endif /* (SYSTEM_USB_HC_BURST) */
              #endif /* (SYSTEM_MSC_DEVICE_SUPPORT) */
1730   4      #if (SYSTEM_USB_PEN_DRIVE_SUPPORT)
                      if (devinx == USBDC_VMSC_DEVINX)
                      {
                        if (up)
                          free_endpbuf = 0;
                      }
              #endif
1737   4              if (free_endpbuf)
1738   4              {
1739   5                if (USBDC_Device[devinx].EndpMaxSize[endpinx])
1740   5                {
1741   6                  malloc_free(USBDC_EndpBufPtr[up][devinx][endpinx]);
1742   6                  USBDC_EndpBufPtr[up][devinx][endpinx] = 0;
1743   6                }
1744   5              }
1745   4            }
1746   3          }
1747   2        }
C51 COMPILER V9.60.7.0   USBDC                                                             06/18/2026 10:50:18 PAGE 30  

1748   1      
1749   1        //5.Clear Virtual device table
1750   1        memset(&USBDC_Device[devinx],0x00,sizeof(USBDC_DeviceTypeDef)); // if device has been occupy by other dev
             -ice
1751   1      }
1752          
1753          /**----------------------------------------------------------------------------
1754           * Function Name: USBDC_Free_VDevice(U8_T devinx)
1755           * Purpose: reset the relative DC register & make device unmount.
1756           * Params :$devinx:the hc devinx
1757           * Returns: NONE
1758           * Note:
1759           *----------------------------------------------------------------------------*/
1760          void USBDC_Free_VDevice(U8_T devinx)
1761          {
1762   1        U8_T pinx, einx, reg0[2], cir, hubportnumber;
1763   1      
1764   1        printf("clear_dc_a:%bu ",devinx);
1765   1        //Clear DC register
1766   1        for (pinx = 0; pinx < USBDC_PORT_MAX; pinx ++)
1767   1        {
1768   2          if ((USB_PDevice[devinx].MountPort & BIT_MASK[pinx]) == 0x00)
1769   2          {
1770   3            continue;
1771   3          } 
1772   2            
1773   2          //1.disable device address
1774   2          USBDC_HAL_Address_Active(pinx, devinx, RESET);
1775   2          
1776   2          //2.disable endp address
1777   2          for (einx = 0; einx < USBDC_Device[devinx].EndpNum; einx ++)
1778   2          {
1779   3            cir = DA_EP_CFGR[devinx] + (einx << 1);
1780   3            USBDC_Read_Regs(pinx, cir, reg0, 2);
1781   3            if (reg0[0] & DA_EP_CFGR_EPEN_SET)  // if the endp has been assign
1782   3            {
1783   4              reg0[0] &= ~DA_EP_CFGR_EPEN_SET;
1784   4              USBDC_Write_Regs(pinx, cir, reg0, 2);
1785   4            }
1786   3            
1787   3            USBDC_REGS_Endp_Reset(pinx, devinx, einx);
1788   3          }
1789   2      
1790   2          //3.Unmount device
1791   2          hubportnumber = USBDC_Virtual_Hub_Map[devinx].Devinx_HubPort;
1792   2      
1793   2          //portmask = 0x01 << pinx;
1794   2          cir = USBDC_VHUB_DEVINX; // if hub omit, then must the root hub to handle
1795   2          printf("clear_dc_b:%bu ",cir);
1796   2          if (USB_PDevice[cir].Addr & USBHC_DEVICE_USED_MASK) // if device is valid
1797   2          {
1798   3      #if (SYSTEM_EXTENDER_MSC_SUPPORT)
                    if ((EXTENDER_MSC_Devinx == devinx) && (pinx != KVM_CurrentMSC))
                    {
                      continue;
                    }
              #endif
1804   3      #if (SYSTEM_MSC_DEVICE_SUPPORT)   
                    if (USBHC_MSC_Devinx == devinx)
                    {
                      if (pinx != KVM_CurrentMSC)
                      { 
C51 COMPILER V9.60.7.0   USBDC                                                             06/18/2026 10:50:18 PAGE 31  

                        continue;
                      }
                      else
                      { 
                        if (USBHC_MSC_Reset_Flag) //if is caused by DC site
                        {
                          continue;
                        }
                      }     
                    }             
              #endif
1820   3      #if (SYSTEM_USB_PEN_DRIVE_SUPPORT)    
                    if ((USBDC_VMSC_DEVINX == devinx) && (pinx != KVM_CurrentPEN))
                    {
                      continue;
                    }
              #endif
1826   3            
1827   3      #ifdef ONEHID
                    if (devinx > USBDC_VHID_DEVINX)
                    {
                      continue;
                    }   
              #endif      
1833   3            printf("clear_dc_c:%bu ",pinx);
1834   3            USBDC_Virtual_Hub_DeviceMount_Control(cir, hubportnumber, VDEV_UNMOUNT, BIT_MASK[pinx], devinx);
1835   3          }
1836   2        }
1837   1      }
1838          
1839          /**----------------------------------------------------------------------------
1840           * Function Name: USBDC_Search_EndpAddr(U8_T devidx,U8_Tendpaddr,U8_T *endpidx)
1841           * Purpose: used the endpaddr to retrive the EndpIndex id
1842           * Params :$devidx:the dc devinx
1843           *         $endpaddr:the target endpaddr
1844           *         $endpidx:the pointer for endpidx for return
1845           * Returns: FlagStatus- Set=1,Reset=0
1846           * Note:
1847           *----------------------------------------------------------------------------*/
1848          FlagStatus USBDC_Search_EndpAddr(U8_T devidx,U8_T endpaddr,U8_T *endpidx)
1849          {
1850   1        U8_T endpinx;
1851   1      
1852   1        if (endpaddr & 0x80)
1853   1        { 
1854   2          endpaddr &= ~0x80;
1855   2          endpaddr |= USBDC_TABLE_DIR_IN_MASK;
1856   2        } 
1857   1        
1858   1        for (endpinx = 1; endpinx < USBDC_Device[devidx].EndpNum; endpinx ++)
1859   1        {     
1860   2          if ((USBDC_Device[devidx].EndpAddr[endpinx] & (0x0f | USBDC_TABLE_DIR_IN_MASK) ) == endpaddr) 
1861   2          {     
1862   3            *endpidx = endpinx;  //endpidx 
1863   3            return SET;          //result found
1864   3          }
1865   2        }
1866   1        return RESET;    //result not found
1867   1      }
1868          
1869           
1870          #if (SYSTEM_MSC_DEVICE_SUPPORT)
C51 COMPILER V9.60.7.0   USBDC                                                             06/18/2026 10:50:18 PAGE 32  

              /**----------------------------------------------------------------------------
               * void USBDC_Maintain_MSC_PDevice(void)
               * Purpose: when in DC isr, if the MSC bulk out can not move to TD buffer
               *          this function will keep on monitoring,once the td buffer is free
               *          then copy the buffer content into TD buffer.
               * Params : NONE
               * Returns: 
               * Note:
               *----------------------------------------------------------------------------*/ 
              void USBDC_Maintain_MSC_PDevice(U8_T pid)
              {
                U8_T index;
              
                if ((pid == KVM_CurrentMSC) && USBHC_MSC_Device_Cnt)
                {
                  USBHC_MSC_Bulk_State_Reset(USBHC_MSC_Devinx);
                  //Scan the ATL TD,skip the
                  for (index = (USB_HC_ATL_START + USB_HC_MSC_START); index < (USB_HC_ATL_START+USB_HC_ATL_MAX); index++)
                  {
                    USBHC_CORE_Clear_TD_Register(index);
                  }
                  if (USBHC_MSC_DismountFlag ==0)
                  { 
                    TASK_USBHC_Device_Reset(pid,USBHC_MSC_Devinx);
                  } 
                }
              }
              #endif //end of SYSTEM_MSC_DEVICE_SUPPORT)
1899          
1900          /**----------------------------------------------------------------------------
1901           * U8_T USBDC_Check_Endp_Buffer_Valid(U8_T port,U8_T devinx,U8_T endpinx)
1902           * Purpose: Check the Bulk Buffer Valid id
1903           * Params : NONE
1904           * Returns: 
1905           * Note:
1906           *----------------------------------------------------------------------------*/
1907          U8_T USBDC_Check_Endp_Buffer_Valid(U8_T port,U8_T devinx,U8_T endpinx)
1908          {
1909   1        U8_T esmr,buf_cnt=0,daepcfgr[2];
1910   1        U8_T double_buf,dir;
1911   1             
1912   1        //1.Check the Double Buffer
1913   1        esmr = DA_EP_CFGR[devinx]+(endpinx << 1);
1914   1        USBDC_Read_Regs(port,esmr,&daepcfgr,2);
1915   1        double_buf  = daepcfgr[0] & DA_EP_CFGR_DBUF_MASK;
1916   1        dir     = daepcfgr[0] & DA_EP_CFGR_DIR_MASK;
1917   1        
1918   1        //2.Check the Buffer valid id
1919   1        USBDC_Read_Regs(port,DA_EP_SR[devinx][endpinx],&esmr,1);
1920   1      
1921   1        if (double_buf)
1922   1        {
1923   2          buf_cnt = esmr & (DC_IESMR_BAVA0|DC_IESMR_BAVA1);
1924   2          if (dir == DA_EP_CFGR_DIR_OUT)
1925   2          {
1926   3            if (buf_cnt == 0x00)
1927   3              return 0;
1928   3      
1929   3            if (buf_cnt == (DC_IESMR_BAVA0|DC_IESMR_BAVA1))
1930   3              buf_cnt = 2;
1931   3            else
1932   3              buf_cnt = 1;
C51 COMPILER V9.60.7.0   USBDC                                                             06/18/2026 10:50:18 PAGE 33  

1933   3      
1934   3            buf_cnt <<= 4;
1935   3            if (esmr & DC_IESMR_CBUF) //Buffer 1 avaiable
1936   3            {
1937   4              if (esmr & DC_IESMR_BAVA1) // Buffer is empty, then skip
1938   4              {
1939   5                return (2|buf_cnt) ;
1940   5              }
1941   4            }
1942   3            else 
1943   3            { 
1944   4              if (esmr & DC_IESMR_BAVA0)
1945   4              {
1946   5                return (1|buf_cnt);
1947   5              }
1948   4            }
1949   3          }
1950   2          else
1951   2          {
1952   3            if (buf_cnt == (DC_IESMR_BAVA0|DC_IESMR_BAVA1))
1953   3              return 0;
1954   3      
1955   3            if (buf_cnt == 0x00)
1956   3              buf_cnt = 2;
1957   3            else
1958   3              buf_cnt = 1;
1959   3      
1960   3            buf_cnt <<= 4;
1961   3            if (esmr & DC_IESMR_CBUF) //Buffer 1 avaiable
1962   3            {
1963   4              if ((esmr & DC_IESMR_BAVA1) == 0x00) // Buffer is empty, then skip
1964   4              {
1965   5                return ((buf_cnt|2)) ;
1966   5              }
1967   4            }
1968   3            else 
1969   3            {
1970   4              if ((esmr & DC_IESMR_BAVA0) == 0x00)
1971   4              {
1972   5                return ((buf_cnt|1));
1973   5              }
1974   4            }
1975   3          }
1976   2        }
1977   1        else
1978   1        {
1979   2          if (dir == DA_EP_CFGR_DIR_OUT)
1980   2          {
1981   3            if ((esmr & DC_IESMR_BAVA0) == 0x00)
1982   3            {
1983   4              return 0x00;
1984   4            }
1985   3            else
1986   3              return 0x11;
1987   3          }
1988   2          else
1989   2          {
1990   3            if ((esmr & DC_IESMR_BAVA0) == 0x00)
1991   3            {
1992   4              return 0x11;
1993   4            }
1994   3            else
C51 COMPILER V9.60.7.0   USBDC                                                             06/18/2026 10:50:18 PAGE 34  

1995   3              return 0x00;
1996   3          }
1997   2        }
1998   1        return 0;
1999   1      } 
2000          
2001          /**----------------------------------------------------------------------------
2002           * U8_T USBDC_Get_Endp_Interval(U8_T port,U8_T devinx,U8_T endpinx)
2003           * Purpose: Calculate the endpoint interval time base on interval0, interval1
2004           * Params : NONE
2005           * Returns: 
2006           * Note:
2007           *----------------------------------------------------------------------------*/
2008          U8_T USBDC_Get_Endp_Interval(U8_T port,U8_T devinx,U8_T endpinx)
2009          {
2010   1        U8_T interval,interval0,interval1;
2011   1      
2012   1        interval0 = USBDC_Device[devinx].EndpInterval0[port][endpinx];
2013   1        interval1 = USBDC_Device[devinx].EndpInterval1[port][endpinx];
2014   1      
2015   1        if (interval0 > interval1)
2016   1        {
2017   2          interval = (0xff - interval0) + interval1 + 1;
2018   2        }
2019   1        else
2020   1        {
2021   2          interval = interval1 - interval0;
2022   2        }
2023   1      
2024   1        return interval;
2025   1      }
2026          
2027          /**----------------------------------------------------------------------------
2028           * void TASK_USBDC_Get_EndpInterval(void)
2029           * Purpose: Measure the endpoint interval time
2030           * Params : NONE
2031           * Returns: 
2032           * Note:
2033           *----------------------------------------------------------------------------*/
2034          void TASK_USBDC_Get_EndpInterval(void)
2035          {
2036   1        U8_T port,devinx,endpinx;
2037   1        U8_T interval;   
2038   1      
2039   1        //Get the parameters first
2040   1        port  = TASK_Event  & 0x0f;
2041   1        devinx  = (TASK_Register0 & 0xf0) >> 4;
2042   1        endpinx = TASK_Register0 & 0x0f;
2043   1      
2044   1        //Check the device
2045   1        interval = USBDC_Get_Endp_Interval(port,devinx,endpinx);
2046   1        if (interval == 0) //do next time
2047   1        {
2048   2          return;
2049   2        }
2050   1      
2051   1        USBDC_Device[devinx].Interval_Check[port] &= ~(0x01 << endpinx);
2052   1        USBDC_VIRTUAL_INNAK_Control(devinx,port,BIT_MASK[endpinx],0);
2053   1        TASK_Destory_Current();
2054   1      
2055   1        if (port == KVM_CurrentHost)
2056   1        {   
C51 COMPILER V9.60.7.0   USBDC                                                             06/18/2026 10:50:18 PAGE 35  

2057   2          USBHC_CORE_Change_IntTransfer_Interval(devinx,endpinx,interval);
2058   2        }
2059   1        //Should dislable the IN_NAK
2060   1      }
2061          
2062          /**----------------------------------------------------------------------------
2063           * void USBDC_Check_Upstream_Suspend_State(U8_T port,U8_T devinx)
2064           * Purpose: Measure the endpoint interval time
2065           * Params : NONE
2066           * Returns: 
2067           * Note:
2068           *----------------------------------------------------------------------------*/
2069          U8_T USBDC_Check_Upstream_Suspend_State(U8_T port,U8_T devinx)
2070          { 
2071   1        U8_T port_suspend_flag=0;
2072   1        
2073   1        //Check the upstream is in resume mode
2074   1        if (USBDC_Resume_Task_ActiveID[port])
2075   1        {
2076   2          //printf("S");
2077   2          return 1;
2078   2        }
2079   1        
2080   1        /* Check Virtual Device suspend state */    
2081   1      #ifdef RESUME_DELAY 
                if ((VDevice_Keep_Quite_Flag[port] & BIT_MASK[devinx]) == 0)
              #endif
2084   1        { 
2085   2          if ((USBDC_Device[devinx].Feature[port] & FEATURE_SUSPEND)== FEATURE_SUSPEND)
2086   2          {
2087   3            //need to wake up host
2088   3            if ((USBDC_Device[devinx].Feature[port] & FEATURE_REMOTE)== FEATURE_REMOTE)
2089   3            {
2090   4              //printf("a");
2091   4              port_suspend_flag=1;
2092   4              USBDC_VHub_Resume_Port(port,devinx);                  
2093   4            }
2094   3          }
2095   2        }
2096   1      #ifdef RESUME_DELAY   
                else
                {
                  //printf("b");
                  port_suspend_flag=2;
                }   
              #endif  
2103   1        /*Check Virtual Root HUB suspend */
2104   1      #ifdef RESUME_DELAY   
                if ((DC_Keep_Quite_Flag & BIT_MASK[port]) == 0x00)    
              #endif    
2107   1        { 
2108   2          if (USBDC_UpPortState[port] & USBDC_ROOTHUB_ATTACHED_MASK)
2109   2          {
2110   3            if (USBDC_UpPortState[port] & USBDC_ROOTHUB_SUSPEND_MASK)
2111   3            {
2112   4              USBDC_Port_Resume(port);        
2113   4              //printf("c");
2114   4              return 2;
2115   4            }
2116   3          }
2117   2        } 
2118   1      #ifdef RESUME_DELAY 
C51 COMPILER V9.60.7.0   USBDC                                                             06/18/2026 10:50:18 PAGE 36  

                else
                {
                  //printf("d");
                  port_suspend_flag=3;
                }   
              #endif  
2125   1        return port_suspend_flag; 
2126   1      }
2127          
2128          /*----------------------------------------------------------------------------
2129           * U8_T USBDC_Virtual_HubPort_Alloc(U8_T devinx)
2130           * Purpose: Measure the endpoint interval time
2131           * Params : NONE
2132           * Returns: 
2133           * Note:
2134           *----------------------------------------------------------------------------*/
2135          U8_T USBDC_Virtual_HubPort_Alloc(U8_T devinx)
2136          {
2137   1        U8_T index;
2138   1        
2139   1      #if (SYSTEM_MSC_DEVICE_SUPPORT) 
                if ((USB_PDevice[devinx].DevClass == USB_MSC_CLASS) && (USBHC_MSC_Reset_Flag))
                {        
                  return (VHUB_MSC_Reset_HubPort + 1);
                }
                else
              #else
2146   1        devinx = 0;
2147   1      #endif    
2148   1        { 
2149   2          for (index = 0; index < USBDC_VHUB_PORT_NUM; index++)
2150   2          {
2151   3            if (USBDC_Virtual_Hub_Map[index].HubPort_Devinx) //device has use this table    
2152   3            {
2153   4              continue; // go next port
2154   4            }
2155   3            
2156   3            return index+1;           
2157   3          }
2158   2        }
2159   1        return 0; // not find
2160   1      }
2161          
2162          /*----------------------------------------------------------------------------
2163           * void USBDC_Virtual_Hub_Reset(U8_T pid)
2164           * Purpose: Measure the endpoint interval time
2165           * Params : NONE
2166           * Returns: 
2167           * Note:
2168           *----------------------------------------------------------------------------*/
2169          void USBDC_Virtual_Hub_Reset(U8_T pid,U8_T force)
2170          {
2171   1        /*01.Foruce USB bus Reset */
2172   1        if (force)
2173   1        { 
2174   2          switch(pid)
2175   2          {
2176   3            case 0: 
2177   3              _USBDC_DC0DR_SFR(DC_CR_FSE0_SET);
2178   3              _USBDC_DC0CIR_SFR(DCCR);
2179   3              break;
2180   3            case 1: 
C51 COMPILER V9.60.7.0   USBDC                                                             06/18/2026 10:50:18 PAGE 37  

2181   3              _USBDC_DC1DR_SFR(DC_CR_FSE0_SET);
2182   3              _USBDC_DC1CIR_SFR(DCCR);
2183   3              break;
2184   3            case 2:
2185   3              _USBDC_DC2DR_SFR(DC_CR_FSE0_SET);
2186   3              _USBDC_DC2CIR_SFR(DCCR);
2187   3              break;
2188   3            case 3:
2189   3              _USBDC_DC3DR_SFR(DC_CR_FSE0_SET);
2190   3              _USBDC_DC3CIR_SFR(DCCR);
2191   3          }
2192   2        }
2193   1        
2194   1        /*02.Handle the virtual HUB part */
2195   1        if (USBDC_UpPortState[pid] & USBDC_ROOTHUB_ATTACHED_MASK)
2196   1        {
2197   2      #ifdef RESUME_DELAY     
                  //For Resume Delay    
                  DC_Keep_Quite_Flag &= ~BIT_MASK[pid];
                  VDevice_Keep_Quite_Flag[pid] = 0;
              #endif    
2202   2          USBDC_Port_Reset(pid);
2203   2          USBDC_Port_Regs_Clear(pid);
2204   2          USBDC_VIRTUAL_Port_Clear(pid,0,USBDC_DEVICE_MAX);
2205   2          USBDC_VHub_UpPort_Reset(USBDC_VHUB_DEVINX,pid);
2206   2          USBDC_HAL_Address_Active(pid,0,SET);
2207   2          #ifdef KMLOG
                  KMLog_Send_Host_State();
                  #endif
2210   2        } 
2211   1        
2212   1        /* Clear the virutal HUB relative */    
2213   1        /*01.Foruce USB bus Reset */
2214   1        if (force)
2215   1        {   
2216   2          TASK_Active(TASK_TYPE_INTERVAL_MS,TASK_DC_Reset_Complete_TaskID,0,pid,200,100);       
2217   2          /*
2218   2          switch(pid)
2219   2          {
2220   2            case 0: 
2221   2              _USBDC_DC0DR_SFR(DC_CR_DCEN_SET|DC_CR_SRSM_SET);
2222   2              _USBDC_DC0CIR_SFR(DCCR);
2223   2              break;
2224   2            case 1: 
2225   2              _USBDC_DC1DR_SFR(DC_CR_DCEN_SET|DC_CR_SRSM_SET);
2226   2              _USBDC_DC1CIR_SFR(DCCR);
2227   2              break;
2228   2            case 2:
2229   2              _USBDC_DC2DR_SFR(DC_CR_DCEN_SET|DC_CR_SRSM_SET);
2230   2              _USBDC_DC2CIR_SFR(DCCR);
2231   2              break;
2232   2            case 3:
2233   2              _USBDC_DC3DR_SFR(DC_CR_DCEN_SET|DC_CR_SRSM_SET);
2234   2              _USBDC_DC3CIR_SFR(DCCR);
2235   2          }
2236   2          */
2237   2        }
2238   1      }
2239          
2240          #ifdef RESUME_DELAY 
              /*----------------------------------------------------------------------------
               * void TASK_VDevice_Keep_Quite(void)
C51 COMPILER V9.60.7.0   USBDC                                                             06/18/2026 10:50:18 PAGE 38  

               * Purpose: Measure the endpoint interval time
               * Params : NONE
               * Returns: 
               * Note:
               *----------------------------------------------------------------------------*/
              void TASK_VDevice_Keep_Quite(void)
              {
                U8_T  devinx,port;
                
                devinx = TASK_Register0;
                port = TASK_Event & 0x0f;
                
                if (USBDC_UpPortState[KVM_CurrentHost] & USBDC_ROOTHUB_SUSPEND_MASK)
                {
                  //printf("DCPort(%bu) Suspend,Go quite period\n\r",KVM_CurrentHost);        
                }   
                else
                {
                  //printf("Clear Port(%bu) Devinx(%bu), Keep quite flag\n\r",port,devinx);   
                  VDevice_Keep_Quite_Flag[port] &= ~BIT_MASK[devinx]; 
                }     
                if (TASK_DC_Keep_Quite_Active_TaskID[port] == 0)
                  TASK_DC_Keep_Quite_Active_TaskID[port] = TASK_Active(TASK_TYPE_INTERVAL_MS,TASK_DC_Keep_Quite_TASKID,0,p
             -ort,VBUS_RESUME_KEEP_QUITE,VBUS_RESUME_KEEP_QUITE); // now active the Generic KB Output Handle  
                TASK_Destory_Current(); 
              } 
              
              /*----------------------------------------------------------------------------
               * void TASK_DC_Keep_Quite(void)
               * Purpose: Measure the endpoint interval time
               * Params : NONE
               * Returns: 
               * Note:
               *----------------------------------------------------------------------------*/
              void TASK_DC_Keep_Quite(void)
              {
                U8_T port,index;
                
                port = TASK_Register0;
              
                DC_Keep_Quite_Flag &= ~BIT_MASK[port];    
                for (index=1; index < USBDC_DEVICE_MAX; index++)
                {
                  VDevice_Keep_Quite_Flag[port] &= ~BIT_MASK[index]; 
                } 
                //printf("DCPort(%bu), VBUS quite terminated\n\r",port);            
                TASK_DC_Keep_Quite_Active_TaskID[port] = 0;
                TASK_Destory_Current(); 
              }
              #endif
2292          
2293          /*----------------------------------------------------------------------------
2294           * void TASK_DC_Reset_Complete(void)
2295           * Purpose: 
2296           * Params : NONE
2297           * Returns: 
2298           * Note:
2299           *----------------------------------------------------------------------------*/
2300          void TASK_DC_Reset_Complete(void)
2301          {
2302   1        TASK_Destory_Current();
2303   1        switch(TASK_Register0)
C51 COMPILER V9.60.7.0   USBDC                                                             06/18/2026 10:50:18 PAGE 39  

2304   1        {
2305   2          case 0: 
2306   2            _USBDC_DC0DR_SFR(DC_CR_DCEN_SET|DC_CR_SRSM_SET);
2307   2            _USBDC_DC0CIR_SFR(DCCR);
2308   2            break;
2309   2          case 1: 
2310   2            _USBDC_DC1DR_SFR(DC_CR_DCEN_SET|DC_CR_SRSM_SET);
2311   2            _USBDC_DC1CIR_SFR(DCCR);
2312   2            break;
2313   2          case 2:
2314   2            _USBDC_DC2DR_SFR(DC_CR_DCEN_SET|DC_CR_SRSM_SET);
2315   2            _USBDC_DC2CIR_SFR(DCCR);
2316   2            break;
2317   2          case 3:
2318   2            _USBDC_DC3DR_SFR(DC_CR_DCEN_SET|DC_CR_SRSM_SET);
2319   2            _USBDC_DC3CIR_SFR(DCCR);
2320   2        }   
2321   1      } 
2322          /* End of usbdc.c */
2323          


MODULE INFORMATION:   STATIC OVERLAYABLE
   CODE SIZE        =   7439    ----
   CONSTANT SIZE    =     48    ----
   XDATA SIZE       =   9562      66
   PDATA SIZE       =   ----    ----
   DATA SIZE        =   ----    ----
   IDATA SIZE       =      2      17
   BIT SIZE         =   ----       3
   EDATA SIZE       =   ----    ----
   HDATA SIZE       =   ----    ----
   XDATA CONST SIZE =   ----    ----
   FAR CONST SIZE   =     48    ----
END OF MODULE INFORMATION.


C51 COMPILATION COMPLETE.  0 WARNING(S),  0 ERROR(S)
