C51 COMPILER V9.60.7.0   USBHC_CORE                                                        06/23/2026 16:04:46 PAGE 1   


C51 COMPILER V9.60.7.0, COMPILATION OF MODULE USBHC_CORE
OBJECT MODULE PLACED IN .\usbhc_core.obj
COMPILER INVOKED BY: C:\Users\Administrator\AppData\Local\Keil_v5\C51\BIN\C51.EXE ..\Src\usbhc\usbhc_core.c LARGE OMF2 R
                    -OM(D16M) OPTIMIZE(9,SIZE) BROWSE NOAREGS INCDIR(..\src\main\;..\src\cpu\;..\src\flash\;..\src\uart\;..\src\swdma\;..\src
                    -\mstimer\;..\src\i2c\;..\src\spi\;..\src\task_man\;..\src\project\;..\Src\ps2_host;..\Src\console_edid;..\Src\storage;..
                    -\Src\data_stream;..\Src\kvm_control\kvm_hotkey;..\Src\kvm_control\kvm_console;..\Src\kvm_control\kvm_button;..\Src\kvm_c
                    -ontrol\kvm_edid;..\Src\kvm_control\kvm_buzzer;..\src\gpio\;..\Src\hardware_ps2;..\Src\usbdc;..\Src\usbdc\usbdc_virtual;.
                    -.\Src\usb_std;..\Src\usbhc;..\Src\kvm_control\power_saving;..\Src\usbhc\MSC;..\Src\usbhc\AUDIO;..\Src\usbhc\HUB;..\Src\u
                    -sbhc\HID;..\Src\usbhc\HID_PARSER;..\Src\usbhc\ROOT_HUB;..\Src\usbdc\usbdc_hub;..\Src\usbdc\usbdc_hid;..\Src\kvm_control\
                    -kvm_storage\spi_flash;..\Src\usbdc\usbdc_msc\usb_scsi;..\Src\usbdc\usbdc_msc;..\Src\handler\logitech;..\Src\handler\A4_T
                    -ech;..\Src\usbdc\usbdc_vendor;..\Src\hsur;..\Src\extender\core;..\Src\extender\receiver;..\Src\uart_console;..\Src\kvm_c
                    -ontrol\km_sync;..\Src\hsur;..\Src\kvm_control\km_log;..\Src\kvm_control\km_api;..\Src\kvm_control\kvm_ir;..\Src\kvm_cont
                    -rol\kvm_rtc;..\Src\i2c;..\Src\kvm_control\kvm_multiview) STRING(FAR) DEFINE(RuntimeCodeAt0KH,MCU_TYPE_AX68004,KVM,HC_TIM
                    -EOUT=10000,VHID,HID_PARSER_CORE_KB,HID_PARSER_CORE_MS,API,NO_AUDIO,NO_MSC,NO_EDID,HUART_BAUD=HUART_115K,SYNC,CROSS_JUMP_
                    -MAP0,VPID_CHANGER,SYNC_KB_HOTKEY,SYNC_MS_HOTKEY,REPEAT_MODE=1,HSUART,MULTIVIEW) VARBANKING DEBUG PRINT(.\usbhc_core.lst)
                    - TABS(2) OBJECT(.\usbhc_core.obj)

line level    source

   1          /*
   2           *********************************************************************************
   3           *     Copyright (c) 2014   ASIX Electronic Corporation      All rights reserved.
   4           *
   5           *     This is unpublished proprietary source code of ASIX Electronic Corporation
   6           *
   7           *     The copyright notice above does not evidence any actual or intended
   8           *     publication of such source code.
   9           *********************************************************************************
  10           */
  11           
  12          /*================================================================================
  13           * Module Name : usbhc_core.c
  14           * Purpose     : The USB host controller core handle program
  15           * Author      : Jack Wang
  16           * Date        :
  17           * Notes       :
  18           * no message
  19           *
  20           *================================================================================
  21           */
  22          
  23          /* INCLUDE FILE DECLARATIONS */
  24          #include  <string.h>
  25          #include  <stdio.h>
  26          #include  <stdlib.h>
  27          #include  "project_include.h" 
  28          
  29          /* CONSTANT VARIABLE DECLARATIONS */ 
  30          //const U8_T  BYTE_MASK[]={0x00,0x08,0x10,0x18};
  31          const U8_T  BIT_MASK[]={0x01,0x02,0x04,0x08,0x10,0x20,0x40,0x80};
  32          
  33          const U8_T  USBHC_RootHub_Cmd_Reg[USB_HC_MAX_PORT] =
  34          {
  35          #ifdef MCU_TYPE_AX68002
                HC_ROOTHUB0_CON_REG,
                HC_ROOTHUB1_CON_REG
              #else
  39            HC_ROOTHUB0_CON_REG,
  40            HC_ROOTHUB1_CON_REG,
  41            HC_ROOTHUB2_CON_REG,
  42            HC_ROOTHUB3_CON_REG
C51 COMPILER V9.60.7.0   USBHC_CORE                                                        06/23/2026 16:04:46 PAGE 2   

  43          #endif
  44          };
  45          
  46          const U8_T  USBHC_RootHub_Status_Reg[USB_HC_MAX_PORT] =
  47          {
  48          #ifdef MCU_TYPE_AX68002
                HC_ROOTHUB0_STATE_REG,
                HC_ROOTHUB1_STATE_REG
              #else
  52            HC_ROOTHUB0_STATE_REG,
  53            HC_ROOTHUB1_STATE_REG,
  54            HC_ROOTHUB2_STATE_REG,
  55            HC_ROOTHUB3_STATE_REG
  56          #endif
  57          };
  58          
  59          /* STATIC VARIABLE DECLARATIONS */
  60          U8_T  TASK_USBHC_Handle_Control_ID;
  61          U8_T  TD_INTL_Skip_Map[4],TD_ATL_Skip_Map[4],TD_INTL_Reload_Map[4];
  62          U8_T  TD_ATL_Done_Map[4];
  63          U8_T  TD_INTL_Done_Map[4];
  64          U8_T  USBHC_ErrorState;
  65          U16_T   MSC_Nake_Cnt=0;
  66          
  67          bit   USBHC_IntlDoneFlag = 0;
  68          bit   USBHC_AtlDoneFlag = 0;
  69          bit     USBHC_MSC_DismountFlag=0;
  70          
  71          //---------------------------------------------
  72          // Done Queue Handle 
  73          // Bit7~5 Devinx(0~7)
  74          // Bit4~0 TD_ID (0~31)
  75          U8_T  USBHC_BULK_Done_Q[ATL_DONE_QUEUE_MAX];
  76          U8_T  USBHC_ATL_Done_Q_Rp,USBHC_ATL_Done_Q_Wp;
  77          U8_T  TD_ISTL_Skip_Map,TD_ISTL_Reload_Map;
  78          
  79          //------------------------------------------------------------------------------------------------
  80          //$ For ISR Handle
  81          volatile USBHC_ISRFIFO_TypeDef    USBHC_ISR_FIFO[USB_HC_MAX_ISR_FIFO_DEPTH]; //keep 64 depth isr q status
  82          volatile U8_T           USBHC_ISRQ_Rp,USBHC_ISRQ_Wp;
  83          //------------------------------------------------------------------------------------------------
  84          //------------------------------------------------------------------------------------------------
  85          //$ For HC Task Handle
  86          
  87          //---------------------------------------------
  88          // Maximum device Handle by other module
  89          U8_T  USBHC_Current_Total_Device_Count = 0;
  90          U8_T  USBHC_Max_Device_Support     = 7;
  91          U8_T  USBHC_Current_Total_Hub_Count  = 0;
  92          //------------------------------------------------------------------------------------------------
  93          //$ For HC TD Activity Monitor
  94          U8_T  USBHC_TD_Activity_Cnt;
  95          //------------------------------------------------------------------------------------------------
  96          
  97          //------------------------------------------------------------------------------------------------
  98          /* LOCAL SUBPROGRAM DECLARATIONS */
  99          extern const U8_T DA_CR[USBDC_DEVICE_MAX];
 100          extern U8_T     USBHC_HUB_Enumerate_Occupy_Flag;
 101          extern U8_T     USBHC_HUB_Enumerate_Occupy_Devinx;
 102          
 103          /* LOCAL SUBPROGRAM BODIES */
 104          static void usbhc_core_ATL_Done_Handle(U8_T devinx, U8_T atl_id);
C51 COMPILER V9.60.7.0   USBHC_CORE                                                        06/23/2026 16:04:46 PAGE 3   

 105          void TASK_USBHC_CORE_BULK_Retry_Handle(void);
 106          /*
 107           * ----------------------------------------------------------------------------
 108           * void USBHC_CORE_Init(void)
 109           * Purpose : 1.Assign TD buffer address into register(0x31)
 110           *           2.Assign different TD buffer information into register
 111           *             a.
 112           * Params  : none
 113           * Returns : none
 114           * Note    : none
 115           * ----------------------------------------------------------------------------
 116           */
 117          void USBHC_CORE_Init(void)
 118          {
 119   1        U8_T reg[4],index;
 120   1      
 121   1      #if (SYSTEM_EXTENDER_TRANSMITTER)
                #if (!EXTENDER_T_HC_ENABLE)
                USBHC_ISRQ_Rp = 0;
                USBHC_ISRQ_Wp = 0;
                
                USBHC_ATL_Done_Q_Rp  = 0;
                USBHC_ATL_Done_Q_Wp  = 0;
              
                memset(TD_INTL_Skip_Map,0x00,sizeof(TD_INTL_Skip_Map));
                
                memset(TD_INTL_Reload_Map,0x00,sizeof(TD_INTL_Reload_Map));
                
                memset(TD_ATL_Skip_Map,0xff,sizeof(TD_ATL_Skip_Map));
                
                //6. Generate a task for handleing the irq_request  
                TASK_USBHC_Handle_Control_ID = TASK_Create(TASK_USBHC_CORE_Control_Transfer_Handle);
                
                USBHC_Current_Total_Device_Count = 0;
                
                return;
                #endif
              #endif
 143   1      
 144   1        //--------------------------------------------------------------
 145   1        //1.Do the Host controller reset first
 146   1        //2.Move the HC to Operational mode
 147   1        reg[0] = HCFS_OPERATIONAL | HC_RWE_SET;
 148   1        USBHC_Write_Regs(HC_CONTROL_REG,reg,1);
 149   1      
 150   1        //--------------------------------------------------------------
 151   1        //2.Assign TD buffer start address into register
 152   1        //  default is 0x00, so just skip it
 153   1        reg[0] = 0x00;
 154   1        USBHC_Write_Regs(HC_BUF_START_ADDR_REG,reg,1);
 155   1      
 156   1        //--------------------------------------------------------------
 157   1        //3.Assign ISTL Buffer size
 158   1        reg[0] = USB_HC_ISTL_BUF_SIZE_LSB;
 159   1        reg[1] = USB_HC_ISTL_BUF_SIZE_MSB;
 160   1        USBHC_Write_Regs(HC_ISTL_BUF_SIZE_REG,reg,2);
 161   1      
 162   1        //3-2.Assign ISTL Block size
 163   1        reg[0] = USB_HC_ISTL_BLK_SIZE_LSB;
 164   1        reg[1] = USB_HC_ISTL_BLK_SIZE_MSB;
 165   1        USBHC_Write_Regs(HC_ISTL_BLK_SIZE_REG,reg,2);
 166   1      
C51 COMPILER V9.60.7.0   USBHC_CORE                                                        06/23/2026 16:04:46 PAGE 4   

 167   1        //--------------------------------------------------------------
 168   1        //3-1.Assign INTL Buffer size
 169   1        reg[0] = USB_HC_INTL_BUF_SIZE_LSB;
 170   1        reg[1] = USB_HC_INTL_BUF_SIZE_MSB;
 171   1        USBHC_Write_Regs(HC_INTL_BUF_SIZE_REG,reg,2);
 172   1      
 173   1        //--------------------------------------------------------------
 174   1        //3-2.Assign INTL Block size
 175   1        reg[0] = USB_HC_INTL_BLK_SIZE_LSB;
 176   1        reg[1] = USB_HC_INTL_BLK_SIZE_MSB;
 177   1        USBHC_Write_Regs(HC_INTL_BLK_SIZE_REG,reg,2);
 178   1      
 179   1        //--------------------------------------------------------------
 180   1        //3-3.Assign ATL Buffer size
 181   1        reg[0] = USB_HC_ATL_BUF_SIZE_LSB;
 182   1        reg[1] = USB_HC_ATL_BUF_SIZE_MSB;
 183   1        USBHC_Write_Regs(HC_ATL_BUF_SIZE_REG,reg,2);
 184   1      
 185   1        //--------------------------------------------------------------
 186   1        //3-4.Assign ATL Block size
 187   1        reg[0] = USB_HC_ATL_BLK_SIZE_LSB;
 188   1        reg[1] = USB_HC_ATL_BLK_SIZE_MSB;
 189   1        USBHC_Write_Regs(HC_ATL_BLK_SIZE0_REG,reg,2);
 190   1      #if ((SYSTEM_MSC_DEVICE_SUPPORT || SYSTEM_EXTENDER_MSC_SUPPORT) && (SYSTEM_USB_HC_BURST))
                  reg[0] = USB_HC_BULK_BLK_SIZE_LSB;
                reg[1] = USB_HC_BULK_BLK_SIZE_MSB;
              #endif  /* #if ((SYSTEM_MSC_DEVICE_SUPPORT || SYSTEM_EXTENDER_MSC_SUPPORT) && (SYSTEM_USB_HC_BURST)) */
 194   1        USBHC_Write_Regs(HC_ATL_BLK_SIZE1_REG,reg,2);
 195   1      
 196   1        reg[0] = 0;
 197   1        reg[1] = 0;
 198   1        reg[2] = 0;
 199   1        reg[3] = 0;
 200   1      #if ((SYSTEM_MSC_DEVICE_SUPPORT) && (SYSTEM_USB_HC_BURST))
                USBHC_CORE_SetBit(reg,USB_HC_MSC_BURST_OUT_TD0,1);
                USBHC_CORE_SetBit(reg,USB_HC_MSC_BURST_OUT_TD1,1);
                USBHC_CORE_SetBit(reg,USB_HC_MSC_BURST_IN_TD0,1);
                USBHC_CORE_SetBit(reg,USB_HC_MSC_BURST_IN_TD1,1);
              #endif /* #if ((SYSTEM_MSC_DEVICE_SUPPORT || SYSTEM_EXTENDER_MSC_SUPPORT) && (SYSTEM_USB_HC_BURST)) */
 206   1        USBHC_Write_Regs(HC_ATL_BLK_SIZE_INDEX_MAP_REG,reg,4);
 207   1      
 208   1        //--------------------------------------------------------------
 209   1        //4.Do the Root Hub Initial operation
 210   1        USBHC_RootHub_Init();
 211   1      
 212   1        //--------------------------------------------------------------
 213   1        //5.HC relative interrupt Enable
 214   1        //5-1.Reset the ISR Queue FIFO Pointer
 215   1        USBHC_ISRQ_Rp = 0;
 216   1        USBHC_ISRQ_Wp = 0;
 217   1      
 218   1        //5-2.Setting the ATL TD Done Threshold Count Register
 219   1        reg[0] = 0x01 & HC_ATL_TD_DONE_COUNT_MASK;
 220   1        USBHC_Write_Regs(HC_ATL_TD_DONE_COUNT_REG,reg,1);
 221   1      
 222   1        //5-3.Setting the ATL TD Done Threshold Time Out Register
 223   1        reg[0] = 0x00;
 224   1        USBHC_Write_Regs(HC_ATL_TD_DONE_TIMEOUT_REG,reg,1);
 225   1      
 226   1        //5-4.Setting INTL TD Skip Map Register
 227   1        memset(TD_INTL_Skip_Map,0x00,sizeof(TD_INTL_Skip_Map));
 228   1        for (index=0;index < USB_HC_INTL_MAX ;index++)
C51 COMPILER V9.60.7.0   USBHC_CORE                                                        06/23/2026 16:04:46 PAGE 5   

 229   1        {
 230   2          USBHC_CORE_SetBit(TD_INTL_Skip_Map,index,0x01); // set skip to true
 231   2        }
 232   1      
 233   1        //5-5.Setting INTL TD Relaod Map Register
 234   1        memset(TD_INTL_Reload_Map,0x00,sizeof(TD_INTL_Reload_Map));
 235   1        USBHC_Write_Regs(HC_INTL_TDSKIP_MAP_REG,TD_INTL_Skip_Map,4);
 236   1      
 237   1        //5-6.Setting ISTL TD Skip Map Register
 238   1        TD_ISTL_Skip_Map = 0xff;
 239   1        USBHC_Write_Regs(HC_ISTL_TDSKIP_MAP_REG,&TD_ISTL_Skip_Map,1);
 240   1      
 241   1        //5-7.Setting ISTL TD Relaod Map Register
 242   1        TD_ISTL_Reload_Map = 0x00;
 243   1        USBHC_Write_Regs(HC_ISTL_TD_RELOAD_REG,&TD_ISTL_Reload_Map,1);
 244   1      
 245   1        //5-5.Setting ATL TD Skip Map Register
 246   1        memset(TD_ATL_Skip_Map,0xff,sizeof(TD_ATL_Skip_Map));
 247   1        for (index=0;index < USB_HC_ATL_MAX ;index++)
 248   1        {
 249   2          USBHC_CORE_SetBit(TD_ATL_Skip_Map,index,0x01); // set skip to true
 250   2        }
 251   1      
 252   1        USBHC_Write_Regs(HC_ATL_TDSKIP_MAP_REG,TD_ATL_Skip_Map,4);
 253   1      
 254   1        //5-6.Setting INTL Last TD Register
 255   1        memset(reg,0x00,sizeof(reg));
 256   1        USBHC_CORE_SetBit(reg,(USB_HC_INTL_MAX-1),0x01); // set INTL last td
 257   1        USBHC_Write_Regs(HC_INTL_TDLAST_MAP_REG,reg,4);
 258   1      
 259   1        //5-a.Setting ISTL Last TD Register
 260   1        reg[0] = 0x00;
 261   1        USBHC_CORE_SetBit(reg,(USB_HC_ISTL_MAX-1),0x01); // set INTL last td
 262   1        USBHC_Write_Regs(HC_ISTL_TDLAST_MAP_REG,reg,1);
 263   1      
 264   1        //5-7.Setting ATL Last TD Register
 265   1        memset(reg,0x00,sizeof(reg));
 266   1        USBHC_CORE_SetBit(reg,(USB_HC_ATL_MAX-1),0x01); // set INTL last td
 267   1        USBHC_Write_Regs(HC_ATL_TDLAST_MAP_REG,reg,4);
 268   1      
 269   1        //5-8.Operation Interupt Enable
 270   1        //Enable (1).Overrun (2).Resume (3).P0~P3 Root Hub Port Status Change
 271   1        reg[0] = HC_OPINT_CON_SOE_ENABLE|HC_OPINT_CON_RDE_ENABLE|HC_OPINT_CON_RHSCE_ENABLE;
 272   1        USBHC_Write_Regs(HC_OPINT_CONTROL_REG,reg,1);
 273   1      
 274   1        //5-9.Interupt Enable
 275   1        //Enable (1).ISTL0 (2).ISTL1 (3).Operation Interrupt (4).Suspend (5).INTL (6).ATL
 276   1        reg[0] = HC_INT_CON_ISTL0_ENABLE|HC_INT_CON_OPR_ENABLE|HC_INT_CON_SUS_ENABLE|HC_INT_CON_INTL_ENABLE|HC_IN
             -T_CON_ATL_ENABLE;
 277   1        USBHC_Write_Regs(HC_INT_CONTROL_REG,reg,1);
 278   1      
 279   1      #if (SYSTEM_USBAUDIO_DEVICE_SUPPORT)
                reg[0] = HC_BUF_STATE_ISTL0_SET;
              #else
 282   1        reg[0] = 0;
 283   1      #endif 
 284   1        
 285   1        USBHC_INT_DISABLE;
 286   1      #if (SYSTEM_USBAUDIO_DEVICE_SUPPORT)
                EXTINT3_DISABLE;
              #endif
 289   1      
C51 COMPILER V9.60.7.0   USBHC_CORE                                                        06/23/2026 16:04:46 PAGE 6   

 290   1        USBHC_TD_Activity_Cnt = 0;
 291   1        
 292   1        reg[0] |= HC_BUF_STATE_ATLATV_SET|HC_BUF_STATE_INTLATV_SET;
 293   1        _USBHC_HCDR_SFR(reg[0]);
 294   1        _USBHC_HCCIR_SFR(HC_BUF_STATE_REG);
 295   1        USBHC_INT_ENABLE;
 296   1      
 297   1      #if (SYSTEM_USBAUDIO_DEVICE_SUPPORT)
                EXTINT3_ENABLE;
              #endif
 300   1      
 301   1        //6. Generate a task for handleing the irq_request  
 302   1        TASK_USBHC_Handle_Control_ID = TASK_Create(TASK_USBHC_CORE_Control_Transfer_Handle);
 303   1        USBHC_ATL_Done_Q_Rp  = 0;
 304   1        USBHC_ATL_Done_Q_Wp  = 0;
 305   1      
 306   1        /*06.Enable Interrupt 2 */
 307   1      #if (INTR_ISR_INCLUDE_USBHC)
 308   1        EXTINT2_ENABLE;
 309   1      #endif
 310   1      
 311   1        USBHC_Current_Total_Device_Count = 0;
 312   1      
 313   1      #if (SYSTEM_TASK_DUMP_SUPPORT)
                printf("TASK_USBHC_Handle_Control_ID=%bu\n\r",TASK_USBHC_Handle_Control_ID);  
              #endif  
 316   1      } /* End of USBHC_CORE_Init */
 317          
 318          /* LOCAL SUBPROGRAM BODIES */
 319          /*---------------------------------------------------------------------------------------
 320           * static void usbhc_ISR(void)
 321           * Purpose : ISR handle program
 322           *           The ISR entry interrupt is intr_UsbHostControllerIntr2ISR() use INT2_VECTOR
 323           * Params  : none
 324           * Returns : none
 325           * Note    : none
 326           *---------------------------------------------------------------------------------------*/
 327          void usbhc_ISR(void) interrupt INT2_VECTOR
 328          {
 329   1        idata U8_T int_state,op_state,portindex,portmask,op_state_bk; 
 330   1        idata U8_T  usbhc_IntrStateFlag;
 331   1      #if ((SYSTEM_USBAUDIO_DEVICE_SUPPORT) && (SYSTEM_EXTENDER_RECEIVER))
                volatile U8_T XDATA temp[2];
                U16_T XDATA*    ptempshort = (U16_T XDATA*)&temp[0];
                U8_T        len;
                U8_T XDATA*     pbuf;
              #endif
 337   1      
 338   1        //Read In Interrupt Status
 339   1        int_state = USBHC_INTERRUPT_STATUS; // This SFR address
 340   1      
 341   1      #if (SYSTEM_POWER_SAVING_MODE_SUPPORT)
               #if (PS2_WAKEUP_SUPPORT)
                if (!(int_state & HC_INT_STATE_SUS_MASK))
                {
                  PowerSavingInhibitFlag = 1;
                }
               #endif
              #endif
 349   1      
 350   1        //Check SOF Interrupt
 351   1        usbhc_IntrStateFlag = (int_state & ~(HC_INT_STATE_SOF_SET | HC_INT_STATE_ISTL0_SET));
C51 COMPILER V9.60.7.0   USBHC_CORE                                                        06/23/2026 16:04:46 PAGE 7   

 352   1      
 353   1        //Check Operational Interrupt
 354   1        if (int_state & HC_INT_STATE_OPR_SET)
 355   1        {
 356   2          //-------------------------------
 357   2          // Check OPR Interrupt 
 358   2          //-------------------------------
 359   2          //1.Read IN Operation Interrupt Status
 360   2          op_state = HCOIS;
 361   2          op_state_bk = op_state;
 362   2          USBHC_ISR_FIFO[USBHC_ISRQ_Wp].OP_ISR_State = op_state;
 363   2      
 364   2          //2.Check Operation Interrupt Status
 365   2          if (op_state & HC_OPINT_STATE_RHSC_MAP_MASK)
 366   2          {
 367   3            //1.Check Port0 status changed condition
 368   3            portmask = HC_ROOTHUB_STATUSCHANGED_PORT0_MASK;
 369   3            for (portindex = 0; portindex < USB_HC_MAX_PORT; portindex++)
 370   3            {
 371   4              if (op_state & portmask)
 372   4              {
 373   5                //(1).Read in the PORT Change status
 374   5                _USBHC_HCCIR_SFR(USBHC_RootHub_Status_Reg[portindex]); // write out the SFR address
 375   5                _USBHC_HCDR_READ_SFR(USBHC_RootHub_State_Report[portindex]); // read in status
 376   5                _USBHC_HCDR_READ_SFR(USBHC_RootHub_StatusChanged_Report[portindex]); // read in port status changed 
 377   5      
 378   5                //(2).Clear the Hub Status Changed
 379   5                _USBHC_HCDR_SFR(0x00);
 380   5                _USBHC_HCDR_SFR(USBHC_RootHub_StatusChanged_Report[portindex]);
 381   5                _USBHC_HCCIR_SFR(USBHC_RootHub_Cmd_Reg[portindex]);
 382   5              }
 383   4      
 384   4              op_state_bk &= ~portmask;
 385   4              if (op_state_bk == 0)
 386   4              {
 387   5                break;
 388   5              }
 389   4      
 390   4              portmask = portmask << 1; // notice this must check with SFR
 391   4            }
 392   3          }
 393   2      
 394   2          //Final.Clear OP_Int status
 395   2          HCOIS = op_state;
 396   2        }
 397   1        else
 398   1        {
 399   2          USBHC_TD_Activity_Cnt++;
 400   2        }
 401   1      
 402   1        //Special Handle for ISO handle
 403   1      #if (SYSTEM_USBAUDIO_DEVICE_SUPPORT)
                if (int_state & HC_INT_STATE_ISTL0_SET)
                {
                  //Read the DoneMap
                  _USBHC_HCCIR_SFR(HC_ISTL_TDDONE_MAP_REG);
                  _USBHC_HCDR_READ_SFR(op_state_bk);
              
                  //Handle the Isochronous Out Data Package
                  if (op_state_bk & USB_HC_ISTL_OUT_DONE_MASK) //Isochronous In ISTL[0]
                  {
              #if (SYSTEM_EXTENDER_RECEIVER)      
C51 COMPILER V9.60.7.0   USBHC_CORE                                                        06/23/2026 16:04:46 PAGE 8   

                    if (KVM_CurrentUSBAudio == REMOTE_HOST_PORT)
                    {
                      ETDR_AudioOutHcDoingFlag = 0;
                      while (1)
                      {
                        if (ETDR_AudioOutHead != ETDR_AudioOutTail)
                        {
                          len = ETDR_AudioOutBuf[ETDR_AudioOutTail][0];
                          if (len)
                          {
                            /* set source address indirect register */
                            *ptempshort = (U16_T)ETDR_AudioOutBuf[ETDR_AudioOutTail];
                            DDR = temp[1];
                            DDR = temp[0];
                            DDR = 0;
                            DCIR = SW_DMA_SOURCE_ADDR_REG;
              
                            /* set target address indirect register */
                            *ptempshort = (U16_T)HCTD_Table.ISTL[0].Buf;
                            DDR = temp[1];
                            DDR = temp[0];
                            DDR = 0;
                            DCIR = SW_DMA_TARGET_ADDR_REG;
              
                            /* set length */
                            DDR = len +2;
                            DDR = 0;
                            DCIR = SW_DMA_BYTE_COUNT_REG;
              
                            DDR = DMA_CMD_GO;
                            DCIR = SW_DMA_CMD_REG;
              
                            /* check software dma completed. */
                            while (1)
                            {
                              DCIR = SW_DMA_STATUS_REG;
                              temp[0] = DDR;
                              if (temp[0] & DMA_ERROR_STU)
                              {
                                temp[1] = 0;
                                break;
                              }
                              else if (temp[0] & DMA_COMPLETE_STU)
                              {
                                temp[1] = 1;
                                break;
                              }
                            }
              
                            ETDR_AudioOutTail++;
                            ETDR_AudioOutTail &= EXTENDER_AUDIO_OUT_BUF_MASK;
              
                            if (temp[1])
                            {
                              HCTD_Table.ISTL[0].TD.Byte0_Actual_Byte = 0;
                              HCTD_Table.ISTL[0].TD.Byte2_MaxPKT_Size = len;
                              HCTD_Table.ISTL[0].TD.Byte3 &= 0xFC;
                              HCTD_Table.ISTL[0].TD.Byte4_Total_Byte = len;
                              HCTD_Table.ISTL[0].TD.Byte5 &= 0xFC;
                              HCTD_Table.ISTL[0].TD.Byte1 |= TD_ACTIVED_MASK;
                              TD_ISTL_Skip_Map &= ~0x01;
              
C51 COMPILER V9.60.7.0   USBHC_CORE                                                        06/23/2026 16:04:46 PAGE 9   

                              //Clear Done Map
                              _USBHC_HCDR_SFR(0x01);
                              _USBHC_HCCIR_SFR(HC_ISTL_TDDONE_MAP_REG);
              
                              //Clear Skip Map
                              _USBHC_HCDR_SFR(TD_ISTL_Skip_Map);
                              _USBHC_HCCIR_SFR(HC_ISTL_TDSKIP_MAP_REG);
                              ETDR_AudioOutHcDoingFlag = 1;
                            }
                            break;
                          }
                          else
                          {
                            ETDR_AudioOutTail++;
                            ETDR_AudioOutTail &= EXTENDER_AUDIO_OUT_BUF_MASK;
                          }
                        }
                        else
                        {
                          break;
                        }
                      } /* while(1) */
                    } /* REMOTE_HOST_PORT */
                    else
              #endif /* #if (SYSTEM_EXTENDER_RECEIVER) */       
                    {
                      //Clear Done Map
                      _USBHC_HCDR_SFR(USB_HC_ISTL_OUT_DONE_MASK);
                      _USBHC_HCCIR_SFR(HC_ISTL_TDDONE_MAP_REG);
                      
                      //Set Skip map
                      TD_ISTL_Skip_Map |= USB_HC_ISTL_OUT_DONE_MASK; // Skip ISL0
                      _USBHC_HCDR_SFR(TD_ISTL_Skip_Map);
                      _USBHC_HCCIR_SFR(HC_ISTL_TDSKIP_MAP_REG);
                    }
                  } /* USB_HC_ISTL_OUT_DONE_MASK */
              
                  //Handle the Isochronous In Data Package
                  if (op_state_bk & USB_HC_ISTL_IN_DONE_MASK) //Isochronous In ISTL[1]
                  {
              #if (SYSTEM_EXTENDER_RECEIVER)
                    if (KVM_CurrentUSBAudio == REMOTE_HOST_PORT)
                    {
                      len = HCTD_Table.ISTL[USB_HC_ISTL_OUT_MAX].TD.Byte0_Actual_Byte;
                      if (len == 0)
                      {
                        if ((HCTD_Table.ISTL[USB_HC_ISTL_OUT_MAX].TD.Byte1 & 0xf0) == 0x50)
                        {
                          ETDR_AudioInWaitFlag = 1;
                        }
                        else
                        {
                          TD_ISTL_Skip_Map &= ~(USB_HC_ISTL_IN_DONE_MASK);   // Skip ISTL3
              
                          //4.Enable the TD Buffer
                          //HCTD_Table.ISTL[USB_HC_ISTL_OUT_MAX].TD.Byte0_Actual_Byte = 0;
                          HCTD_Table.ISTL[USB_HC_ISTL_OUT_MAX].TD.Byte2_MaxPKT_Size = USB_HC_ISTL_BUF_SIZE - 2;
                          HCTD_Table.ISTL[USB_HC_ISTL_OUT_MAX].TD.Byte3 &= 0xFC;
                          HCTD_Table.ISTL[USB_HC_ISTL_OUT_MAX].TD.Byte4_Total_Byte  = USB_HC_ISTL_BUF_SIZE-2; //get the byte w
             -ill not over the bufer size
                          HCTD_Table.ISTL[USB_HC_ISTL_OUT_MAX].TD.Byte5 &= 0xFC;
                          HCTD_Table.ISTL[USB_HC_ISTL_OUT_MAX].TD.Byte1 |= TD_ACTIVED_MASK;
C51 COMPILER V9.60.7.0   USBHC_CORE                                                        06/23/2026 16:04:46 PAGE 10  

                          HCTD_Table.ISTL[USB_HC_ISTL_OUT_MAX].TD.Byte7  = 0;
              
                          //Clear Done Map
                          _USBHC_HCDR_SFR(USB_HC_ISTL_IN_DONE_MASK);
                          _USBHC_HCCIR_SFR(HC_ISTL_TDDONE_MAP_REG);
              
                          //Clear Skip Map
                          _USBHC_HCDR_SFR(TD_ISTL_Skip_Map);
                          _USBHC_HCCIR_SFR(HC_ISTL_TDSKIP_MAP_REG);
                        }
                      }
                      else
                      {
                        while (1)
                        {
                          pbuf = (U8_T XDATA*)ETDR_AudioInBuf[ETDR_AudioInHead];
                          ETDR_AudioInHead++;
                          ETDR_AudioInHead &= EXTENDER_AUDIO_IN_BUF_MASK;
                          if (ETDR_AudioInHead == ETDR_AudioInTail)
                          {
                            ETDR_AudioInHead--; 
                            ETDR_AudioInHead &= EXTENDER_AUDIO_IN_BUF_MASK;
                            ETDR_AudioInTailSkipFlag = 1;
                            break;
                          }
              
                          HCTD_Table.ISTL[USB_HC_ISTL_OUT_MAX].Buf[0] = len;
              
                          /* set source address indirect register */
                          *ptempshort = (U16_T)HCTD_Table.ISTL[USB_HC_ISTL_OUT_MAX].Buf;
                          DDR = temp[1];
                          DDR = temp[0];
                          DDR = 0;
                          DCIR = SW_DMA_SOURCE_ADDR_REG;
              
                          /* set target address indirect register */
                          *ptempshort = (U16_T)(pbuf + EXTENDER_PACKET_HEADER_DATA_OFFSET);
                          DDR = temp[1];
                          DDR = temp[0];
                          DDR = 0;
                          DCIR = SW_DMA_TARGET_ADDR_REG;
              
                          /* set length */
                          DDR = len +2;
                          DDR = 0;
                          DCIR = SW_DMA_BYTE_COUNT_REG;
              
                          DDR = DMA_CMD_GO;
                          DCIR = SW_DMA_CMD_REG;
              
                          /* check software dma completed. */
                          while (1)
                          {
                            DCIR = SW_DMA_STATUS_REG;
                            temp[0] = DDR;
                            if (temp[0] & DMA_ERROR_STU)
                            {
                              temp[1] = 0;
                              break;
                            }
                            else if (temp[0] & DMA_COMPLETE_STU)
                            {
C51 COMPILER V9.60.7.0   USBHC_CORE                                                        06/23/2026 16:04:46 PAGE 11  

                              temp[1] = 1;
                              break;
                            }
                          }
                          if (!temp[1])
                          {
                            ETDR_AudioInHead--; 
                            ETDR_AudioInHead &= EXTENDER_AUDIO_IN_BUF_MASK;
                          }
                          break;
                        } // while(1)
              
                        TD_ISTL_Skip_Map &= ~(USB_HC_ISTL_IN_DONE_MASK);   // Skip ISTL3
              
                        //4.Enable the TD Buffer
                        HCTD_Table.ISTL[USB_HC_ISTL_OUT_MAX].TD.Byte0_Actual_Byte = 0;
                        HCTD_Table.ISTL[USB_HC_ISTL_OUT_MAX].TD.Byte2_MaxPKT_Size = USB_HC_ISTL_BUF_SIZE - 2;
                        HCTD_Table.ISTL[USB_HC_ISTL_OUT_MAX].TD.Byte3 &= 0xFC;
                        HCTD_Table.ISTL[USB_HC_ISTL_OUT_MAX].TD.Byte4_Total_Byte  = USB_HC_ISTL_BUF_SIZE-2; //get the byte wi
             -ll not over the bufer size
                        HCTD_Table.ISTL[USB_HC_ISTL_OUT_MAX].TD.Byte5 &= 0xFC;
                        HCTD_Table.ISTL[USB_HC_ISTL_OUT_MAX].TD.Byte1 |= TD_ACTIVED_MASK;
                        HCTD_Table.ISTL[USB_HC_ISTL_OUT_MAX].TD.Byte7  = 0;
              
                        //Clear Done Map
                        _USBHC_HCDR_SFR(USB_HC_ISTL_IN_DONE_MASK);
                        _USBHC_HCCIR_SFR(HC_ISTL_TDDONE_MAP_REG);
              
                        //Clear Skip Map
                        _USBHC_HCDR_SFR(TD_ISTL_Skip_Map);
                        _USBHC_HCCIR_SFR(HC_ISTL_TDSKIP_MAP_REG);
                      }
                    }
                    else
              #endif /* #if (SYSTEM_EXTENDER_RECEIVER) */
                    {
                      if (USBHC_Audio_IN_Start_Flag)
                      { 
                        //Get the length of data package
                        HCTD_Table.ISTL[USB_HC_ISTL_OUT_MAX].Buf[0] = HCTD_Table.ISTL[USB_HC_ISTL_OUT_MAX].TD.Byte0_Actual_By
             -te;
                        
                        // If received length is 0 by isocronous IN, re-trigger the TD
                        if (HCTD_Table.ISTL[USB_HC_ISTL_OUT_MAX].TD.Byte0_Actual_Byte == 0)
                        {
                          USBHC_AUDIO_In_Start();
                        }
                        
                        //Set the DC Buffer Ready
                        op_state = DA_CR_BVLD_SET | (USBHC_Audio_In_Endpinx & 0x07);
                        switch (KVM_CurrentUSBAudio)
                        {
                          case 0:
                            _USBDC_DC0DR_SFR(op_state);
                            _USBDC_DC0CIR_SFR(DA_CR[USBHC_Audio_Devinx]);
                            break;
                          case 1:
                            _USBDC_DC1DR_SFR(op_state);
                            _USBDC_DC1CIR_SFR(DA_CR[USBHC_Audio_Devinx]);
                            break;
                          case 2:
                            _USBDC_DC2DR_SFR(op_state);
C51 COMPILER V9.60.7.0   USBHC_CORE                                                        06/23/2026 16:04:46 PAGE 12  

                            _USBDC_DC2CIR_SFR(DA_CR[USBHC_Audio_Devinx]);
                            break;
                          case 3:
                            _USBDC_DC3DR_SFR(op_state);
                            _USBDC_DC3CIR_SFR(DA_CR[USBHC_Audio_Devinx]);
                            break;
                        }
                      } 
                    }
                  }
                }
              #endif //#if (SYSTEM_USBAUDIO_DEVICE_SUPPORT)
 671   1      
 672   1        // check INTL Done Flag
 673   1        if (USBHC_IntlDoneFlag)
 674   1        {
 675   2          usbhc_IntrStateFlag &= ~HC_INT_STATE_INTL_SET;
 676   2        }
 677   1        else if (usbhc_IntrStateFlag & HC_INT_STATE_INTL_SET)
 678   1        {
 679   2          USBHC_IntlDoneFlag = 1;
 680   2        }
 681   1      
 682   1        // check ATL Done Flag
 683   1        if (USBHC_AtlDoneFlag)
 684   1        {
 685   2          usbhc_IntrStateFlag &= ~HC_INT_STATE_ATL_SET;
 686   2        }
 687   1        else if (usbhc_IntrStateFlag & HC_INT_STATE_ATL_SET)
 688   1        {
 689   2          USBHC_AtlDoneFlag = 1;
 690   2        }
 691   1      
 692   1        //------------------------------------------------------------------------
 693   1        // USBHC ISR FIFO Table Pointer Maintain
 694   1        //------------------------------------------------------------------------
 695   1        if (usbhc_IntrStateFlag)
 696   1        {
 697   2          USBHC_ISR_FIFO[USBHC_ISRQ_Wp].ISR_State = usbhc_IntrStateFlag;
 698   2      
 699   2          if (++USBHC_ISRQ_Wp >= USB_HC_MAX_ISR_FIFO_DEPTH)
 700   2          {
 701   3            USBHC_ISRQ_Wp = 0;
 702   3          }
 703   2        }
 704   1      
 705   1        //------------------------------------------------------------------------
 706   1        // TD HANDLE 
 707   1        //------------------------------------------------------------------------
 708   1        //** Final Step, clear the flag
 709   1        HCIS = int_state;
 710   1      }
 711          
 712          /*
 713           * -------------------------------------------------------------------------------------------
 714           * U8_T USB_HAL_Alloc_Free_PDevice(U8_T *freeid, U8_T port)
 715           * Purpose : Allocate PDevice resource
 716           * Params  : 
 717           * Returns : none
 718           * Note    : none
 719           * -------------------------------------------------------------------------------------------
 720           */
C51 COMPILER V9.60.7.0   USBHC_CORE                                                        06/23/2026 16:04:46 PAGE 13  

 721          U8_T USB_HAL_Alloc_Free_PDevice(U8_T *freeid, U8_T port)
 722          {
 723   1        U8_T  index;
 724   1        U8_T    start = 0,end=USB_HC_MAX_DEVICE;
 725   1      
 726   1      #if (SYSTEM_EXTENDER_TRANSMITTER) 
              #ifdef DEVICE_KEEP
                if (port == 0xee) // this is the remote virtual device
                {
                  start = USB_HC_MAX_DEVICE;
                  end   = USB_HC_MAX_DEVICE+USB_HC_MAX_HUB;
                } 
              #endif  /* #ifdef DEVICE_KEEP */
              #endif  /* #if (SYSTEM_EXTENDER_TRANSMITTER) */
 735   1        for (index = start; index < end; index++)
 736   1        {
 737   2          if (USB_PDevice[index].Addr & USBHC_DEVICE_USED_MASK)
 738   2          {
 739   3            continue; // go next port
 740   3          }
 741   2          *freeid = index;
 742   2          memset((U8_T *)&USB_PDevice[index],0x00,sizeof(USB_PDevice_TypeDef));
 743   2          USB_PDevice[index].Addr |= USBHC_DEVICE_USED_MASK;
 744   2          USB_PDevice[index].RootHubPort = port;
 745   2          if (index >= USBDC_VIRTUAL_DEVINX)
 746   2            USB_PDevice[index].ControlEndpSize = 8;
 747   2          USBHC_Current_Total_Device_Count++;
 748   2      #if (SYSTEM_EXTENDER_RECEIVER)      
              #ifdef PWAYTEK_01   
                  ExtenderR_Maintain_DeviceState_Led();
              #endif    
              #endif
 753   2          return TRUE;
 754   2        }
 755   1      #if (KVM_BUZZER_SUPPORT)
 756   1        BUZZER_Script_Active(DeviceErrorSound);
 757   1      #endif //#if (KVM_BUZZER_SUPPORT)
 758   1        return FALSE;
 759   1      }
 760          
 761          /*
 762           * -------------------------------------------------------------------------------------------
 763           * void USB_HAL_Check_PDevice_Status(U8_T port)
 764           * Purpose : Check PDevice status
 765           * Params  :  
 766           * Returns : none
 767           * Note    : none
 768           * -------------------------------------------------------------------------------------------
 769           */
 770          U8_T USB_HAL_Check_PDevice_Status(U8_T port)
 771          {
 772   1        U8_T  index;
 773   1      
 774   1        for (index = 0; index < (USB_HC_MAX_DEVICE + USB_HC_MAX_HUB); index++)
 775   1        {
 776   2          if (USB_PDevice[index].Addr & USBHC_DEVICE_USED_MASK)
 777   2          {
 778   3            if (USB_PDevice[index].RootHubPort == port)
 779   3            {
 780   4              if (USB_PDevice[index].Hc.gState >= HOST_ENUMERATION)
 781   4              {
 782   5                return TRUE;
C51 COMPILER V9.60.7.0   USBHC_CORE                                                        06/23/2026 16:04:46 PAGE 14  

 783   5              }
 784   4            }
 785   3          }
 786   2        }
 787   1        return FALSE;
 788   1      }
 789          
 790          /*
 791           * -------------------------------------------------------------------------------------------
 792           * void USBHC_CORE_Alloc_IntTransfer_Table(void)
 793           * Purpose : Handle the Interrupt status
 794           * Params  :  
 795           * Returns : none
 796           * Note    : none
 797           * -------------------------------------------------------------------------------------------
 798           */
 799          U8_T USBHC_CORE_Alloc_IntTransfer_Table(U8_T *freeid)
 800          {
 801   1        U8_T  index;
 802   1      
 803   1        for (index = 0; index < USB_HC_INTL_MAX; index++)
 804   1        {
 805   2          if (HC_IntTransfer_Table[index].Used_DeviceID & USBHC_DEVICE_USED_MASK)
 806   2          {
 807   3            continue; // go next port
 808   3          }
 809   2          *freeid = index;
 810   2          memset((U8_T *)&HC_IntTransfer_Table[index],0x00,sizeof(USBHC_IntTransfer_TypeDef));
 811   2          HC_IntTransfer_Table[index].Used_DeviceID = USBHC_DEVICE_USED_MASK;
 812   2          return TRUE;
 813   2        }
 814   1      
 815   1        return FALSE;
 816   1      }
 817          
 818          /*
 819           * -------------------------------------------------------------------------------------------
 820           * void USBHC_CORE_Change_IntTransfer_Interval(void)
 821           * Purpose : Handle the Interrupt status
 822           * Params  :  
 823           * Returns : none
 824           * Note    : none
 825           * -------------------------------------------------------------------------------------------
 826           */
 827          void USBHC_CORE_Change_IntTransfer_Interval(U8_T devinx, U8_T endpinx, U8_T interval)
 828          {
 829   1        U8_T  index, source_endpinx;
 830   1        
 831   1      #ifdef SYNC
 832   1        if (devinx)
 833   1          return;
 834   1      #endif
 835   1        
 836   1      #if (SYSTEM_EXTENDER_TRANSMITTER)
                if (USB_PDevice[devinx].DevAttr & DEVATTR_REMOTE_DEV_MASK)//if remote device
                {
              #if (HUART_BAUD <= HUART_921K)    
                  //printf("R Devinx:%bu,endpinx=%bu,interval:%bu\n\r",devinx,endpinx,interval);
                  ExtenderT_Remote_Interval_Req(devinx,endpinx,interval);
              #endif
                  return;
                } 
C51 COMPILER V9.60.7.0   USBHC_CORE                                                        06/23/2026 16:04:46 PAGE 15  

              #endif
 846   1        for (index = 0; index < USB_HC_INTL_MAX; index++)
 847   1        {
 848   2          if (HC_IntTransfer_Table[index].Used_DeviceID & USBHC_DEVICE_USED_MASK)
 849   2          {
 850   3            if ((HC_IntTransfer_Table[index].Used_DeviceID & 0x7f) == devinx)
 851   3            {
 852   4              source_endpinx = (HC_IntTransfer_Table[index].EndpIdx & USBDC_DEV_ENDPINX_MASK ) >> 4;
 853   4              if (source_endpinx == endpinx)
 854   4              {
 855   5                //get right td id,change the interval         
 856   5                HCTD_Table.INTL[index].TD.Byte7 = interval;
 857   5              }
 858   4            }
 859   3          }
 860   2        }
 861   1      }
 862          
 863          /*
 864           * -------------------------------------------------------------------------------------------
 865           * U8_T USBHC_CORE_QueryAlloc_IsoTransfer_Table(U8_T allocateID)
 866           * Purpose : alloc the needed istl td id
 867           * Params  : U8_T allocateID
 868           * Returns : none
 869           * Note    : none
 870           * -------------------------------------------------------------------------------------------
 871           */
 872          U8_T USBHC_CORE_QueryAlloc_IsoTransfer_Table(U8_T allocateID)
 873          {
 874   1        if (allocateID < USB_HC_ISTL_MAX)
 875   1        {
 876   2          if ((HC_IsoTransfer_Table[allocateID].Used_DeviceID & USBHC_DEVICE_USED_MASK) == 0)
 877   2          {
 878   3            memset((U8_T *)&HC_IsoTransfer_Table[allocateID],0x00,sizeof(USBHC_IsoTransfer_TypeDef));
 879   3            HC_IsoTransfer_Table[allocateID].Used_DeviceID = USBHC_DEVICE_USED_MASK;
 880   3            return TRUE;
 881   3          }
 882   2        }
 883   1      
 884   1        return FALSE;
 885   1      }
 886          /*
 887           * -------------------------------------------------------------------------------------------
 888           * void USBHC_CORE_Set_TD_SkipMap(void)
 889           * Purpose : Handle the Skip Map Setting
 890           * Params  :  
 891           * Returns : none
 892           * Note    : none
 893           * -------------------------------------------------------------------------------------------
 894           */
 895          void USBHC_CORE_Set_TD_SkipMap(U8_T tdtype,U8_T tdid,U8_T value)
 896          {
 897   1        if (tdtype == USBHC_TD_INTL)
 898   1        {
 899   2          USBHC_CORE_SetBit(TD_INTL_Skip_Map,tdid,value);
 900   2          USBHC_Write_Regs(HC_INTL_TDSKIP_MAP_REG,TD_INTL_Skip_Map,4);
 901   2        }
 902   1        else if (tdtype == USBHC_TD_ATL)
 903   1        {
 904   2          USBHC_CORE_SetBit(TD_ATL_Skip_Map,tdid,value);
 905   2          USBHC_Write_Regs(HC_ATL_TDSKIP_MAP_REG,TD_ATL_Skip_Map,4);
 906   2        }
C51 COMPILER V9.60.7.0   USBHC_CORE                                                        06/23/2026 16:04:46 PAGE 16  

 907   1        else
 908   1        {
 909   2          USBHC_CORE_SetBit(&TD_ISTL_Skip_Map,tdid,value);
 910   2          USBHC_Write_Regs(HC_ISTL_TDSKIP_MAP_REG,&TD_ISTL_Skip_Map,1);
 911   2        }
 912   1      }
 913          
 914          /*
 915           * -------------------------------------------------------------------------------------------
 916           * U8_T USBHC_CORE_Get_TD_SkipMap(void)
 917           * Purpose : Handle the Skip Map Setting
 918           * Params  :  
 919           * Returns : none
 920           * Note    : none
 921           * -------------------------------------------------------------------------------------------
 922           */
 923          //U8_T USBHC_CORE_Get_TD_SkipMap(U8_T tdtype,U8_T tdid)
 924          //{
 925          //  if (tdtype == USBHC_TD_INTL)
 926          //  {
 927          //    return USBHC_CORE_GetBit(TD_INTL_Skip_Map,tdid);
 928          //  }
 929          //  else if (tdtype == USBHC_TD_ATL)
 930          //  {
 931          //    return USBHC_CORE_GetBit(TD_ATL_Skip_Map,tdid);
 932          //  }
 933          //  else
 934          //  {
 935          //    return USBHC_CORE_GetBit(&TD_ISTL_Skip_Map,tdid);
 936          //  }
 937          //}
 938          
 939          /*
 940           * -------------------------------------------------------------------------------------------
 941           * void USBHC_CORE_Clear_TD_DoneMap(void)
 942           * Purpose : Handle the Skip Map Setting
 943           * Params  :  
 944           * Returns : none
 945           * Note    : none
 946           * -------------------------------------------------------------------------------------------
 947           */
 948          void USBHC_CORE_Clear_TD_DoneMap(U8_T tdtype,U8_T tdid) 
 949          {
 950   1        U8_T done_map[4];
 951   1      
 952   1        done_map[0] = 0;
 953   1        done_map[1] = 0;
 954   1        done_map[2] = 0;
 955   1        done_map[3] = 0;
 956   1      
 957   1        USBHC_CORE_SetBit(done_map,tdid,0x01);
 958   1      
 959   1        if (tdtype == USBHC_TD_INTL)
 960   1        {
 961   2          USBHC_Write_Regs(HC_INTL_TDDONE_MAP_REG,done_map,4);
 962   2        }
 963   1        else if (tdtype == USBHC_TD_ATL)
 964   1        {
 965   2          USBHC_Write_Regs(HC_ATL_TDDONE_MAP_REG,done_map,4);
 966   2        }
 967   1        else
 968   1        {
C51 COMPILER V9.60.7.0   USBHC_CORE                                                        06/23/2026 16:04:46 PAGE 17  

 969   2          USBHC_Write_Regs(HC_ISTL_TDDONE_MAP_REG,done_map,1);
 970   2        }
 971   1      }
 972          
 973          /*
 974           * -------------------------------------------------------------------------------------------
 975           * void USBHC_CORE_Alloc_TD(void)
 976           * Purpose : Handle the Interrupt status
 977           * Params  :  
 978           * Returns : none
 979           * Note    : none
 980           * -------------------------------------------------------------------------------------------
 981           */
 982          U8_T USBHC_CORE_Alloc_TD(void)
 983          {
 984   1        U8_T  start_pos;
 985   1      
 986   1        start_pos = USB_HC_ATL_START;
 987   1      
 988   1        for (; start_pos < (USB_HC_ATL_START + USB_HC_ATL_MAX); start_pos++)
 989   1        {
 990   2          if ((HCTD_Channel_Table[start_pos].Used_DeviceID & USBHC_TD_USED_MASK) == 0)
 991   2          {
 992   3            return (start_pos + TRUE);
 993   3          }
 994   2        }
 995   1      
 996   1        return FALSE;
 997   1      }
 998          
 999          /*
1000           * -------------------------------------------------------------------------------------------
1001           * void USBHC_CORE_Free_TD(void)
1002           * Purpose : Handle the Interrupt status
1003           * Params  :  
1004           * Returns : none
1005           * Note    : none
1006           * -------------------------------------------------------------------------------------------
1007           */
1008          void USBHC_CORE_Free_TD(U8_T td_id)
1009          {
1010   1        U8_T devinx;
1011   1      
1012   1        if (HCTD_Channel_Table[td_id].Used_DeviceID | USBHC_TD_USED_MASK)
1013   1        {
1014   2          devinx = HCTD_Channel_Table[td_id].Used_DeviceID & USBHC_TD_DEVICE_ADDR_MASK;
1015   2          USB_PDevice[devinx].Hc.Control.TdNum = 0;
1016   2          HCTD_Channel_Table[td_id].Used_DeviceID = 0;
1017   2          HCTD_Channel_Table[td_id].USB_State = USBH_IDLE;
1018   2        }
1019   1      }
1020          
1021          /**
1022            * @brief  USBH_HandleControl
1023            *         Handles the USB control transfer state machine
1024            * @param  pdev: Selected device
1025            * @retval Status
1026            */
1027          void TASK_USBHC_CORE_Control_Transfer_Handle(void)
1028          {
1029   1        U8_T          devinx,td_id,td_offset;
1030   1        U8_T          direction;
C51 COMPILER V9.60.7.0   USBHC_CORE                                                        06/23/2026 16:04:46 PAGE 18  

1031   1        U16_T         index;
1032   1        USBH_Status       USB_Status = USBH_IDLE;
1033   1        bit           dc_passthrough=0;
1034   1      
1035   1          if (TASK_Type == TASK_TYPE_INTERVAL_MS)
1036   1          {
1037   2            TASK_Destory_Current();
1038   2        }
1039   1        devinx = TASK_Register0;
1040   1        td_id = USB_PDevice[devinx].Hc.Control.TdNum;
1041   1        td_offset = USBHC_CORE_TD_Offset(td_id);
1042   1      
1043   1        //Skip task if the device is gone
1044   1        if (((USB_PDevice[devinx].Addr & USBHC_DEVICE_USED_MASK) == 0x00) ||
1045   1          (USB_PDevice[devinx].Hc.Control.State == CTRL_IDLE))  // Device is gone
1046   1        { 
1047   2          return; 
1048   2        }
1049   1        
1050   1      HC_ControlHandle_Restart:
1051   1        switch (USB_PDevice[devinx].Hc.Control.State)
1052   1        {
1053   2          case CTRL_SETUP:
1054   2            /* send a SETUP packet */
1055   2            USB_PDevice[devinx].Hc.Control.State = CTRL_SETUP_WAIT;
1056   2            USB_PDevice[devinx].Hc.HandleState   = HANDLE_CONTROL;
1057   2            USBHC_CtlSendSetup(devinx,td_id);
1058   2            USB_PDevice[devinx].timeOutRetryCnt = 0;
1059   2            break;
1060   2      
1061   2          case CTRL_SETUP_WAIT:
1062   2            /* SETUP Token send complete */
1063   2            /*Check the complete status */
1064   2            USB_Status = HCTD_Channel_Table[td_id].USB_State;
1065   2            if (USB_Status == USBH_DONE)
1066   2            {
1067   3              direction = (USB_PDevice[devinx].Hc.Control.Setup.b.bmRequestType & USB_REQ_DIR_MASK); /* data directi
             -on */
1068   3              if (USB_PDevice[devinx].Hc.Control.Setup.b.wLength.w != 0 ) /* with data stage */
1069   3              {
1070   4                if (direction == USB_D2H) /*Device to Host,Data Direction is IN*/
1071   4                {
1072   5                  USB_PDevice[devinx].Hc.Control.State = CTRL_DATA_IN;
1073   5                  USB_PDevice[devinx].Hc.Control.NakeCnt = 0; // reset the nake counter
1074   5                }
1075   4                else 
1076   4                { /*Host to Device,Data Direction is OUT*/
1077   5                  USB_PDevice[devinx].Hc.Control.State = CTRL_DATA_OUT;
1078   5                  if (USB_PDevice[devinx].Hc.gState == HOST_PASSTHROUGH)
1079   5                  {
1080   6                    dc_passthrough = 1;
1081   6                    USB_PDevice[devinx].Hc.PassThrough_State = PASSTHROUGH_SETUP_START_DONE;
1082   6                    break; // next is data out, need to wait for DC
1083   6                  }
1084   5                }
1085   4                goto HC_ControlHandle_Restart;
1086   4              }
1087   3              else // No DATA stage  
1088   3              {
1089   4                /* Only Status IN */
1090   4                // Data Direction is OUT/
1091   4                USB_PDevice[devinx].Hc.Control.State = CTRL_STATUS_IN;
C51 COMPILER V9.60.7.0   USBHC_CORE                                                        06/23/2026 16:04:46 PAGE 19  

1092   4                USB_PDevice[devinx].Hc.Control.NakeCnt = 0;
1093   4                goto HC_ControlHandle_Restart;
1094   4              }
1095   3            }
1096   2            else if ((USB_Status== USBH_TIMEOUT) || (USB_Status== USBH_ERROR))
1097   2            {       
1098   3              USB_PDevice[devinx].Hc.Control.State = CTRL_ERROR;
1099   3              goto HC_ControlHandle_Restart; 
1100   3            }
1101   2            else if (USB_Status == USBH_STALL)
1102   2            {
1103   3              /* Control transfers completed, Exit the State Machine */
1104   3              USB_PDevice[devinx].Hc.Control.State = CTRL_STALLED; // Vinson ADD ... this is bug
1105   3              /*PASSTHROUGH*/
1106   3              if (USB_PDevice[devinx].Hc.gState == HOST_PASSTHROUGH)
1107   3              {
1108   4                USB_PDevice[devinx].Hc.PassThrough_State = PASSTHROUGH_DC_SETUP_STALL;
1109   4                dc_passthrough = 1;
1110   4              }
1111   3            }
1112   2            break;
1113   2          case CTRL_DATA_IN:
1114   2            /* Issue an IN token */ 
1115   2            /*Determine the IN length */
1116   2      #ifdef KVM_EXTENDER_RECEIVER
                    //Check curent page remain length
                          if ((USB_PDevice[devinx].Hc.gState == HOST_PASSTHROUGH) && (USB_PDevice[devinx].Hc.PControl.UP
             -ID == REMOTE_HOST_PORT))
                    {       
                      //Use Pdevice as the page buffer receiver
                        index = USB_PDevice[devinx].Hc.PControl.Total_Length-USB_PDevice[devinx].Hc.PControl.Current_Length
             -;
                      }
                      else
              #endif /* #ifdef KVM_EXTENDER_RECEIVER */
1125   2            {
1126   3              index = HCTD_Channel_Table[td_id].Total_Length - HCTD_Channel_Table[td_id].Current_Length;
1127   3            }
1128   2      
1129   2            if (index > HCTD_Channel_Table[td_id].Endp_Size)
1130   2              index = HCTD_Channel_Table[td_id].Endp_Size;
1131   2      
1132   2            USBHC_CtlReceiveData (devinx, td_id, index, 0);
1133   2            USB_PDevice[devinx].Hc.Control.State = CTRL_DATA_IN_WAIT;
1134   2            break;
1135   2          case CTRL_DATA_IN_WAIT:
1136   2            USB_Status = HCTD_Channel_Table[td_id].USB_State;
1137   2      CTRL_DATA_IN_WAIT_RESTART:
1138   2      
1139   2            if (USB_Status == USBH_DONE)
1140   2            {
1141   3              /* Control data in package transfers completed, Exit the State Machine */
1142   3              // copy the buffer content from TD buffer
1143   3              td_offset = USBHC_CORE_TD_Offset(td_id);
1144   3      #ifdef KVM_EXTENDER_RECEIVER
                      //Check curent page remain length
                            if ((USB_PDevice[devinx].Hc.gState == HOST_PASSTHROUGH) && (USB_PDevice[devinx].Hc.PControl.U
             -PID == REMOTE_HOST_PORT))
                      {     
                        //Use Pdevice as the page buffer receiver
                          index = USB_PDevice[devinx].Hc.PControl.Total_Length-USB_PDevice[devinx].Hc.PControl.Current_Lengt
             -h;
C51 COMPILER V9.60.7.0   USBHC_CORE                                                        06/23/2026 16:04:46 PAGE 20  

                        }
                        else
              #endif /* #ifdef KVM_EXTENDER_RECEIVER */
1153   3              {       
1154   4                index = HCTD_Channel_Table[td_id].Total_Length - HCTD_Channel_Table[td_id].Current_Length;
1155   4              }
1156   3              
1157   3              if (index > HCTD_Channel_Table[td_id].ActualByte)
1158   3                index = HCTD_Channel_Table[td_id].ActualByte;
1159   3      
1160   3              USB_PDevice[devinx].timeOutRetryCnt = 0;
1161   3              /*PASSTHROUGH*/
1162   3              if (USB_PDevice[devinx].Hc.gState == HOST_PASSTHROUGH)
1163   3              {
1164   4                //copy data into DC buffer
1165   4                USB_PDevice[devinx].Hc.PControl.Data_Length = index;
1166   4                for (direction=0; direction < index; direction++)
1167   4                {
1168   5      #ifdef KVM_EXTENDER_RECEIVER
                          if (USB_PDevice[devinx].Hc.PControl.UPID == REMOTE_HOST_PORT)
                          {
                            HCTD_Channel_Table[td_id].Buf[direction+(USB_PDevice[devinx].Hc.PControl.Current_Length)] = HCTD_Ta
             -ble.ATL[td_offset].Buf[direction];
                          }
                          else
              #endif  /* #ifdef KVM_EXTENDER_RECEIVER */
1175   5                  {
1176   6                    HCTD_Channel_Table[td_id].Buf[direction] = HCTD_Table.ATL[td_offset].Buf[direction];
1177   6                  }
1178   5                }
1179   4      #if (USB_PASSTHROUGH_DEBUG_MODE)
                        printf("Passtrhough Len=%d,",(U16_T)USB_PDevice[devinx].Hc.PControl.Data_Length);
              #endif
1182   4                USB_PDevice[devinx].Hc.PassThrough_State = PASSTHROUGH_DC_SETUP_DATA_IN; // inform the DC Buffer is r
             -eady to send
1183   4                dc_passthrough = 1;
1184   4              }
1185   3              else
1186   3              {
1187   4                for (direction=0; direction < index ; direction++)
1188   4                {
1189   5                  HCTD_Channel_Table[td_id].Buf[HCTD_Channel_Table[td_id].Current_Length+direction] = HCTD_Table.ATL[t
             -d_offset].Buf[direction];
1190   5                }
1191   4              }
1192   3      
1193   3              // update the length
1194   3              HCTD_Channel_Table[td_id].Current_Length += index;
1195   3              
1196   3              if (HCTD_Channel_Table[td_id].Current_Length < HCTD_Channel_Table[td_id].Total_Length)
1197   3              {
1198   4                //check the last package is size is small than control endp package size
1199   4                if (HCTD_Channel_Table[td_id].ActualByte < USB_PDevice[devinx].ControlEndpSize)
1200   4                {
1201   5                  USB_PDevice[devinx].Hc.Control.State = CTRL_STATUS_OUT;
1202   5                }
1203   4                else
1204   4                {
1205   5                  USB_PDevice[devinx].Hc.Control.State = CTRL_DATA_IN;
1206   5                }
1207   4              }
1208   3              else
C51 COMPILER V9.60.7.0   USBHC_CORE                                                        06/23/2026 16:04:46 PAGE 21  

1209   3              {
1210   4      #if 0
                        if ((dc_passthrough == 0) &&
                          ((HCTD_Channel_Table[td_id].Total_Length % USB_PDevice[devinx].ControlEndpSize) == 0))
                        {
                          USB_PDevice[devinx].Hc.Control.State = CTRL_DATA_LAST_IN;
                        }
                        else
              #endif
1218   4                {
1219   5                  USB_PDevice[devinx].Hc.Control.State = CTRL_STATUS_OUT;
1220   5                }
1221   4              }
1222   3      
1223   3              if (dc_passthrough == 0)
1224   3              {
1225   4                goto HC_ControlHandle_Restart;
1226   4              }
1227   3            }
1228   2            else if (USB_Status == USBH_TIMEOUT)
1229   2            {
1230   3              if (++USB_PDevice[devinx].timeOutRetryCnt > 3)
1231   3              {
1232   4                USB_PDevice[devinx].Hc.Control.State = CTRL_ERROR;
1233   4                goto HC_ControlHandle_Restart;
1234   4              }
1235   3      
1236   3              USB_PDevice[devinx].Hc.Control.State = CTRL_DATA_IN;
1237   3              goto HC_ControlHandle_Restart;
1238   3            }
1239   2            else if (USB_Status == USBH_ERROR)
1240   2            {
1241   3              USB_PDevice[devinx].Hc.Control.State = CTRL_ERROR;
1242   3              goto HC_ControlHandle_Restart;
1243   3            }
1244   2            else if (USB_Status == USBH_STALL)
1245   2            {
1246   3      USBHC_CTRL_DATAIN_STALL1:
1247   3              /* Control transfers completed, Exit the State Machine */
1248   3              USB_PDevice[devinx].Hc.Control.State = CTRL_STALLED; // Vinson ADD ... this is bug 
1249   3              /*PASSTHROUGH*/
1250   3              if (USB_PDevice[devinx].Hc.gState == HOST_PASSTHROUGH)
1251   3              {
1252   4      #if (USB_PASSTHROUGH_DEBUG_MODE)
                        printf("@P@ CTRL_DATA_IN_WAIT->STALL\n\r");
              #endif 
1255   4                USB_PDevice[devinx].Hc.PassThrough_State = PASSTHROUGH_DC_SETUP_STALL;
1256   4                dc_passthrough = 1; 
1257   4              }
1258   3            }
1259   2            else if (USB_Status == USBH_NAKE) // resend the data In again
1260   2            {
1261   3              if (HCTD_Channel_Table[td_id].ActualByte) //since has data in, so just reset the USB_Status
1262   3              {
1263   4                USB_Status = USBH_DONE;
1264   4                goto CTRL_DATA_IN_WAIT_RESTART;
1265   4              }
1266   3      
1267   3              USB_PDevice[devinx].Hc.Control.State = CTRL_DATA_IN;
1268   3              if (++USB_PDevice[devinx].Hc.Control.NakeCnt > USBHC_DATAIN_NAKE_MAX) 
1269   3              {
1270   4                USB_PDevice[devinx].Hc.Control.NakeCnt = 0; // reset the nake counter
C51 COMPILER V9.60.7.0   USBHC_CORE                                                        06/23/2026 16:04:46 PAGE 22  

1271   4                  goto USBHC_CTRL_DATAIN_STALL1;
1272   4              }   
1273   3              goto HC_ControlHandle_Restart;
1274   3            }
1275   2            else if (USB_Status == USBH_DATA_TOGGLE_ERR)// resend the data In again
1276   2            {
1277   3              USB_Status = USBH_DONE;
1278   3              goto CTRL_DATA_IN_WAIT_RESTART;
1279   3            }
1280   2            break;
1281   2      #if 0
                  case CTRL_DATA_LAST_IN:
                    USBHC_CtlReceiveData (devinx, td_id, 0, 0);
                    USB_PDevice[devinx].Hc.Control.State = CTRL_DATA_LAST_IN_WAIT;
                    break;
                  case CTRL_DATA_LAST_IN_WAIT:
                    USB_Status = HCTD_Channel_Table[td_id].USB_State;
                    if (USB_Status == USBH_DONE)
                    {
                      USB_PDevice[devinx].timeOutRetryCnt = 0;
                      USB_PDevice[devinx].Hc.Control.State = CTRL_STATUS_OUT;
                      goto HC_ControlHandle_Restart;
                    }
                    else if (USB_Status == USBH_TIMEOUT ||
                         USB_Status == USBH_NAKE ||
                         USB_Status == USBH_DATA_TOGGLE_ERR)
                    {               
                      if (++USB_PDevice[devinx].timeOutRetryCnt > 1)
                      {
                        USB_PDevice[devinx].timeOutRetryCnt = 0;
                        USB_PDevice[devinx].Hc.Control.State = CTRL_STATUS_OUT;
                        goto HC_ControlHandle_Restart;
                      }
                      USB_PDevice[devinx].Hc.Control.State = CTRL_DATA_LAST_IN;
                      goto HC_ControlHandle_Restart;
                    }
                    else if (USB_Status == USBH_STALL)
                    {       
                      USB_PDevice[devinx].Hc.Control.State = CTRL_STALLED;
                    }
                    else
                    {     
                      USB_PDevice[devinx].timeOutRetryCnt = 0;
                      USB_PDevice[devinx].Hc.Control.State = CTRL_STATUS_OUT;
                      goto HC_ControlHandle_Restart;
                    }
                    break;
              #endif
1319   2          case CTRL_DATA_OUT:
1320   2            /* Start DATA out transfer (only one DATA packet)*/
1321   2            if (USB_PDevice[devinx].Hc.gState == HOST_PASSTHROUGH)
1322   2            {
1323   3              index = USB_PDevice[devinx].Hc.PControl.Data_Length; // only do this package
1324   3      #if (USB_PASSTHROUGH_DEBUG_MODE)
                      /*PASSTHROUGH DEBUG*/
                      printf(" @P_Out@Len=%d,",(U16_T)index);
              #endif
1328   3            }
1329   2            else
1330   2            {
1331   3              index = HCTD_Channel_Table[td_id].Total_Length-HCTD_Channel_Table[td_id].Current_Length;
1332   3            }
C51 COMPILER V9.60.7.0   USBHC_CORE                                                        06/23/2026 16:04:46 PAGE 23  

1333   2            USBHC_CtlSendData(devinx,td_id,index);
1334   2            USB_PDevice[devinx].Hc.Control.State = CTRL_DATA_OUT_WAIT;
1335   2            break;
1336   2      
1337   2          case CTRL_DATA_OUT_WAIT:
1338   2            USB_Status = HCTD_Channel_Table[td_id].USB_State;
1339   2            if (USB_Status == USBH_DONE)
1340   2            {
1341   3              /* If the Setup Pkt is sent successful, then change the state */
1342   3              HCTD_Channel_Table[td_id].Current_Length += HCTD_Channel_Table[td_id].ActualByte;
1343   3              if (HCTD_Channel_Table[td_id].Current_Length < HCTD_Channel_Table[td_id].Total_Length)
1344   3              {
1345   4                USB_PDevice[devinx].Hc.Control.State = CTRL_DATA_OUT;
1346   4              }
1347   3              else
1348   3              {
1349   4                USB_PDevice[devinx].Hc.Control.State = CTRL_STATUS_IN;
1350   4              }
1351   3      
1352   3              if (USB_PDevice[devinx].Hc.gState == HOST_PASSTHROUGH)
1353   3              {
1354   4      #if (USB_PASSTHROUGH_DEBUG_MODE)
                        printf(" @P@ Data Out Done\n\r");
              #endif
1357   4                if (USB_PDevice[devinx].Hc.Control.State == CTRL_DATA_OUT)
1358   4                {
1359   5                  USB_PDevice[devinx].Hc.PassThrough_State = PASSTHROUGH_HC_SETUP_DATA_OUT_DONE;
1360   5                  dc_passthrough = 1;
1361   5      #if (USB_PASSTHROUGH_DEBUG_MODE)
                          printf(" @P@ HC Data OUT DONE\n\r");
              #endif
1364   5                }
1365   4                else
1366   4                {
1367   5                  USB_PDevice[devinx].Hc.PassThrough_State = PASSTHROUGH_DC_SETUP_STATUS_IN;
1368   5      #if (USB_PASSTHROUGH_DEBUG_MODE)
                          printf(" @P@ HC Status IN\n\r");
              #endif
1371   5                  goto HC_ControlHandle_Restart;
1372   5                }
1373   4              }
1374   3              else
1375   3              {
1376   4                goto HC_ControlHandle_Restart;
1377   4              }
1378   3            }
1379   2            /* handle error cases */
1380   2            else if  (USB_Status == USBH_STALL) 
1381   2            {
1382   3              /* In stall case, return to previous machine state*/ 
1383   3              USB_PDevice[devinx].Hc.Control.State = CTRL_STALLED;
1384   3            }
1385   2            else if (USB_Status == USBH_NAKE)
1386   2            {
1387   3              /* Nack received from device */
1388   3              USB_PDevice[devinx].Hc.Control.State = CTRL_DATA_OUT;
1389   3              goto HC_ControlHandle_Restart;
1390   3            }
1391   2            else if (USB_Status == USBH_ERROR)
1392   2            {
1393   3              /* device error */
1394   3              USB_PDevice[devinx].Hc.Control.State = CTRL_ERROR;
C51 COMPILER V9.60.7.0   USBHC_CORE                                                        06/23/2026 16:04:46 PAGE 24  

1395   3              goto HC_ControlHandle_Restart;
1396   3            }
1397   2            break;
1398   2      
1399   2          case CTRL_STATUS_IN:
1400   2            /* Send 0 bytes out packet */
1401   2            USBHC_CtlReceiveData (devinx, td_id, 0, 1);
1402   2            USB_PDevice[devinx].Hc.Control.State = CTRL_STATUS_IN_WAIT;
1403   2            break;
1404   2          case CTRL_STATUS_IN_WAIT:
1405   2            USB_Status = HCTD_Channel_Table[td_id].USB_State;
1406   2            if (USB_Status == USBH_DONE)
1407   2            {
1408   3              /* Control transfers completed, Exit the State Machine */
1409   3              if (USB_PDevice[devinx].Hc.gState == HOST_PASSTHROUGH)
1410   3              {
1411   4                USB_PDevice[devinx].Hc.PassThrough_State = PASSTHROUGH_DC_SETUP_STATUS_IN;//Inform DC status IN, then
             - clear
1412   4              }
1413   3              USB_PDevice[devinx].Hc.Control.State = CTRL_COMPLETE;
1414   3            }
1415   2            else if ((USB_Status == USBH_ERROR) || (USB_Status == USBH_TIMEOUT))
1416   2            {
1417   3              USB_PDevice[devinx].Hc.Control.State = CTRL_ERROR;
1418   3              goto HC_ControlHandle_Restart;
1419   3            }
1420   2            else if (USB_Status == USBH_STALL)
1421   2            {
1422   3              /* Control transfers completed, Exit the State Machine */
1423   3              if (USB_PDevice[devinx].Hc.gState == HOST_PASSTHROUGH)
1424   3              {
1425   4                USB_PDevice[devinx].Hc.PassThrough_State = PASSTHROUGH_DC_SETUP_STALL;
1426   4              }
1427   3              USB_PDevice[devinx].Hc.Control.State = CTRL_STALLED;
1428   3            }
1429   2            else if (USB_Status == USBH_NAKE) // resend the data In again
1430   2            {
1431   3              USB_PDevice[devinx].Hc.Control.State = CTRL_STATUS_IN;
1432   3              if (++USB_PDevice[devinx].Hc.Control.NakeCnt > USBHC_DATAIN_NAKE_MAX)
1433   3              {
1434   4                USB_PDevice[devinx].Hc.Control.NakeCnt = 0; // reset the nake counter
1435   4                  goto USBHC_CTRL_DATAIN_STALL1;
1436   4              }
1437   3              goto HC_ControlHandle_Restart;
1438   3            }
1439   2            else if (USB_Status == USBH_DATA_TOGGLE_ERR)// resend the data In again
1440   2            {
1441   3              /* Control transfers completed, Exit the State Machine */
1442   3              if (USB_PDevice[devinx].Hc.gState == HOST_PASSTHROUGH)
1443   3              {
1444   4                USB_PDevice[devinx].Hc.PassThrough_State = PASSTHROUGH_DC_SETUP_STATUS_IN;//Inform DC status IN, then
             - clear
1445   4              }
1446   3              USB_PDevice[devinx].Hc.Control.State = CTRL_COMPLETE;
1447   3            }
1448   2            // Perform Next Operation
1449   2            break;
1450   2          case CTRL_STATUS_OUT:
1451   2            USBHC_CtlSendData (devinx, td_id, 0);
1452   2            USB_PDevice[devinx].Hc.Control.State = CTRL_STATUS_OUT_WAIT;
1453   2            break;
1454   2          case CTRL_STATUS_OUT_WAIT:
C51 COMPILER V9.60.7.0   USBHC_CORE                                                        06/23/2026 16:04:46 PAGE 25  

1455   2            USB_Status = HCTD_Channel_Table[td_id].USB_State;
1456   2            if (USB_Status == USBH_DONE)
1457   2            {
1458   3              USB_PDevice[devinx].Hc.Control.State = CTRL_COMPLETE;
1459   3              /*PASSTHROUGH*/
1460   3              if (USB_PDevice[devinx].Hc.gState == HOST_PASSTHROUGH)
1461   3                USB_PDevice[devinx].Hc.PassThrough_State = PASSTHROUGH_COMPLETE; //passthrough complete condition
1462   3            }
1463   2            else if (USB_Status == USBH_NAKE)
1464   2            {
1465   3              USB_PDevice[devinx].Hc.Control.State = CTRL_STATUS_OUT;
1466   3              goto HC_ControlHandle_Restart;
1467   3            }
1468   2            else if ((USB_Status == USBH_ERROR)  || (USB_Status == USBH_TIMEOUT))
1469   2            {
1470   3              if (++USB_PDevice[devinx].timeOutRetryCnt > 3)
1471   3              {
1472   4                USB_PDevice[devinx].Hc.Control.State = CTRL_ERROR;
1473   4                goto HC_ControlHandle_Restart;
1474   4              }
1475   3              USB_PDevice[devinx].Hc.Control.State = CTRL_STATUS_OUT;
1476   3              goto HC_ControlHandle_Restart;
1477   3            }
1478   2            break;
1479   2          case CTRL_ERROR:
1480   2            /* 
1481   2              After a halt condition is encountered or an error is detected by the 
1482   2              host, a control endpoint is allowed to recover by accepting the next Setup 
1483   2              PID; i.e., recovery actions via some other pipe are not required for control
1484   2              endpoints. For the Default Control Pipe, a device reset will ultimately be 
1485   2              required to clear the halt or error condition if the next Setup PID is not 
1486   2              accepted.
1487   2            */
1488   2            
1489   2            //Skip task if the device is gone
1490   2            if ((USB_PDevice[devinx].Addr & USBHC_DEVICE_USED_MASK) == 0x00)        
1491   2            { 
1492   3              USB_PDevice[devinx].Hc.Control.ErrorCnt = 0; /* Reset error count */
1493   3              USB_PDevice[devinx].Hc.Control.State = CTRL_FAIL;       
1494   3              break;
1495   3            }
1496   2            
1497   2            if ((++USB_PDevice[devinx].Hc.Control.ErrorCnt) <= USBH_MAX_ERROR_COUNT)
1498   2            {
1499   3              /* Do the transmission again, starting from SETUP Packet */
1500   3              USB_PDevice[devinx].Hc.Control.State = CTRL_SETUP;                
1501   3              TASK_Active(TASK_TYPE_INTERVAL_MS,TASK_USBHC_Handle_Control_ID,td_id,devinx,500,500);  // perform HC I
             -N processing
1502   3              //goto HC_ControlHandle_Restart;  
1503   3              return;
1504   3            }
1505   2            else
1506   2            {
1507   3              USB_PDevice[devinx].Hc.Control.ErrorCnt = 0; /* Reset error count */
1508   3              USB_PDevice[devinx].Hc.Control.State = CTRL_FAIL;       
1509   3            }
1510   2            break;
1511   2          default:
1512   2            break;
1513   2        }
1514   1      
1515   1        if ((USB_PDevice[devinx].Hc.Control.State == CTRL_COMPLETE) || \
C51 COMPILER V9.60.7.0   USBHC_CORE                                                        06/23/2026 16:04:46 PAGE 26  

1516   1          (USB_PDevice[devinx].Hc.Control.State == CTRL_FAIL) || \
1517   1          (USB_PDevice[devinx].Hc.Control.State == CTRL_STALLED)) 
1518   1        {
1519   2          USB_PDevice[devinx].Hc.Control.ErrorCnt = 0; /* Reset error count */
1520   2          USB_PDevice[devinx].Hc.HandleState = HANDLE_IDLE; // escape from control mode
1521   2          switch(USB_PDevice[devinx].Hc.gState)
1522   2          {
1523   3            case HOST_ENUMERATION:
1524   3              TASK_Active(TASK_TYPE_USB,TASK_USBHC_Enumerate_Handle_ID,0x00,devinx,0,0); // Generate the task
1525   3              break;
1526   3            case HOST_HID_CLASS_ENUMERATION:
1527   3              TASK_Active(TASK_TYPE_USB,TASK_USBHC_HID_Class_Enumerate_ID,USB_PDevice[devinx].Hc.Control.InfAddr,dev
             -inx,0,0);
1528   3              break;
1529   3            case HOST_CLASS_ENUMERATION:
1530   3              if (USB_PDevice[devinx].Hc.HUB_EnumState)
1531   3              {
1532   4                USB_Hub_Class_Enumerate_Fork(devinx);
1533   4              }
1534   3              break;
1535   3            case HOST_SCM:
1536   3              TASK_Active(TASK_TYPE_USB,TASK_USBHC_Scm_Handle_ID,0x00,devinx,0,0); 
1537   3              break;
1538   3            case HOST_PASSTHROUGH:
1539   3              if (USB_PDevice[devinx].Hc.Control.State != CTRL_COMPLETE)
1540   3              {
1541   4                USB_PDevice[devinx].Hc.PassThrough_State = PASSTHROUGH_DC_SETUP_STALL;
1542   4              }
1543   3      #ifdef KVM_EXTENDER_RECEIVER
                      if (USB_PDevice[devinx].Hc.PControl.UPID == REMOTE_HOST_PORT)
                      {
                        TASK_Active(TASK_TYPE_EVENT,TASK_USBHC_ExtenderR_PassThrough_ID,0x00,devinx,0,0); //Generate the task
             -, for next Event check
                      }
                      else
                      {
                        TASK_Active(TASK_TYPE_INTERVAL_MS,TASK_USBHC_PassThrough_Handle_ID,0x00,devinx,2,2); //Generate the t
             -ask, for next Event check
                      }
              #else
1553   3              TASK_Active(TASK_TYPE_USB,TASK_USBHC_PassThrough_Handle_ID,0x00,devinx,0,0); //Generate the task, for 
             -next Event check
1554   3      #endif
1555   3              return;
1556   3            case HOST_CLASS_REQUEST:
1557   3              if (USB_PDevice[devinx].Hc.HUB_EnumState)
1558   3              {
1559   4                USB_Hub_Class_Enumerate_Fork(devinx);
1560   4              }
1561   3              break;
1562   3          }
1563   2        }
1564   1      
1565   1        if (dc_passthrough)
1566   1        {
1567   2      #ifdef KVM_EXTENDER_RECEIVER
                  if (USB_PDevice[devinx].Hc.PControl.UPID == REMOTE_HOST_PORT)
                  { 
                      TASK_Active(TASK_TYPE_USB,TASK_USBHC_ExtenderR_PassThrough_ID,0x00,devinx,0,0); //Generate the task,
             - for next Event check       
                    }
                    else
C51 COMPILER V9.60.7.0   USBHC_CORE                                                        06/23/2026 16:04:46 PAGE 27  

                    {
                        TASK_Active(TASK_TYPE_USB,TASK_USBHC_PassThrough_Handle_ID,0x00,devinx,0,0); //Generate the task,
             - for next Event check
                    }   
              #else     
1577   2          TASK_Active(TASK_TYPE_USB,TASK_USBHC_PassThrough_Handle_ID,0x00,devinx,0,0); //Generate the task, for ne
             -xt Event check
1578   2      #endif /* KVM_EXTENDER_RECEIVER */
1579   2        }
1580   1      }
1581          
1582          void USBHC_CORE_SetBit(U8_T *tab,U8_T index,U8_T value)
1583          {
1584   1        U8_T byte,targetbit;
1585   1        
1586   1        byte = index >> 3; // every byte 8 bits
1587   1        targetbit = 0x01 << (index & 0x07);
1588   1        if (value)   // bet bit
1589   1        {
1590   2          tab[byte] |= targetbit;
1591   2        }
1592   1        else
1593   1        {
1594   2          tab[byte] &= ~targetbit;
1595   2        }
1596   1      }
1597          
1598          /**
1599            * @brief  USBHC_CORE_GetBit
1600            *         Handles the USB control transfer state machine
1601            * @param  pdev: Selected device
1602            * @retval Status
1603            */
1604          //U8_T USBHC_CORE_GetBit(U8_T *tab,U8_T index)
1605          //{
1606          //  U8_T byte,targetbit;
1607            
1608          //  byte = index >> 3; // every byte 8 bits
1609          //  targetbit = 0x01 << (index & 0x07);
1610          //  if (tab[byte] & targetbit)
1611          //    return TRUE;
1612          //  else
1613          //    return FALSE;
1614          //}
1615          
1616          /** ----------------------------------------------------------------------------
1617           * void USBHC_ISR_Handle(void)
1618           * Purpose: Handle USB HC isr event
1619           * Params:  NONE
1620           * Returns: NONE
1621           * Note:
1622           * ----------------------------------------------------------------------------*/
1623          void USBHC_ISR_Handle(void)
1624          {
1625   1        U8_T  int_state;
1626   1        U8_T  td_id,devinx,mapbyte,mapbit,target;
1627   1        U8_T  bitmask;
1628   1        U8_T  donemap;
1629   1        U8_T    endaddr = 0;
1630   1        bit   exit_flag;
1631   1        
1632   1        //Get interrupt status from sw fifo
C51 COMPILER V9.60.7.0   USBHC_CORE                                                        06/23/2026 16:04:46 PAGE 28  

1633   1        int_state = USBHC_ISR_FIFO[USBHC_ISRQ_Rp].ISR_State;
1634   1      
1635   1        //Check Operational Interrupt
1636   1        if (int_state & HC_INT_STATE_OPR_SET)
1637   1        {
1638   2          // Check Operation Interrupt Status
1639   2          if (USBHC_ISR_FIFO[USBHC_ISRQ_Rp].OP_ISR_State & HC_OPINT_STATE_RHSC_MAP_MASK) // port status change int
             -errupt
1640   2          {
1641   3            // Check Portx status changed condition
1642   3            USBHC_RootHub_StatusChanged_Handle();
1643   3          }
1644   2        }
1645   1      
1646   1        //Increased the RP pointer
1647   1        if (++USBHC_ISRQ_Rp >= USB_HC_MAX_ISR_FIFO_DEPTH)
1648   1        {
1649   2          USBHC_ISRQ_Rp = 0;
1650   2        }
1651   1        //------------------------------------------------------------------------
1652   1        // TD HANDLE 
1653   1        //------------------------------------------------------------------------
1654   1        //Check ATL Done Interrupt
1655   1        if (int_state & HC_INT_STATE_ATL_SET)
1656   1        {
1657   2      #if (SYSTEM_USBAUDIO_DEVICE_SUPPORT)
                  EXTINT3_DISABLE;
              #endif
1660   2          EXTINT2_DISABLE;
1661   2          USBHC_AtlDoneFlag = 0;
1662   2          _USBHC_HCCIR_SFR(HC_ATL_TDDONE_MAP_REG);
1663   2          _USBHC_HCDR_READ_SFR(TD_ATL_Done_Map[0]);
1664   2          _USBHC_HCDR_READ_SFR(TD_ATL_Done_Map[1]);
1665   2          _USBHC_HCDR_READ_SFR(TD_ATL_Done_Map[2]);
1666   2          _USBHC_HCDR_READ_SFR(TD_ATL_Done_Map[3]);
1667   2          EXTINT2_ENABLE;
1668   2      #if (SYSTEM_USBAUDIO_DEVICE_SUPPORT)
                  EXTINT3_ENABLE;
              #endif
1671   2      
1672   2          //Set Skip MAP First
1673   2      #if (SYSTEM_USBAUDIO_DEVICE_SUPPORT)
                  EXTINT3_DISABLE;
              #endif
1676   2          USBHC_INT_DISABLE;
1677   2          _USBHC_HCDR_SFR(TD_ATL_Skip_Map[0] | TD_ATL_Done_Map[0]);
1678   2          _USBHC_HCDR_SFR(TD_ATL_Skip_Map[1] | TD_ATL_Done_Map[1]);
1679   2          _USBHC_HCDR_SFR(TD_ATL_Skip_Map[2] | TD_ATL_Done_Map[2]);
1680   2          _USBHC_HCDR_SFR(TD_ATL_Skip_Map[3] | TD_ATL_Done_Map[3]);
1681   2          _USBHC_HCCIR_SFR(HC_ATL_TDSKIP_MAP_REG);
1682   2          USBHC_INT_ENABLE;
1683   2      #if (SYSTEM_USBAUDIO_DEVICE_SUPPORT)
                  EXTINT3_ENABLE;
              #endif
1686   2      
1687   2          //Set Do Map
1688   2      #if (SYSTEM_USBAUDIO_DEVICE_SUPPORT)
                  EXTINT3_DISABLE;
              #endif
1691   2          USBHC_INT_DISABLE;
1692   2          _USBHC_HCDR_SFR(TD_ATL_Done_Map[0]);
1693   2          _USBHC_HCDR_SFR(TD_ATL_Done_Map[1]);
C51 COMPILER V9.60.7.0   USBHC_CORE                                                        06/23/2026 16:04:46 PAGE 29  

1694   2          _USBHC_HCDR_SFR(TD_ATL_Done_Map[2]);
1695   2          _USBHC_HCDR_SFR(TD_ATL_Done_Map[3]);
1696   2          _USBHC_HCCIR_SFR(HC_ATL_TDDONE_MAP_REG);
1697   2          USBHC_INT_ENABLE;
1698   2      #if (SYSTEM_USBAUDIO_DEVICE_SUPPORT)
                  EXTINT3_ENABLE;
              #endif
1701   2      
1702   2          exit_flag = 0;
1703   2          for (mapbyte=0; mapbyte < 4 ; mapbyte++)
1704   2          {
1705   3            target = (mapbyte << 3);
1706   3            if (TD_ATL_Done_Map[mapbyte])
1707   3            {
1708   4              bitmask = 0x01;
1709   4              for (mapbit = 0; mapbit < 8; mapbit++)
1710   4              {
1711   5                if (TD_ATL_Done_Map[mapbyte] & bitmask) //if the TD is done
1712   5                {
1713   6                  target = (mapbyte << 3) + mapbit;
1714   6                  if ( target < USB_HC_ATL_MAX)
1715   6                  {             
1716   7                    if ((TD_ATL_Skip_Map[mapbyte] & bitmask) == 0)  //Get skip map
1717   7                    {
1718   8                      TD_ATL_Skip_Map[mapbyte] |= bitmask;
1719   8                      //Check the Bulk Condition
1720   8                      td_id  = target + USB_HC_ATL_START;
1721   8                      devinx = HCTD_Channel_Table[td_id].Used_DeviceID & TD_CHANNEL_DEVICE_ADDRESS_MASK;
1722   8      #if ((SYSTEM_MSC_DEVICE_SUPPORT) && (SYSTEM_USB_HC_BURST))
                              if (target >= USB_HC_MSC_START) 
                              {
                                endaddr = (HCTD_Table.BULK[target-USB_HC_MSC_START].TD.Byte3 & 0xf0) >> 4;
                              }                 
                              else
              #endif
1729   8                      {
1730   9                        endaddr = (HCTD_Table.ATL[target].TD.Byte3 & 0xf0) >> 4;
1731   9                      }
1732   8                      
1733   8                      if (endaddr == 0x00) // Control Endp
1734   8                      {
1735   9                        usbhc_core_ATL_Done_Handle(devinx, target);
1736   9                      }
1737   8      #if (SYSTEM_MSC_DEVICE_SUPPORT)
                              else
                              {
                                if (devinx == USBHC_MSC_Devinx)
                                {
                                  USBHC_BULK_Done_Q[USBHC_ATL_Done_Q_Wp] = (devinx << 5) | target;
                                  if (++USBHC_ATL_Done_Q_Wp >= BULK_DONE_QUEUE_MAX)
                                  {
                                    USBHC_ATL_Done_Q_Wp = 0;
                                  }
                                  if (USBHC_ATL_Done_Q_Wp == USBHC_ATL_Done_Q_Rp)
                                  {
                                    printf("ATL_Done_Queue is FULL!!!\r\n");
                                  }
                                }
                              }
              #endif
1754   8                    }
1755   7        
C51 COMPILER V9.60.7.0   USBHC_CORE                                                        06/23/2026 16:04:46 PAGE 30  

1756   7                    if (exit_flag == 0)
1757   7                    {
1758   8                      TD_ATL_Done_Map[mapbyte] &= ~bitmask;
1759   8                    }
1760   7                    else 
1761   7                    {
1762   8                      break;
1763   8                    }
1764   7                  }
1765   6                  
1766   6                  if (TD_ATL_Done_Map[mapbyte] == 0)
1767   6                  {
1768   7                    break;
1769   7                  }
1770   6                }
1771   5                //Check exit condition
1772   5                if ((target+1) >= USB_HC_ATL_MAX)
1773   5                {
1774   6                  exit_flag = 1;
1775   6                  break;
1776   6                }
1777   5                bitmask = bitmask << 1;
1778   5              }
1779   4            }
1780   3            
1781   3            if (exit_flag && ((target+1) >= USB_HC_ATL_MAX))
1782   3            {
1783   4              break;
1784   4            }
1785   3          }
1786   2        }
1787   1      
1788   1        //Check ISTL0 Done Interrupt
1789   1        //Check Suspend Interrupt
1790   1        if (int_state & HC_INT_STATE_SUS_SET)
1791   1        {
1792   2        }
1793   1      
1794   1        //Check INTL Done Interrupt
1795   1        if (int_state & HC_INT_STATE_INTL_SET)
1796   1        {
1797   2          EXTINT2_DISABLE;
1798   2      #if (SYSTEM_USBAUDIO_DEVICE_SUPPORT)  
                  EXTINT3_DISABLE;
              #endif
1801   2          USBHC_IntlDoneFlag = 0;
1802   2          _USBHC_HCCIR_SFR(HC_INTL_TDDONE_MAP_REG);
1803   2          _USBHC_HCDR_READ_SFR(TD_INTL_Done_Map[0]);
1804   2          _USBHC_HCDR_READ_SFR(TD_INTL_Done_Map[1]);
1805   2          _USBHC_HCDR_READ_SFR(TD_INTL_Done_Map[2]);
1806   2          _USBHC_HCDR_READ_SFR(TD_INTL_Done_Map[3]);
1807   2      #if (SYSTEM_USBAUDIO_DEVICE_SUPPORT)  
                  EXTINT3_ENABLE;
              #endif
1810   2          EXTINT2_ENABLE;
1811   2      
1812   2          for (mapbyte = 0; mapbyte < 4; mapbyte++)
1813   2          {
1814   3            target = mapbyte << 3;
1815   3            donemap =TD_INTL_Done_Map[mapbyte];
1816   3            if (donemap)
1817   3            {
C51 COMPILER V9.60.7.0   USBHC_CORE                                                        06/23/2026 16:04:46 PAGE 31  

1818   4              for (mapbit = 0; mapbit < 8; mapbit++)
1819   4              {
1820   5                if (donemap & BIT_MASK[mapbit]) //if the TD is done
1821   5                {
1822   6                  target = (mapbyte << 3) + mapbit;
1823   6                  donemap &= ~BIT_MASK[mapbit];
1824   6                  devinx = HC_IntTransfer_Table[target].Used_DeviceID & USBHC_TD_DEVICE_ADDR_MASK;
1825   6      
1826   6                  //Process the INTL Input Data 
1827   6                  if (((HCTD_Table.INTL[target].TD.Byte1 & COMPLETEION_CODE_MASK)==COMPLETE_NO_ERROR) || //receive suc
             -cess
1828   6                    ((HCTD_Table.INTL[target].TD.Byte1 & COMPLETEION_CODE_MASK)==COMPLETE_DATA_UNDERRUN)) //receive dat
             -a under-size
1829   6                  {
1830   7                    //1-Take care the interrupt transfer IN direction 
1831   7                    if ((HCTD_Table.INTL[target].TD.Byte5 & TD_DIR_TOKEN_MASK) == TD_DIR_TOKEN_IN)
1832   7                    { //copy data into buffer
1833   8                      USBHC_InterruptTransferIN_Buf(target,devinx,HCTD_Table.INTL[target].TD.Byte0_Actual_Byte);
1834   8                    }
1835   7                  }
1836   6      
1837   6                  //Must Clear the TD Actual Byte
1838   6                  HCTD_Table.INTL[target].TD.Byte0_Actual_Byte = 0;
1839   6                  //Active the TD again//
1840   6                  if ((HCTD_Table.INTL[target].TD.Byte5 & TD_DIR_TOKEN_MASK) == TD_DIR_TOKEN_IN)
1841   6                  {
1842   7                    HCTD_Table.INTL[target].TD.Byte1 |= TD_ACTIVED_MASK;
1843   7                  }
1844   6                  else
1845   6                  {
1846   7                    USBHC_CORE_Set_TD_SkipMap(USBHC_TD_INTL, target, 0x01);
1847   7                  }
1848   6                }
1849   5      
1850   5                if (donemap == 0x00)
1851   5                {
1852   6                  break;
1853   6                }
1854   5              }
1855   4            }
1856   3            
1857   3            if ((target+1) >= USB_HC_INTL_MAX)
1858   3            {
1859   4              break;
1860   4            }
1861   3          }
1862   2      
1863   2          USBHC_Write_Regs(HC_INTL_TDDONE_MAP_REG,TD_INTL_Done_Map,4);  
1864   2        }
1865   1      }
1866           
1867          
1868          /** ----------------------------------------------------------------------------
1869           * void USBHC_CORE_Retrive_USB_State(U8_T td_type,U8_T atl_id,U8_T td_id)
1870           * Purpose: Retrive back the complete code
1871           * Params:  NONE
1872           * Returns: NONE
1873           * Note:
1874           * ----------------------------------------------------------------------------*/
1875          void USBHC_CORE_Retrive_USB_State(U8_T td_type,U8_T atl_id,U8_T td_id)
1876          {
1877   1        USBHC_TD_Header_Typedef *td_header;
C51 COMPILER V9.60.7.0   USBHC_CORE                                                        06/23/2026 16:04:46 PAGE 32  

1878   1      
1879   1        if (td_type == USBHC_TD_ATL)
1880   1        {
1881   2          td_header = &HCTD_Table.ATL[atl_id].TD;
1882   2        }
1883   1      #if ((SYSTEM_MSC_DEVICE_SUPPORT) && (SYSTEM_USB_HC_BURST))
                else if (td_type == USBHC_TD_BULK)
                {
                  atl_id = atl_id - USB_HC_MSC_START; //Get the Bulk Header
                  td_header = &HCTD_Table.BULK[atl_id].TD;
                } 
              #endif
1890   1        else
1891   1        {
1892   2          td_header = &HCTD_Table.INTL[atl_id].TD;
1893   2        }
1894   1      
1895   1        //1.Retrive the Complete code
1896   1        HCTD_Channel_Table[td_id].CompleteCode = td_header->Byte1 & COMPLETEION_CODE_MASK;
1897   1        switch (HCTD_Channel_Table[td_id].CompleteCode) 
1898   1        {
1899   2          case COMPLETE_NO_ERROR: //(0x00)
1900   2            HCTD_Channel_Table[td_id].USB_State = USBH_DONE;
1901   2            break;
1902   2          case COMPLETE_CRC: //(0x10)
1903   2          case COMPLETE_BIT_STUFFING://(0x20)
1904   2          case COMPLETE_PID_CHECK_FAILURE://(0x60)
1905   2          case COMPLETE_UNEXPECTED_PID://(0x70)
1906   2            //printf("HCERROR0=%02bx\n\r",HCTD_Channel_Table[td_id].CompleteCode);
1907   2            USBHC_ErrorState = HCTD_Channel_Table[td_id].CompleteCode;
1908   2            HCTD_Channel_Table[td_id].USB_State = USBH_ERROR;
1909   2            break;
1910   2          case COMPLETE_DATA_TOGGLE_MISMATCH://(0x30)
1911   2            HCTD_Channel_Table[td_id].USB_State = USBH_DATA_TOGGLE_ERR;
1912   2            break;
1913   2          case COMPLETE_STALL://(0x40)
1914   2            HCTD_Channel_Table[td_id].USB_State = USBH_STALL;
1915   2            break;
1916   2          case COMPLETE_DEVICE_NOT_RESPONDING://(0x50)
1917   2            HCTD_Channel_Table[td_id].USB_State = USBH_TIMEOUT;
1918   2            break;
1919   2          case COMPLETE_DATA_NAKE://(0xa0)
1920   2            HCTD_Channel_Table[td_id].USB_State = USBH_NAKE;
1921   2            break;
1922   2          case COMPLETE_DATA_UNDERRUN://(0x90)
1923   2            HCTD_Channel_Table[td_id].USB_State = USBH_DONE;
1924   2            break;
1925   2          case COMPLETE_DATA_OVERRUN://(0x80)
1926   2          case COMPLETE_BUFFER_OVERRUN://(0xc0)
1927   2          case COMPLETE_BUFFER_UNDERRUN://(0xd0)      
1928   2            //printf("HCERROR1=%02bx\n\r",HCTD_Channel_Table[td_id].CompleteCode);
1929   2            USBHC_ErrorState = HCTD_Channel_Table[td_id].CompleteCode;
1930   2            HCTD_Channel_Table[td_id].USB_State = USBH_ERROR;
1931   2            break;
1932   2        }
1933   1      
1934   1        //2.Retrive the actual byte
1935   1        HCTD_Channel_Table[td_id].ActualByte = td_header->Byte0_Actual_Byte;
1936   1        HCTD_Channel_Table[td_id].ActualByte += ((td_header->Byte1 & ACTUAL_BYTE_MSB_MASK) << 8);
1937   1      }
1938          
1939          /** ----------------------------------------------------------------------------
C51 COMPILER V9.60.7.0   USBHC_CORE                                                        06/23/2026 16:04:46 PAGE 33  

1940           * void usbhc_core_ATL_Done_Handle(U8_T devinx, U8_T atl_id)
1941           * Purpose: Process ATL TD done event
1942           * Params:  NONE
1943           * Returns: NONE
1944           * Note:
1945           * ----------------------------------------------------------------------------*/
1946          static void usbhc_core_ATL_Done_Handle(U8_T devinx, U8_T atl_id)
1947          {
1948   1        U8_T  td_id;
1949   1      
1950   1        //Skip task if the device is gone
1951   1        if ((USB_PDevice[devinx].Addr & USBHC_DEVICE_USED_MASK) == 0x00)  // Device is gone  
1952   1        { 
1953   2          return; 
1954   2        }
1955   1        
1956   1        td_id = atl_id + USB_HC_ATL_START;
1957   1        USBHC_CORE_Retrive_USB_State(USBHC_TD_ATL,atl_id,td_id);
1958   1      
1959   1        if (USB_PDevice[devinx].Hc.HandleState == HANDLE_CONTROL)
1960   1        {
1961   2          TASK_Active(TASK_TYPE_USB,TASK_USBHC_Handle_Control_ID,td_id,devinx,0,0); // Generate the task to handle
             - the control 
1962   2        }
1963   1      }
1964          
1965          /** ----------------------------------------------------------------------------
1966           * void USBHC_CORE_Clear_TD_Register(U8_T td_id)
1967           * Purpose: After plug off form hc, clear the relative register in TD
1968           * Params:  NONE
1969           * Returns: NONE
1970           * Note:
1971           * ----------------------------------------------------------------------------*/
1972          void USBHC_CORE_Clear_TD_Register(U8_T td_id)
1973          {
1974   1        U8_T td;
1975   1        
1976   1        // Calculate the position in the td buffer table
1977   1        if (td_id < USB_HC_ISTL_MAX)
1978   1        {
1979   2          // clear ISTL TD
1980   2          USBHC_CORE_Set_TD_SkipMap(USBHC_TD_ISTL, td_id, 0x01);
1981   2        }
1982   1        else if (td_id < (USB_HC_ISTL_MAX + USB_HC_INTL_MAX))
1983   1        {
1984   2          // clear INTL TD
1985   2          td = td_id - USB_HC_ISTL_MAX; // this is the real td id
1986   2      
1987   2          //1.Set ATL skip table on
1988   2          USBHC_CORE_Set_TD_SkipMap(USBHC_TD_INTL, td, 0x01);
1989   2        }
1990   1        else
1991   1        {
1992   2          // clear ATL TD
1993   2          td = td_id - (USB_HC_ISTL_MAX + USB_HC_INTL_MAX); // this is the real td id
1994   2      
1995   2          //1.Set ATL skip table on
1996   2          USBHC_CORE_Set_TD_SkipMap(USBHC_TD_ATL, td, 0x01);
1997   2        }
1998   1      }
1999          
2000          /*
C51 COMPILER V9.60.7.0   USBHC_CORE                                                        06/23/2026 16:04:46 PAGE 34  

2001           * -------------------------------------------------------------------------------------------
2002           * void USBHC_CORE_Clear_Device(void)
2003           * Purpose : Clear device relative table & infromation
2004           * Params  :  
2005           * Returns : none
2006           * Note    : none
2007           * -------------------------------------------------------------------------------------------
2008           */
2009          void USBHC_CORE_Clear_Device(U8_T devinx)
2010          {
2011   1        U8_T index;
2012   1        U8_T prefetch = 0;
2013   1        bit  intl_chagned_flag = 0, vHubClear = 0;
2014   1      
2015   1        printf("Clear Start\b\r");
2016   1        //1.Clear device table
2017   1      #if (SYSTEM_EXTENDER_TRANSMITTER)
                if ((USB_PDevice[devinx].DevAttr & DEVATTR_REMOTE_DEV_MASK) == 0x00) //if not extender remote device
              #endif /*  (SYSTEM_EXTENDER_TRANSMITTER) */
2020   1        {
2021   2          if (USBHC_HUB_Enumerate_Occupy_Flag)
2022   2          {
2023   3            if (USBHC_HUB_Enumerate_Occupy_Devinx == devinx)
2024   3            {
2025   4              USBHC_HUB_Enumerate_Occupy_Flag = 0;
2026   4            }
2027   3          }
2028   2        }
2029   1      
2030   1      #ifdef SYNC 
2031   1        KM_SYNC_Repeat_Active_Force_Stop(devinx); 
2032   1      #endif  
2033   1        
2034   1          //1-1.Clear the DC State
2035   1        if ((devinx < USB_HC_MAX_DEVICE) &&
2036   1          (USBDC_Device[devinx].DevIdx & DC_USED_MASK))
2037   1        {     
2038   2          memset(USBDC_Device[devinx].PassThroughState,PASSTHROUGH_IDLE, USBDC_PORT_MAX);
2039   2          vHubClear = 1;
2040   2        }
2041   1      
2042   1        printf("clar_a ");
2043   1        //1-2.Clear the HC Control Pipe Buffer
2044   1        if (USB_PDevice[devinx].Hc.Control.Buf != 0)
2045   1        {
2046   2              printf("USBHC_CORE_Clear_Device():Dx=%bd,Cb=0x%lx Not NULL!!\n\r",devinx,(U32_T)USB_PDevice[devinx
             -].Hc.Control.Buf);  
2047   2        }
2048   1      
2049   1      #if (SYSTEM_EXTENDER_RECEIVER)
                if (USB_PDevice[devinx].DevClass != USB_HUB_CLASS)
                {
                  if (USB_PDevice[devinx].Hc.Etdr_RejectMountFlag)
                  {
                    USB_PDevice[devinx].Hc.Etdr_RejectMountFlag = 0;
                  }
                  else
                  {
                    if ((USB_PDevice[devinx].DevClass == USB_MSC_CLASS) && USBHC_MSC_DismountFlag)
                    {
                      USBHC_MSC_DismountFlag = 0; //reset dismount flag
                      //printf("DEBUG:Reset MSC DismountFlag\n\r");
C51 COMPILER V9.60.7.0   USBHC_CORE                                                        06/23/2026 16:04:46 PAGE 35  

                    }
                    else
                    {     
                      //if msc device is under remote reset condition
              #if (SYSTEM_MSC_DEVICE_SUPPORT)     
                      if ((USB_PDevice[devinx].DevClass == USB_MSC_CLASS) && USBHC_MSC_Reset_Flag)
                      {
                        //ExtenderR_Remote_MscResetCheck(devinx);
                      }
                      else
              #endif          
                      {   
              #ifndef ONEHID          
                        if (devinx < 8)
                        { 
                          Externder_Receiver_DeviceMount_Control(devinx,VDEV_UNMOUNT,EXTENDER_USB_UNMOUNT);
                        } 
              #endif          
                      } 
                    } 
                    if (devinx < 8)
                    { 
                        Remote_Mount_State &= ~BIT_MASK[devinx];
                      }
                    }
                }
              #endif /* #if (SYSTEM_EXTENDER_RECEIVER) */
2089   1        printf("clar_b ");
2090   1        //1-final.Clear DC relative memory
2091   1        if (USB_PDevice[devinx].DevClass == USB_HUB_CLASS)
2092   1        {
2093   2          if (USBHC_Current_Total_Hub_Count)
2094   2            USBHC_Current_Total_Hub_Count--;
2095   2        }
2096   1        else
2097   1        {
2098   2          if (vHubClear)
2099   2          {
2100   3            USBDC_Free_VDevice_Memory(devinx);
2101   3          }
2102   2        }
2103   1      
2104   1        //2.Free the malloc buffer memory
2105   1        //2_1.Clear HC Descritpro Buffer
2106   1      #if (SYSTEM_USB_PEN_DRIVE_SUPPORT)
                if (devinx == USBDC_VMSC_DEVINX) 
                {
                  goto USBHC_CORE_Clear_Device_HID;
                }
              #endif
2112   1      
2113   1        for (index=0; index < DESC_MAX ; index++)
2114   1        {
2115   2          if (USB_PDevice[devinx].Desc[index].Len)
2116   2          {
2117   3            malloc_free(USB_PDevice[devinx].Desc[index].Ptr);
2118   3          }
2119   2        }
2120   1        
2121   1        printf("clar_c ");
2122   1      #if (SYSTEM_USB_PEN_DRIVE_SUPPORT)
              USBHC_CORE_Clear_Device_HID:
C51 COMPILER V9.60.7.0   USBHC_CORE                                                        06/23/2026 16:04:46 PAGE 36  

              #endif
2125   1        malloc_free(USB_PDevice[devinx].HID_Kb_Buf);
2126   1        malloc_free(USB_PDevice[devinx].HID_Kb_Buf2);
2127   1        malloc_free(USB_PDevice[devinx].HID_Kb_ParserTable);
2128   1        malloc_free(USB_PDevice[devinx].HUB.ReportState);
2129   1      
2130   1        if (USB_PDevice[devinx].DevClass == USB_MSC_CLASS)
2131   1        {
2132   2      #if (SYSTEM_MSC_DEVICE_SUPPORT || SYSTEM_EXTENDER_MSC_SUPPORT)
              #if (SYSTEM_USB_PEN_DRIVE_SUPPORT)
                  if (devinx != USBDC_VMSC_DEVINX) 
              #endif
                  {
              #if (SYSTEM_EXTENDER_RECEIVER)
                    if (USBHC_MSC_Device_Cnt) //over system limition.
                    { 
                        USBHC_MSC_Device_Cnt--;
                    }
              #endif
                  }
                  
              #if (SYSTEM_EXTENDER_RECEIVER) || (SYSTEM_KVM)
                  if (devinx == USBHC_MSC_Devinx)
                  {
                    USBHC_MSC_Bulk_State_Reset(devinx);
                    USBHC_MSC_Active_State &= ~MSC_ACTIVE_REPORT_UMOUNT; //if device has been remove, no answer
                    USBHC_MSC_Devinx = 0xFF;
              #if (SYSTEM_EXTENDER_RECEIVER)      
                    KVM_CurrentMSC = REMOTE_HOST_PORT;
              #else     
                    KVM_CurrentMSC = 0;
              #endif
                    
                    USB_PDevice[devinx].MSC->BOT_State = MSC_BOT_IDLE;
                  }
              #endif //#if (SYSTEM_EXTENDER_RECEIVER)
              
              #if (SYSTEM_EXTENDER_TRANSMITTER)
                  if (devinx == EXTENDER_MSC_Devinx)
                  {
                    EXTENDER_MSC_Devinx = 0xFF;
                    USBHC_MSC_Devinx = 0xFF;
                    KVM_CurrentMSC = EXTENDER_HOST_PORT;
                    USB_PDevice[devinx].MSC->BOT_State = MSC_BOT_IDLE;
              //      printf("T_MSC_Reset\n\r");
                  }
              #endif //#if (SYSTEM_EXTENDER_TRANSMITTER)
              
              #if (SYSTEM_EXTENDER_MSC_SUPPORT)
                  Extender_MSC_Init(0);
              #endif
                  if (USB_PDevice[devinx].MSC != NULL)
                  {
                    malloc_free(USB_PDevice[devinx].MSC->BOT); // Contain 31 byte CBW command header, 13 bytes CSW status h
             -eader    
                    malloc_free(USB_PDevice[devinx].MSC);
                  }
              #endif
2181   2        }
2182   1      #if (SYSTEM_USBAUDIO_DEVICE_SUPPORT)
                else if (USB_PDevice[devinx].DevClass == USB_AUDIO_CLASS)
                {
C51 COMPILER V9.60.7.0   USBHC_CORE                                                        06/23/2026 16:04:46 PAGE 37  

                  if (USBHC_Audio_Device_Cnt)
                  {
                    USBHC_Audio_Device_Cnt--;
                  }
              
                  if (devinx == USBHC_Audio_Devinx)
                  {
                    //Disable prefetch anyway
                    prefetch = DC_IEPPR_DISABLE_SET;
                    for (index = 0; index < USBDC_PORT_MAX; index++)
                    {
                      USBDC_Write_Regs(index, DCIEPPR, &prefetch, 1);
                    }
              
                      if (KVM_Flash.cSystemFlag0 & SYSTEM_AUDIO_REPORT_ALL_MASK)
                      {
                      if (USBHC_Audio_Enumerate_Processing_Flag)
                      {
                        //Diable the mount opreation if the mount task is porcessing
                        TASK_Destory_Task(USBHC_Audio_Enumerate_Task_Id);
                        USBHC_Audio_Enumerate_Processing_Flag = 0;
                      }
                    }
                    
                    USBHC_Audio_Devinx = 0;
                    KVM_CurrentUSBAudio = 0;
                    USBHC_Audio_IN_Flag = 0;
                    USBHC_Audio_IN_Start_Flag = 0;
                  }
                }
              #endif
2216   1        printf("clar_d ");
2217   1      #if defined(HID_PARSER_CORE_KB)
2218   1        if (USB_PDevice[devinx].DevClass == USB_HID_CLASS)
2219   1        {
2220   2          USBHC_HidParser_Memory_Release(devinx);
2221   2        } 
2222   1      #endif
2223   1        printf("clar_e ");
2224   1        //3.Scan ATL TD Table
2225   1        for (index=USB_HC_ATL_START; index < (USB_HC_ATL_START+USB_HC_ATL_MAX); index++)
2226   1        {
2227   2          if (HCTD_Channel_Table[index].Used_DeviceID & USBHC_TD_USED_MASK)
2228   2          {
2229   3            if ((HCTD_Channel_Table[index].Used_DeviceID & USBHC_TD_DEVICE_ADDR_MASK) == devinx)
2230   3            {
2231   4              HCTD_Channel_Table[index].Used_DeviceID = 0;
2232   4              USBHC_CORE_Clear_TD_Register(index);
2233   4            }
2234   3          }
2235   2        }
2236   1      
2237   1        //5.Scan INTL Polling Table
2238   1        for (index = 0; index < USB_HC_INTL_MAX; index++)
2239   1        {
2240   2          if (HC_IntTransfer_Table[index].Used_DeviceID & USBHC_TD_USED_MASK)
2241   2          {
2242   3            if ((HC_IntTransfer_Table[index].Used_DeviceID & USBHC_TD_DEVICE_ADDR_MASK) == devinx)
2243   3            {
2244   4              USBHC_CORE_Clear_TD_Register(index + USB_HC_ISTL_MAX);
2245   4              USBHC_CORE_SetBit(TD_INTL_Reload_Map, index, 0x00); // clear the interrupt auto relaod table
2246   4              //Check interrrupt Buffer
C51 COMPILER V9.60.7.0   USBHC_CORE                                                        06/23/2026 16:04:46 PAGE 38  

2247   4      
2248   4              if (HC_IntTransfer_Table[index].PassControl.BufSize == Hc_PASSTHROUGH_BUF_SIZ) // should release the b
             -uffer
2249   4              {
2250   5                malloc_free(HC_IntTransfer_Table[index].PassControl.Buf);
2251   5                HC_IntTransfer_Table[index].PassControl.Buf = 0;
2252   5              }
2253   4      #if (SYSTEM_EXTENDER_RECEIVER)
                      if (HC_IntTransfer_Table[index].ExtenderR != NULL)  // For Extender Receiver used
                      {
                        malloc_free(HC_IntTransfer_Table[index].ExtenderR);
                        HC_IntTransfer_Table[index].ExtenderR = NULL;
                      }
              #endif /* #if (SYSTEM_EXTENDER_RECEIVER) */
2260   4              HC_IntTransfer_Table[index].Used_DeviceID = 0;
2261   4              intl_chagned_flag = 1;
2262   4            }
2263   3          }
2264   2        }
2265   1      
2266   1        if (intl_chagned_flag)
2267   1        {
2268   2          USBHC_Write_Regs(HC_INT_TD_RELOAD_REG,TD_INTL_Reload_Map,4); // in the final write into intl auto reload
             - register
2269   2        }
2270   1      
2271   1        //6.Scan ISTL Polling Table
2272   1      #if (SYSTEM_USBAUDIO_DEVICE_SUPPORT)
                for (index = 0; index < USB_HC_ISTL_MAX; index++)
                {
                  if ((HC_IsoTransfer_Table[index].Used_DeviceID & USBHC_TD_DEVICE_ADDR_MASK) == devinx)
                  {
                    HC_IsoTransfer_Table[index].Used_DeviceID = 0;
                    USBHC_CORE_Clear_TD_Register(index);
                    USBHC_CORE_SetBit(&TD_ISTL_Reload_Map, index, 0x00);  // clear the isochronous auto relaod table
                    USBHC_Write_Regs(HC_ISTL_TD_RELOAD_REG, &TD_ISTL_Reload_Map, 1); // in the final write into istl auto r
             -eload register
                  }
                }
              #endif
2284   1        printf("clar_f ");
2285   1        //4.Clear Physical device table
2286   1      #if (SYSTEM_USB_PEN_DRIVE_SUPPORT)
                if (devinx != USBDC_VMSC_DEVINX) 
              #endif
2289   1        {
2290   2          if (USBHC_Current_Total_Device_Count && (devinx < USB_HC_MAX_DEVICE))
2291   2          {
2292   3            USBHC_Current_Total_Device_Count--;     
2293   3      #if (SYSTEM_EXTENDER_RECEIVER)        
              #ifdef PWAYTEK_01       
                    ExtenderR_Maintain_DeviceState_Led();
              #endif      
              #endif
2298   3          }
2299   2          memset((U8_T *)&USB_PDevice[devinx],0x00,sizeof(USB_PDevice_TypeDef));
2300   2        }
2301   1      
2302   1        /*Special Handle for USB PEN DRIVE*/
2303   1      #if (SYSTEM_USB_PEN_DRIVE_SUPPORT)
                else
                { // PEN DRIVER STILL IN USED
C51 COMPILER V9.60.7.0   USBHC_CORE                                                        06/23/2026 16:04:46 PAGE 39  

                  USB_PDevice[devinx].Addr |= USBHC_DEVICE_USED_MASK;
                  return;
                }
              #endif
2310   1      
2311   1        if (devinx < USB_HC_MAX_DEVICE && vHubClear)
2312   1        {
2313   2          index = USBDC_Virtual_Hub_Map[devinx].Devinx_HubPort;
2314   2          USBDC_Virtual_Hub_Map[index].HubPort_Devinx = 0;
2315   2          USBDC_Virtual_Hub_Map[devinx].Devinx_HubPort = 0;
2316   2        }
2317   1      
2318   1      #if (SYSTEM_EXTENDER_TRANSMITTER) && (TRANSMITTER_CMD_DEBUG)
                printf(" (T)->TDevinx:%d,Clear Done\n\r",(U16_T)devinx);    
              #endif  /* #if (TRANSMITTER_CMD_DEBUG)  */
2321   1      
2322   1      #if (SYSTEM_EXTENDER_TRANSMITTER) && defined(VIRTUAL_HUB_RESET)       
                USBDC_Virtual_Hub_Reset(KVM_CurrentHost,1);
              #endif
2325   1      }
2326          
2327          /**
2328          * @brief  USBHC_CORE_Build_INTL_Polling
2329          *         Check the device table, and issue the Interrupt TD 
2330          * @param  pdev   : Selected device
2331          * @param  Length : HID Report Descriptor Length
2332          * @retval USBH_Status : Response for USB HID Get Report Descriptor Request
2333          */
2334          void USBHC_CORE_Build_INTL_Polling(U8_T devinx)
2335          {
2336   1        U8_T inf_index,end_index,free_id,interfacenum,endpinx;
2337   1        U16_T endpsiz;
2338   1      #if (SYSTEM_EXTENDER_RECEIVER)  
                U16_T len;
              #endif  
2341   1      
2342   1        interfacenum = USB_PDevice[devinx].InterfaceNum & USBHC_DEVICE_INTERFACENUM_MASK;
2343   1        for (inf_index=0; inf_index < interfacenum; inf_index++) // Check Eache Interface
2344   1        {
2345   2          for (end_index=0; end_index < USB_PDevice[devinx].EndpNum[inf_index]; end_index++) // Check all the endp
             -oint in this interface
2346   2          {
2347   3            if ((USB_PDevice[devinx].EndpType[inf_index][end_index] & USB_EP_TYPE_MASK) == USB_EP_TYPE_INTR) //if e
             -ndpoint is interrupt transfer
2348   3            {
2349   4              //1.Do the Keyboard Buffer Malloc
2350   4              if (USB_PDevice[devinx].InfClass[inf_index] == USB_HID_CLASS)
2351   4              {
2352   5                if (USB_PDevice[devinx].InfProtocol[inf_index] == INF_KEYBOARD)
2353   5                {
2354   6                  if (USBHC_HidParser_Buf_Malloc(devinx,inf_index,end_index) == 0 )
2355   6                  {
2356   7                    //printf("> KVM ERROR:HID Parser Buffer Build FAIL,Dev=%d,Inf=%d\n\r",(U16_T)devinx,(U16_T)end_inde
             -x);
2357   7                    break;
2358   7                  }
2359   6                  USB_PDevice[devinx].HID_Kb_Press_Cnt = 0;
2360   6                }
2361   5                else
2362   5                {
2363   6                  //~~~~~~~~~~~~~~~~~~~~~~~~~~~~~~~~~~~~~~~~~~~~~~~~~~~~~~~~~~~~~~~~~~~~~~~~~~~~~~~~~~~~~~~~~~~~~~~~~
2364   6                  //1.Special handle for Gigabyte
C51 COMPILER V9.60.7.0   USBHC_CORE                                                        06/23/2026 16:04:46 PAGE 40  

2365   6                  if ((USB_PDevice[devinx].idVendor == 0x060b) &&(USB_PDevice[devinx].idProduct == 0x2270))
2366   6                  {
2367   7                    if (USB_PDevice[devinx].InfProtocol[inf_index] == 0x00)
2368   7                    {
2369   8                      USB_PDevice[devinx].HID_Kb_Buf2 = m_malloc(16,1); //for page id 3 & page id 4
2370   8                      if (!USB_PDevice[devinx].HID_Kb_Buf2)
2371   8                        break;
2372   8      
2373   8                      USB_PDevice[devinx].HID_Kb_Press_Cnt = 0;
2374   8                      USB_PDevice[devinx].HID_Gigabyte_Kb_03_Cnt = 0;
2375   8                      USB_PDevice[devinx].HID_Gigabyte_Kb_04_Cnt = 0;
2376   8                      USB_PDevice[devinx].HID_Gigabyte_Kb_03_Flag = 0;
2377   8                    }
2378   7                  }
2379   6                }
2380   5              }
2381   4      
2382   4              //2.Build Interrupt TD
2383   4              if (USBHC_CORE_Alloc_IntTransfer_Table(&free_id))
2384   4              {
2385   5                HC_IntTransfer_Table[free_id].Used_DeviceID  |= devinx;
2386   5                HC_IntTransfer_Table[free_id].InterfaceIdx    = inf_index;
2387   5                HC_IntTransfer_Table[free_id].EndpIdx = end_index;
2388   5      //          HC_IntTransfer_Table[free_id].ErrCnt = 0;
2389   5                HC_IntTransfer_Table[free_id].Control = 0;
2390   5                HC_IntTransfer_Table[free_id].INTL_Num = free_id;
2391   5                HC_IntTransfer_Table[free_id].EndpAddr = USB_PDevice[devinx].EndpAddr[inf_index][end_index];
2392   5                //Get the Endpinx 
2393   5                USBDC_Search_EndpAddr(devinx,HC_IntTransfer_Table[free_id].EndpAddr,&endpinx);
2394   5                if (devinx < USB_HC_MAX_DEVICE)
2395   5                {
2396   6                  USBDC_Device[devinx].EndpType[endpinx]= (USB_EP_TYPE_INTR | (free_id & 0x0f));
2397   6                }
2398   5                endpinx <<= 4;
2399   5                HC_IntTransfer_Table[free_id].EndpIdx |= endpinx;
2400   5      
2401   5                //Store the TD number into Physical device table                              
2402   5                USB_PDevice[devinx].EndpType[inf_index][end_index] |= (free_id & 0x1f);
2403   5                endpsiz = USB_PDevice[devinx].EndpSize[inf_index][end_index];
2404   5      
2405   5                if (USBHC_InterruptReqData(devinx,free_id) == USBH_OK)
2406   5                {
2407   6                  //Create the upstream INTL buffer
2408   6                  if (endpsiz <= 16) //if the interrupt is small than 16 bytes, then used the intl td buffer directly
2409   6                  {
2410   7      #if (SYSTEM_EXTENDER_TRANSMITTER)             
                            if (USB_PDevice[devinx].InfClass[inf_index] == USB_HID_CLASS)
                            {
                              if (USB_PDevice[devinx].InfProtocol[inf_index] == INF_KEYBOARD)             
                              {
                                goto USBHC_HID_BUFFER_MALLOC;
                              }
                            } 
              #endif                
2419   7                    HC_IntTransfer_Table[free_id].PassControl.BufSize = USB_HC_INTL_BUF_SIZE - endpsiz; // buffer total
             - size
2420   7                    HC_IntTransfer_Table[free_id].PassControl.Buf = &HCTD_Table.INTL[free_id].Buf[endpsiz]; // buffer s
             -tart pointer
2421   7                    HC_IntTransfer_Table[free_id].PassControl.State = PASSTHROUGH_BUF_TYPE_TD;
2422   7                  }
2423   6                  else
2424   6                  {
C51 COMPILER V9.60.7.0   USBHC_CORE                                                        06/23/2026 16:04:46 PAGE 41  

2425   7      #if (SYSTEM_EXTENDER_TRANSMITTER)                           
              USBHC_HID_BUFFER_MALLOC:              
              #endif  
2428   7                    HC_IntTransfer_Table[free_id].PassControl.BufSize = Hc_PASSTHROUGH_BUF_SIZ; // buffer total size
2429   7                    HC_IntTransfer_Table[free_id].PassControl.Buf = m_malloc(Hc_PASSTHROUGH_BUF_SIZ,2);
2430   7                    if (HC_IntTransfer_Table[free_id].PassControl.Buf)
2431   7                    {
2432   8                      //printf("Malloc fail in Interrupt,Please Called\n\r");             
2433   8                      HC_IntTransfer_Table[free_id].PassControl.State = PASSTHROUGH_BUF_TYPE_XDAT;
2434   8                    }
2435   7                  }
2436   6                  USBHC_InterruptTD_Transfer_Index_Init(free_id);
2437   6                  //HC_IntTransfer_Table[free_id].PassControl.Rp = 0; 
2438   6                  //HC_IntTransfer_Table[free_id].PassControl.Wp = 0; 
2439   6      
2440   6      #if (SYSTEM_EXTENDER_RECEIVER)
                          //ExtenderR_Malloc_Intr_Buffer(free_id,endpsiz);            
                          len = endpsiz+sizeof(Extender_Packet_Header_Def)+2;
                          HC_IntTransfer_Table[free_id].ExtenderR = m_malloc(len,3);
                          if (HC_IntTransfer_Table[free_id].ExtenderR == NULL)
                          {
                            return;
                          }           
              #endif  /* #if (SYSTEM_EXTENDER_RECEIVER) */
2449   6      
2450   6                  if (USB_PDevice[devinx].InfClass[inf_index] == USB_HUB_CLASS)
2451   6                  {
2452   7                    USB_PDevice[devinx].HUB.IntTD = free_id;// offset TD id of Interrupt Transfer
2453   7                  }
2454   6                }
2455   5              }
2456   4              else
2457   4              {
2458   5                USB_PDevice[devinx].HUB.IntTD = 0xff;// offset TD id of Interrupt Transfer
2459   5              }
2460   4            }
2461   3          }
2462   2          
2463   2          if (USBDC_VHID_DEVINX == devinx)
2464   2          { 
2465   3            USBDC_HID_Inttid[inf_index] = free_id;
2466   3          } 
2467   2        }
2468   1      }
2469          
2470          /*
2471           * -------------------------------------------------------------------------------------------
2472           * void USBHC_CORE_Set_INTL_ReloadMap(void)
2473           * Purpose : Set the INTL Auto Reload Map Register
2474           * Params  :  
2475           * Returns : none
2476           * Note    : none
2477           * -------------------------------------------------------------------------------------------
2478           */
2479          void USBHC_CORE_Set_INTL_ReloadMap(U8_T tdid,U8_T value)
2480          {
2481   1        USBHC_CORE_SetBit(TD_INTL_Reload_Map,tdid,value);
2482   1        USBHC_Write_Regs(HC_INT_TD_RELOAD_REG,TD_INTL_Reload_Map,4);
2483   1      }
2484          
2485          /*
2486           * -------------------------------------------------------------------------------------------
C51 COMPILER V9.60.7.0   USBHC_CORE                                                        06/23/2026 16:04:46 PAGE 42  

2487           * void USBHC_CORE_Suspend(void)
2488           * Purpose : 
2489           * Params  :  
2490           * Returns : none
2491           * Note    : none
2492           * -------------------------------------------------------------------------------------------
2493           */
2494          void USBHC_CORE_Suspend(void)
2495          {
2496   1        U8_T control_reg;
2497   1      
2498   1        EXTINT2_DISABLE;
2499   1      
2500   1      #if (SYSTEM_USBAUDIO_DEVICE_SUPPORT)
                EXTINT3_DISABLE;
              #endif
2503   1        /*Read Back the Register00,first*/
2504   1        _USBHC_HCCIR_SFR(HC_CONTROL_REG);
2505   1        _USBHC_HCDR_READ_SFR(control_reg);
2506   1        control_reg &= ~HCFS_MASK;
2507   1        control_reg |= HCFS_SUSPEND;
2508   1        _USBHC_HCDR_SFR(control_reg);
2509   1        _USBHC_HCCIR_SFR(HC_CONTROL_REG);
2510   1        EXTINT2_ENABLE;
2511   1      
2512   1      #if (SYSTEM_USBAUDIO_DEVICE_SUPPORT)  
                EXTINT3_ENABLE;
              #endif
2515   1      }
2516          
2517          /*-------------------------------------------------------------------------------------------
2518           * void USBHC_CORE_Resume(void)
2519           * Purpose : 
2520           * Params  :  
2521           * Returns : none
2522           * Note    : none
2523           *-------------------------------------------------------------------------------------------*/
2524          void USBHC_CORE_Resmue(void)
2525          {
2526   1        U8_T control_reg;
2527   1      
2528   1        EXTINT2_DISABLE;
2529   1      #if (SYSTEM_USBAUDIO_DEVICE_SUPPORT)
                EXTINT3_DISABLE;
              #endif
2532   1        /*Read Back the Register00,first*/
2533   1        _USBHC_HCCIR_SFR(HC_CONTROL_REG);
2534   1        _USBHC_HCDR_READ_SFR(control_reg);
2535   1        control_reg &= ~HCFS_MASK;
2536   1        control_reg |= HCFS_RESUME;
2537   1        _USBHC_HCDR_SFR(control_reg);
2538   1        _USBHC_HCCIR_SFR(HC_CONTROL_REG);
2539   1        EXTINT2_ENABLE;
2540   1      #if (SYSTEM_USBAUDIO_DEVICE_SUPPORT)
                EXTINT3_ENABLE;
              #endif
2543   1      
2544   1      }
2545          
2546          /*-------------------------------------------------------------------------------------------
2547           * void USBHC_CORE_Build_ISTL_Polling(U8_T devinx)
2548           * Purpose : build the istl tranfer table & ISTL0 relative setting
C51 COMPILER V9.60.7.0   USBHC_CORE                                                        06/23/2026 16:04:46 PAGE 43  

2549           * Params  :  
2550           * Returns : none
2551           * Note    : none
2552           *-------------------------------------------------------------------------------------------*/
2553          void USBHC_CORE_Build_ISTL_Polling(U8_T devinx)
2554          {
2555   1        U8_T  inf_index,end_index,td_id,interfacenum;
2556   1      
2557   1        interfacenum = USB_PDevice[devinx].InterfaceNum & USBHC_DEVICE_INTERFACENUM_MASK;
2558   1        for (inf_index=0; inf_index < interfacenum; inf_index++) // Check Eache Interface
2559   1        {
2560   2          for (end_index=0; end_index < USB_PDevice[devinx].EndpNum[inf_index]; end_index++) // Check all the endp
             -oint in this interface
2561   2          {
2562   3            if ((USB_PDevice[devinx].EndpType[inf_index][end_index] & USB_EP_TYPE_MASK) == USB_EP_TYPE_ISOC) //if e
             -ndpoint is interrupt transfer
2563   3            {
2564   4              /* Check out endpoint direction */
2565   4              if (USB_PDevice[devinx].EndpAddr[inf_index][end_index] & USB_EP_DIR_IN) // IN
2566   4              {
2567   5                td_id = 1; // ISTL[1] td for IN direction
2568   5              }
2569   4              else
2570   4              {       
2571   5                td_id = 0; // ISTL[0] td for OUT direction
2572   5              }
2573   4              
2574   4              /* Request an isochornous software table */
2575   4              if (USBHC_CORE_QueryAlloc_IsoTransfer_Table(td_id) == FALSE)
2576   4              {
2577   5                //printf("No free ISTL can used\n\r");
2578   5                return;
2579   5              }
2580   4      
2581   4              /* Fill the table */
2582   4              HC_IsoTransfer_Table[td_id].Used_DeviceID |= devinx;
2583   4              HC_IsoTransfer_Table[td_id].InterfaceIdx = inf_index;
2584   4              HC_IsoTransfer_Table[td_id].EndpIdx = end_index;
2585   4              HC_IsoTransfer_Table[td_id].EndpAddr = USB_PDevice[devinx].EndpAddr[inf_index][end_index];            
             -    
2586   4              /* Keep the table id in USB_PDevice[] */
2587   4              USB_PDevice[devinx].EndpType[inf_index][end_index] |= (td_id & 0x1f);
2588   4              
2589   4              /* Fill the ISTL TD */
2590   4              USBHC_Istl_ReqData(devinx, td_id);
2591   4      
2592   4              /* Clear the DoneMap */
2593   4              USBHC_CORE_Clear_TD_DoneMap(USBHC_TD_ISTL, td_id);
2594   4            }
2595   3          }
2596   2        }
2597   1      }
2598          
2599          /*-------------------------------------------------------------------------------------------
2600           * void USBHC_CORE_BULK_Done_Handle(U8_T devinx)
2601           * Purpose : Handle the BULK Done event
2602           * Params  :  
2603           * Returns : none
2604           * Note    : none
2605           *-------------------------------------------------------------------------------------------*/
2606          #if (SYSTEM_MSC_DEVICE_SUPPORT)
              void USBHC_CORE_BULK_Done_Handle(void)
C51 COMPILER V9.60.7.0   USBHC_CORE                                                        06/23/2026 16:04:46 PAGE 44  

              {
                U8_T    atl_id;
                U8_T    bulk_id=0;
                U8_T    devinx;
                U8_T    td_id,endpinx;
              #if (SYSTEM_USB_HC_BURST)
                U16_T   actual_byte;
              #endif
                USBH_Status USB_Status; 
                RESULT    Result=USB_SUCCESS;
              
                atl_id = USBHC_BULK_Done_Q[USBHC_ATL_Done_Q_Rp] & 0x1f;
                devinx = (USBHC_BULK_Done_Q[USBHC_ATL_Done_Q_Rp] & 0xe0) >> 5;
                
                //Skip task if the device is gone
                if ((USB_PDevice[devinx].Addr & USBHC_DEVICE_USED_MASK) == 0x00)  // Device is gone  
                {
                  goto USBHC_MSC_Bulk_Done_Handle_Exit;
                }
                
                if (devinx == USBHC_MSC_Devinx)
                {
                  td_id  = atl_id + USB_HC_ATL_START; 
              #if (SYSTEM_USB_HC_BURST)
                  bulk_id = atl_id - USB_HC_MSC_START;
                  USBHC_CORE_Retrive_USB_State(USBHC_TD_BULK, atl_id, td_id);
              #else
                  bulk_id = atl_id;
                  USBHC_CORE_Retrive_USB_State(USBHC_TD_ATL, atl_id, td_id);
              #endif /*SYSTEM_USB_HC_BURST*/
                  /*Check the complete status */
                  USB_Status = HCTD_Channel_Table[td_id].USB_State;
              
              USBHC_MSC_Bulk_Done_Handle_Restart:
                  switch (USB_Status)
                  {
                    case USBH_DONE:
              #if (SYSTEM_USB_HC_BURST)
                #if (SYSTEM_EXTENDER_RECEIVER && SYSTEM_EXTENDER_MSC_SUPPORT)
                      if (KVM_CurrentMSC == REMOTE_HOST_PORT)
                      {
                        Result = ExtenderR_MSC_Burst_Done_Handle(devinx,bulk_id, 0);
                      }
                      else
                #endif //#if (SYSTEM_EXTENDER_RECEIVER)  
                        Result = USBHC_MSC_BOT_Done_Handle(devinx, bulk_id, 0);
              #endif
                      MSC_Nake_Cnt= 0;
                      
                      if (Result == USB_WAIT)
                        return;
                      break;
                    case USBH_NAKE:
                      MSC_Nake_Cnt++;
                      if (MSC_Nake_Cnt < 5000)
                      {                     
                        HCTD_Table.BULK[bulk_id].TD.Byte1 |= (COMPLETEION_CODE_MASK | TD_ACTIVED_MASK); 
                        USBHC_CORE_SetBit(TD_ATL_Skip_Map,(bulk_id+USB_HC_MSC_START),0x00);
                        USBHC_Write_Regs(HC_ATL_TDSKIP_MAP_REG, TD_ATL_Skip_Map, 4);  
                        break; 
                      }
                      else
C51 COMPILER V9.60.7.0   USBHC_CORE                                                        06/23/2026 16:04:46 PAGE 45  

                      {
                        //printf("MSC:USBH_NAKE => Dismount MSC Device\n\r");
                        USB_Status = USBH_DONE;
                        USB_PDevice[devinx].MSC->BOT_State = MSC_BOT_END;
                        HCTD_Table.BULK[bulk_id].TD.Byte0_Actual_Byte = 0;
                        
                        /* Testing */
                        if (USB_PDevice[devinx].DevClass == USB_MSC_CLASS)
                        { 
                          //CPU_SoftReset();
                          USBHC_MSC_DismountFlag = 1;
                        } 
                        
                        goto USBHC_MSC_Bulk_Done_Handle_Restart;
                      }   
              /*                
                      MSC_Nake_Cnt = 0;
                      
                      if (USB_PDevice[devinx].MSC->BOT_State == MSC_BOT_CSW_REQUEST)
                      {
              //          printf("CSW");
                        USB_Status = USBH_DONE;
                        USB_PDevice[devinx].MSC->BOT_State = MSC_BOT_END;
              #if (SYSTEM_USB_HC_BURST)
                        HCTD_Table.BULK[bulk_id].TD.Byte0_Actual_Byte = USBHC_MSC_BOT_CSW_LENGTH;
              #else
                        HCTD_Table.ATL[atl_id].TD.Byte0_Actual_Byte = USBHC_MSC_BOT_CSW_LENGTH;
              #endif
                        goto USBHC_MSC_Bulk_Done_Handle_Restart;
                      }
              */        
                      break;
                    case USBH_TIMEOUT:
                    case USBH_ERROR:
                      //printf("USBH_ERROR:0x%02bx\n\r",USB_Status);
                      if (USB_PDevice[devinx].MSC->BOT_State == MSC_BOT_DATA_IN)
                      {
              #if (SYSTEM_USB_HC_BURST)
                        actual_byte = (U16_T) ((HCTD_Table.BULK[bulk_id].TD.Byte1 & 0x03) << 8) | HCTD_Table.BULK[bulk_id].TD
             -.Byte0_Actual_Byte;
                        printf("Actual_Byte=%d\n\r",actual_byte);
                        if (USB_PDevice[devinx].MSC->Control.Total_Length >= actual_byte)
                        {
                          USB_PDevice[devinx].MSC->Control.Total_Length -= actual_byte;
                        }
                #if (SYSTEM_EXTENDER_RECEIVER && SYSTEM_EXTENDER_MSC_SUPPORT)
                        if (KVM_CurrentMSC == REMOTE_HOST_PORT)
                        {
                          ExtenderR_MSC_Burst_Done_Handle(devinx,bulk_id, 1);
                        }
                        else
                #endif //#if (SYSTEM_EXTENDER_RECEIVER)
                          USBHC_MSC_BOT_Done_Handle(devinx, bulk_id, 1);
              #endif
                        break;
                      }
                      else if (USB_PDevice[devinx].MSC->BOT_State == MSC_BOT_CSW_REQUEST)
                      {
                        USB_Status = USBH_DONE;
                        goto USBHC_MSC_Bulk_Done_Handle_Restart;
                      }
                      else if (USB_PDevice[devinx].MSC->BOT_State == MSC_BOT_END)
C51 COMPILER V9.60.7.0   USBHC_CORE                                                        06/23/2026 16:04:46 PAGE 46  

                      {
                        USB_Status = USBH_DONE;
                        USB_PDevice[devinx].MSC->BOT_State = MSC_BOT_CSW_REQUEST;
                        goto USBHC_MSC_Bulk_Done_Handle_Restart;
                      }
                      break;
                    case USBH_STALL:
                      /* Control transfers completed, Exit the State Machine */
              #if (SYSTEM_USB_HC_BURST)
                      if ((HCTD_Table.BULK[bulk_id].TD.Byte5 & TD_DIR_TOKEN_MASK)==TD_DIR_TOKEN_OUT)
                      {
                        endpinx = USB_PDevice[devinx].MSC->Out_Endpinx;
                        USB_PDevice[devinx].MSC->Toggle_Out = 0;
                      } 
                      else
                      {
                        endpinx = USB_PDevice[devinx].MSC->In_Endpinx;
                        USB_PDevice[devinx].MSC->Toggle_In = 0;
                      }
                      USB_PDevice[devinx].MSC->BOT_State = MSC_BOT_IDLE;
                      //USBHC_MSC_Bulk_Clear_Pipe(devinx, (HCTD_Table.BULK[bulk_id].TD.Byte5 & TD_DIR_TOKEN_MASK));
                      
              #if (SYSTEM_EXTENDER_RECEIVER && SYSTEM_EXTENDER_MSC_SUPPORT)
                      if (KVM_CurrentMSC == REMOTE_HOST_PORT)
                      {
                        if ((HCTD_Table.BULK[bulk_id].TD.Byte5 & TD_DIR_TOKEN_MASK) == TD_DIR_TOKEN_OUT)
                          ExtenderR_PassthroughMscBulkInStall(devinx, TD_DIR_TOKEN_OUT, bulk_id);
                        else
                          ExtenderR_PassthroughMscBulkInStall(devinx, TD_DIR_TOKEN_IN, bulk_id);
                      }
                      else
              #endif //#if (SYSTEM_EXTENDER_RECEIVER && SYSTEM_EXTENDER_MSC_SUPPORT)        
                        USBDC_HAL_Endp_Stalled(KVM_CurrentMSC,devinx,endpinx);
              #endif //#if (SYSTEM_USB_HC_BURST)
                      USBHC_MSC_State |= MSC_STATE_BULK_IN;
                      break;
                    case USBH_DATA_TOGGLE_ERR:
              #if (SYSTEM_USB_HC_BURST == 0)
                      printf("Data Toggle,atl=%d,outp=%d\n\r",(U16_T)atl_id,(U16_T)USBHC_MSC_Td_Outp);
              #endif
                      if (USB_PDevice[devinx].MSC->BOT_State == MSC_BOT_DATA_IN)
                      {
                        USB_Status = USBH_DONE;
                        goto USBHC_MSC_Bulk_Done_Handle_Restart;
                      }
                      break;
                    default:
                      //printf("MSC TD Transmitte ERROR=%02x\n\r",(U16_T)USB_Status);
                      break;
                  }
                }
              
              USBHC_MSC_Bulk_Done_Handle_Exit:
                if (++USBHC_ATL_Done_Q_Rp >= BULK_DONE_QUEUE_MAX)
                {
                  USBHC_ATL_Done_Q_Rp = 0;
                }
              
              }
              #endif
2791          /* End of usbhc_core.c */
2792          
C51 COMPILER V9.60.7.0   USBHC_CORE                                                        06/23/2026 16:04:46 PAGE 47  



MODULE INFORMATION:   STATIC OVERLAYABLE
   CODE SIZE        =   8525    ----
   CONSTANT SIZE    =    117    ----
   XDATA SIZE       =    274      68
   PDATA SIZE       =   ----    ----
   DATA SIZE        =   ----    ----
   IDATA SIZE       =   ----       6
   BIT SIZE         =      3       4
   EDATA SIZE       =   ----    ----
   HDATA SIZE       =   ----    ----
   XDATA CONST SIZE =   ----    ----
   FAR CONST SIZE   =    117    ----
END OF MODULE INFORMATION.


C51 COMPILATION COMPLETE.  0 WARNING(S),  0 ERROR(S)
